id_livre,titre,auteur,categorie,sous_categorie/0,sous_categorie/1,nombre_editions,note_popularite,image_url,sous_categorie/2,sous_categorie/3,sous_categorie/4
0,Les aventures d'Alice au pays des merveilles,Lewis Carroll,La science-fiction,Alice (personnage fictif : Carroll),fiction,3546,354.6,https://covers.openlibrary.org/b/id/10527843-L.jpg,,,
1,Frankenstein ou le Prométhée moderne,Marie Shelley,La science-fiction,Frankenstein (personnage fictif),,2184,218.4,https://covers.openlibrary.org/b/id/12356249-L.jpg,,,
2,Le merveilleux magicien d'Oz,L. Frank Baum,La science-fiction,Sorcières,,2052,205.2,https://covers.openlibrary.org/b/id/552443-L.jpg,,,
3,La machine à voyager dans le temps,H.G. Wells,La science-fiction,Auto-expérimentation en médecine dans la fiction,,1151,115.1,https://covers.openlibrary.org/b/id/9009316-L.jpg,,,
4,Le monde perdu,Arthur Conan Doyle,La science-fiction,Histoires d'aventure,,747,74.7,https://covers.openlibrary.org/b/id/8231444-L.jpg,,,
5,Dracula,Bram Stoker,La science-fiction,Littérature anglaise,,733,73.3,https://covers.openlibrary.org/b/id/12216503-L.jpg,,,
6,Meilleur des Mondes,Aldous Huxley,La science-fiction,Utopies,,695,69.5,https://covers.openlibrary.org/b/id/8231823-L.jpg,,,
7,Le talon de fer,Jack Londres,La science-fiction,Révolutions,fiction,594,59.4,https://covers.openlibrary.org/b/id/8243314-L.jpg,,,
8,L'homme invisible,H.G. Wells,La science-fiction,Science-fiction,,563,56.3,https://covers.openlibrary.org/b/id/6419199-L.jpg,,,
9,Terrain plat,Edwin Abbott Abbott,La science-fiction,Quatrième dimension,,544,54.4,https://covers.openlibrary.org/b/id/10069547-L.jpg,,,
10,La guerre des mondes,H.G. Wells,La science-fiction,Guerres et batailles imaginaires,,462,46.2,https://covers.openlibrary.org/b/id/36314-L.jpg,,,
11,Le Napoléon de Notting Hill,Gilbert Keith Chesterton,La science-fiction,Fiction,,454,45.4,https://covers.openlibrary.org/b/id/6980094-L.jpg,,,
12,Dix-neuf quatre-vingt-quatre,Georges Orwell,La science-fiction,futurologie,,437,43.7,https://covers.openlibrary.org/b/id/9267242-L.jpg,,,
13,Le Tour du Monde en Quatre-Vingts Jours,Jules Verne,La science-fiction,Voyages vers le monde,,425,42.5,https://covers.openlibrary.org/b/id/6976035-L.jpg,,,
14,La princesse et Curdie,Georges MacDonald,La science-fiction,Contes de fées,,415,41.5,https://covers.openlibrary.org/b/id/14357835-L.jpg,,,
15,Vingt mille lieues sous les mers,Jules Verne,La science-fiction,Livres jouets et mobiles,,383,38.3,https://covers.openlibrary.org/b/id/6573517-L.jpg,,,
16,L'étrange cas du Dr Jekyll et de M. Hyde,Robert Louis Stevenson,La science-fiction,Fiction,,359,35.9,https://covers.openlibrary.org/b/id/295773-L.jpg,,,
17,La ceinture empoisonnée,Arthur Conan Doyle,La science-fiction,Professeur Challenger (personnage fictif),,345,34.5,https://covers.openlibrary.org/b/id/5788361-L.jpg,,,
18,L'île du Dr Moreau,H.G. Wells,La science-fiction,Îles,,295,29.5,https://covers.openlibrary.org/b/id/968312-L.jpg,,,
19,Fahrenheit451,Ray Bradbury,La science-fiction,Chien mécanique,,257,25.7,https://covers.openlibrary.org/b/id/12993656-L.jpg,,,
20,L'agent secret,Joseph Conrad,La science-fiction,Anarchistes,fiction,255,25.5,https://covers.openlibrary.org/b/id/8239401-L.jpg,,,
21,La piscine de la Lune,A. Merritt,La science-fiction,Fiction,,227,22.7,https://covers.openlibrary.org/b/id/9317374-L.jpg,,,
22,Au cœur de la Terre et hors des abysses du temps,Edgar Rice Burroughs,La science-fiction,Science-fiction américaine,,223,22.3,https://covers.openlibrary.org/b/id/9317372-L.jpg,,,
23,Le seigneur de guerre de Mars #3,Edgar Rice Burroughs,La science-fiction,Littérature classique,,212,21.2,https://covers.openlibrary.org/b/id/207141-L.jpg,,,
24,Moi,Evgeni Ivanovitch Zamyatin,La science-fiction,Littérature : textes,,210,21,https://covers.openlibrary.org/b/id/5484189-L.jpg,,,
25,De la terre à la lune,Jules Verne,La science-fiction,Fiction européenne continentale (œuvres de fiction d'un seul auteur),,208,20.8,https://covers.openlibrary.org/b/id/5943556-L.jpg,,,
26,"Thuvia, Pucelle de Mars",Edgar Rice Burroughs,La science-fiction,Science-fiction américaine,,207,20.7,https://covers.openlibrary.org/b/id/284442-L.jpg,,,
27,Une princesse de Mars,Edgar Rice Burroughs,La science-fiction,John Carter (personnage fictif),,207,20.7,https://covers.openlibrary.org/b/id/207226-L.jpg,,,
28,Voyage au Centre de la Terre,Jules Verne,La science-fiction,Fiction,,204,20.4,https://covers.openlibrary.org/b/id/5890987-L.jpg,,,
29,Quand le dormeur se réveille,H.G. Wells,La science-fiction,Fiction,,197,19.7,https://covers.openlibrary.org/b/id/574886-L.jpg,,,
30,La nourriture des dieux et comment elle est arrivée sur terre,H.G. Wells,La science-fiction,Fiction,,194,19.4,https://covers.openlibrary.org/b/id/314687-L.jpg,,,
31,Le bois au-delà du monde,William Morris,La science-fiction,Littérature classique,,192,19.2,https://covers.openlibrary.org/b/id/5895767-L.jpg,,,
32,Le conte de la servante,Marguerite Atwood,La science-fiction,bordels,,147,14.7,https://covers.openlibrary.org/b/id/8231851-L.jpg,,,
33,R.U.R. et Le jeu des insectes,Karel Capek,La science-fiction,Drame tchèque,,147,14.7,https://covers.openlibrary.org/b/id/4291026-L.jpg,,,
34,Les Chroniques martiennes,Ray Bradbury,La science-fiction,Science-fiction américaine,,138,13.8,https://covers.openlibrary.org/b/id/9346537-L.jpg,,,
35,Au temps de la comète,H.G. Wells,La science-fiction,Littérature classique,,136,13.6,https://covers.openlibrary.org/b/id/5783892-L.jpg,,,
36,Une orange mécanique,Antoine Burgess,La science-fiction,Bible,,132,13.2,https://covers.openlibrary.org/b/id/13151224-L.jpg,,,
37,Les jeux de la faim,Suzanne Collins,La science-fiction,pauvreté extrême,,132,13.2,https://covers.openlibrary.org/b/id/12646537-L.jpg,,,
38,Un jeu de trônes,George R. R. Martin,La science-fiction,Adulte,,131,13.1,https://covers.openlibrary.org/b/id/9269962-L.jpg,,,
39,Le guide de l'auto-stoppeur dans la galaxie,Douglas Adams,La science-fiction,science-fiction comique,,120,12,https://covers.openlibrary.org/b/id/12986869-L.jpg,,,
40,Dune,Franck Herbert,La science-fiction,Dune (Lieu Imaginaire),,120,12,https://covers.openlibrary.org/b/id/11481354-L.jpg,,,
41,Cela ne peut pas arriver ici,Sinclair Lewis,La science-fiction,Mouvements antifascistes,,119,11.9,https://covers.openlibrary.org/b/id/12719018-L.jpg,,,
42,Sur la plage,Nevil Shute,La science-fiction,Bombe atomique,,119,11.9,https://covers.openlibrary.org/b/id/997896-L.jpg,,,
43,2001,Arthur C.Clarke,La science-fiction,Interaction homme-machine,,116,11.6,https://covers.openlibrary.org/b/id/11344400-L.jpg,,,
44,Les premiers hommes sur la Lune,H.G. Wells,La science-fiction,Littérature classique,,114,11.4,https://covers.openlibrary.org/b/id/8081288-L.jpg,,,
45,Un étrange manuscrit retrouvé dans un cylindre de cuivre,James De Mille,La science-fiction,Fiction canadienne (anglais),ICIS,110,11,https://covers.openlibrary.org/b/id/5647709-L.jpg,,,
46,Charlie et le grand ascenseur de verre,Roald Dahl,La science-fiction,Charlie Bucket (personnage fictif),,108,10.8,https://covers.openlibrary.org/b/id/7893583-L.jpg,,,
47,Le donneur,Loïs Lowry,La science-fiction,Contrôle social,,106,10.6,https://covers.openlibrary.org/b/id/8352502-L.jpg,,,
48,Le navire d'Ishtar,A. Merritt,La science-fiction,la science-fiction,,104,10.4,https://covers.openlibrary.org/b/id/7266552-L.jpg,,,
49,Une ride dans le temps,Madeleine L'Engle,La science-fiction,Amour,,104,10.4,https://covers.openlibrary.org/b/id/8709146-L.jpg,,,
50,Le jeu d'Ender,Carte Orson Scott,La science-fiction,Best-seller du New York Times,,104,10.4,https://covers.openlibrary.org/b/id/12996033-L.jpg,,,
51,Une utopie moderne,H.G. Wells,La science-fiction,Utopies,,102,10.2,https://covers.openlibrary.org/b/id/8232021-L.jpg,,,
52,Prendre feu,Suzanne Collins,La science-fiction,Action/Aventure,,101,10.1,https://covers.openlibrary.org/b/id/12646539-L.jpg,,,
53,Fondation,Isaac Asimov,La science-fiction,Psychohistoire,,97,9.7,https://covers.openlibrary.org/b/id/14612610-L.jpg,,,
54,"Moi, Robot",Isaac Asimov,La science-fiction,campagnes de diffamation,,97,9.7,https://covers.openlibrary.org/b/id/12385229-L.jpg,,,
55,Le Pistolero,Stephen King,La science-fiction,succube,,94,9.4,https://covers.openlibrary.org/b/id/8396638-L.jpg,,,
56,Abattoir-Cinq,Kurt Vonnegut,La science-fiction,science-fiction américaine,,93,9.3,https://covers.openlibrary.org/b/id/12727001-L.jpg,,,
57,Parc Jurassique,Michael Crichton,La science-fiction,dichogamie,,93,9.3,https://covers.openlibrary.org/b/id/12882940-L.jpg,,,
58,Point de tromperie,Dan Brun,La science-fiction,fiction mystérieuse,,92,9.2,https://covers.openlibrary.org/b/id/14553479-L.jpg,,,
59,Les commerçants du temps,André Norton,La science-fiction,Le voyage dans le temps dans la fiction,,91,9.1,https://covers.openlibrary.org/b/id/8311641-L.jpg,,,
60,Navire de la peste,André Norton,La science-fiction,Fiction,la science-fiction,91,9.1,https://covers.openlibrary.org/b/id/9839176-L.jpg,général,,
61,Le restaurant du bout de l'univers,Douglas Adams,La science-fiction,Fiction,,90,9,https://covers.openlibrary.org/b/id/12714921-L.jpg,,,
62,Les androïdes rêvent-ils de moutons électriques ?,Philip K.Dick,La science-fiction,Androïdes,,90,9,https://covers.openlibrary.org/b/id/207515-L.jpg,,,
63,Geai moqueur,Suzanne Collins,La science-fiction,Best-seller du New York Times,,89,8.9,https://covers.openlibrary.org/b/id/6304853-L.jpg,,,
64,Étoile née,André Norton,La science-fiction,Littérature classique,,89,8.9,https://covers.openlibrary.org/b/id/5542954-L.jpg,,,
65,L'assassin aveugle,Marguerite Atwood,La science-fiction,La mort,,89,8.9,https://covers.openlibrary.org/b/id/11041760-L.jpg,,,
66,Divergent,Véronique Roth,La science-fiction,Best-seller du New York Times,,88,8.8,https://covers.openlibrary.org/b/id/13274634-L.jpg,,,
67,La maison verte,Mario Vargas Llosa,La science-fiction,Prostituées,,87,8.7,https://covers.openlibrary.org/b/id/4927546-L.jpg,,,
68,La main gauche des ténèbres,Ursula K. Le Guin,La science-fiction,Science-fiction,,87,8.7,https://covers.openlibrary.org/b/id/10618463-L.jpg,,,
69,La zone morte,Stephen King,La science-fiction,tumeurs cérébrales,,87,8.7,https://covers.openlibrary.org/b/id/14653991-L.jpg,,,
70,Éragon,Christophe Paolini,La science-fiction,Fantaisie,,86,8.6,https://covers.openlibrary.org/b/id/13921600-L.jpg,,,
71,L'Île mystérieuse,Jules Verne,La science-fiction,Livres populaires pour personnes handicapées,,83,8.3,https://covers.openlibrary.org/b/id/1277096-L.jpg,,,
72,L'Homme au Haut Château,Philip K.Dick,La science-fiction,récompense:hugo_award=1963,,83,8.3,https://covers.openlibrary.org/b/id/420452-L.jpg,,,
73,Le stand,Stephen King,La science-fiction,suspense et thriller,,83,8.3,https://covers.openlibrary.org/b/id/9255992-L.jpg,,,
74,Un magicien de Terremer,Ursula K. Le Guin,La science-fiction,Fiction,,82,8.2,https://covers.openlibrary.org/b/id/13617691-L.jpg,,,
75,Fondation et Empire,Isaac Asimov,La science-fiction,Fiction,,80,8,https://covers.openlibrary.org/b/id/9300695-L.jpg,,,
76,Étranger dans un pays étrange,Robert A. Heinlein,La science-fiction,Gagnant du prix Hugo,,80,8,https://covers.openlibrary.org/b/id/14630668-L.jpg,,,
77,La longue-vue ambrée,Philippe Pullman,La science-fiction,Fantaisie,,79,7.9,https://covers.openlibrary.org/b/id/12613246-L.jpg,,,
78,Deuxième Fondation,Isaac Asimov,La science-fiction,Fiction,,79,7.9,https://covers.openlibrary.org/b/id/9261324-L.jpg,,,
79,L'homme qui a mis fin à la guerre,Hollis Godfrey,La science-fiction,Utopies,,78,7.8,https://covers.openlibrary.org/b/id/6379250-L.jpg,,,
80,Fleurs pour Algernon,Daniel Keyes,La science-fiction,institutionnalisation,,78,7.8,https://covers.openlibrary.org/b/id/12947700-L.jpg,,,
81,Tempête sur Warlock,André Norton,La science-fiction,Fiction,la science-fiction,78,7.8,https://covers.openlibrary.org/b/id/9981342-L.jpg,général,,
82,Le monde perdu,Michael Crichton,La science-fiction,prions,,78,7.8,https://covers.openlibrary.org/b/id/10656102-L.jpg,,,
83,Allume-feu,Stephen King,La science-fiction,Génie génétique,,77,7.7,https://covers.openlibrary.org/b/id/12015446-L.jpg,,,
84,L'homme illustré,Ray Bradbury,La science-fiction,Science-fiction américaine,,77,7.7,https://covers.openlibrary.org/b/id/9345484-L.jpg,,,
85,Créateur d'étoiles,Olaf Stapledon,La science-fiction,Fiction,général,77,7.7,https://covers.openlibrary.org/b/id/911107-L.jpg,,,
86,Vol draconique,Anne McCaffrey,La science-fiction,Pern (Lieu Imaginaire),,77,7.7,https://covers.openlibrary.org/b/id/10306696-L.jpg,,,
87,Contes d'espace et de temps,H.G. Wells,La science-fiction,Science-fiction anglaise,,77,7.7,https://covers.openlibrary.org/b/id/5813880-L.jpg,,,
88,Les pièces d'échecs de Mars,Edgar Rice Burroughs,La science-fiction,Littérature classique,,75,7.5,https://covers.openlibrary.org/b/id/1930755-L.jpg,,,
89,Valka est mloky,Karel Capek,La science-fiction,Science-fiction tchèque,,75,7.5,https://covers.openlibrary.org/b/id/4113422-L.jpg,,,
90,Solaris,Stanisław Lem,La science-fiction,Traductions en anglais,,75,7.5,https://covers.openlibrary.org/b/id/12313764-L.jpg,,,
91,Un choc des rois,George R. R. Martin,La science-fiction,Fiction fantastique,,75,7.5,https://covers.openlibrary.org/b/id/8231751-L.jpg,,,
92,"Au revoir, et merci pour tous les poissons",Douglas Adams,La science-fiction,Trilogie des Quatre,,73,7.3,https://covers.openlibrary.org/b/id/11465415-L.jpg,,,
93,Dieux américains,Neil Gaiman,La science-fiction,la science-fiction,,72,7.2,https://covers.openlibrary.org/b/id/8494659-L.jpg,,,
94,Le monde flamboyant,Marguerite Cavendish,La science-fiction,la science-fiction,,72,7.2,https://covers.openlibrary.org/b/id/14634246-L.jpg,,,
95,Derniers et premiers hommes,Olaf Stapledon,La science-fiction,Fiction,la science-fiction,72,7.2,https://covers.openlibrary.org/b/id/911106-L.jpg,général,,
96,La fin de l'enfance,Arthur C.Clarke,La science-fiction,Rencontres humains-extraterrestres,,72,7.2,https://covers.openlibrary.org/b/id/210200-L.jpg,,,
97,La peste écarlate,Jack Londres,La science-fiction,Fiction,,71,7.1,https://covers.openlibrary.org/b/id/9377992-L.jpg,,,
98,Le Martien,Andy Weir,La science-fiction,La science-fiction,,71,7.1,https://covers.openlibrary.org/b/id/11447888-L.jpg,,,
99,Les dépossédés,Ursula K. Le Guin,La science-fiction,Anarchisme,,70,7,https://covers.openlibrary.org/b/id/6979680-L.jpg,,,
100,Clé hors du temps,André Norton,La science-fiction,Fiction juvénile,,70,7,https://covers.openlibrary.org/b/id/4437872-L.jpg,,,
101,Les aventures du capitaine Underpants,David Pilkey,La science-fiction,Histoires humoristiques,,70,7,https://covers.openlibrary.org/b/id/12625278-L.jpg,,,
102,Berceau du chat,Kurt Vonnegut,La science-fiction,Fin du monde,,69,6.9,https://covers.openlibrary.org/b/id/12709654-L.jpg,,,
103,Sur l'écriture,Stephen King,La science-fiction,en écrivant,,69,6.9,https://covers.openlibrary.org/b/id/9255939-L.jpg,,,
104,Messie des dunes,Franck Herbert,La science-fiction,Science-fiction américaine,,69,6.9,https://covers.openlibrary.org/b/id/2421405-L.jpg,,,
105,Un cantique pour Leibowitz,Walter M. Miller Jr.,La science-fiction,Gagnant du prix Hugo,,69,6.9,https://covers.openlibrary.org/b/id/10221348-L.jpg,,,
106,"L'Œil du monde (La Roue du Temps, Tome 1)",Robert Jordan,La science-fiction,série : La Roue du Temps,,69,6.9,https://covers.openlibrary.org/b/id/980232-L.jpg,,,
107,Ubik,Philip K.Dick,La science-fiction,Fiction,,68,6.8,https://covers.openlibrary.org/b/id/5018327-L.jpg,,,
108,"Regard en arrière, 2000-1887",Édouard Bellamy,La science-fiction,Fiction,,68,6.8,https://covers.openlibrary.org/b/id/8246102-L.jpg,,,
109,Triplanétaire,E.D. Smith,La science-fiction,Fiction,général,67,6.7,https://covers.openlibrary.org/b/id/4627686-L.jpg,,,
110,Sphère,Michael Crichton,La science-fiction,vaisseaux spatiaux,,67,6.7,https://covers.openlibrary.org/b/id/9254423-L.jpg,,,
111,Un festin pour les corbeaux,George R. R. Martin,La science-fiction,Best-seller du New York Times,,67,6.7,https://covers.openlibrary.org/b/id/6501256-L.jpg,,,
112,Proie,Michael Crichton,La science-fiction,programmeurs,,65,6.5,https://covers.openlibrary.org/b/id/10984324-L.jpg,,,
113,Hors de la planète silencieuse,CS Lewis,La science-fiction,Linguistes,,65,6.5,https://covers.openlibrary.org/b/id/9321665-L.jpg,,,
114,Abandon galactique,André Norton,La science-fiction,la science-fiction,,65,6.5,https://covers.openlibrary.org/b/id/5542553-L.jpg,,,
115,Chronologie,Michael Crichton,La science-fiction,Fiction,,64,6.4,https://covers.openlibrary.org/b/id/12451613-L.jpg,,,
116,Insurgé,Véronique Roth,La science-fiction,Avenir,,64,6.4,https://covers.openlibrary.org/b/id/7083755-L.jpg,,,
117,La souche Andromède,Michael Crichton,La science-fiction,Science-fiction américaine,,64,6.4,https://covers.openlibrary.org/b/id/9330577-L.jpg,,,
118,"La vie, l'univers et tout",Douglas Adams,La science-fiction,canapés,,64,6.4,https://covers.openlibrary.org/b/id/8569244-L.jpg,,,
119,Harmaguédon 2419 après JC,Philippe Francis Nowlan,La science-fiction,Fiction,la science-fiction,64,6.4,https://covers.openlibrary.org/b/id/8741395-L.jpg,général,,
120,Petit flou,Piper de poutre en H,La science-fiction,Littérature classique,,63,6.3,https://covers.openlibrary.org/b/id/1591936-L.jpg,,,
121,Artemis Fowl et le code de l'éternité,Eoin Colfer,La science-fiction,Best-seller du New York Times,,63,6.3,https://covers.openlibrary.org/b/id/12636263-L.jpg,,,
122,Le jour des Triffides,John Wyndham,La science-fiction,Aveugle,,63,6.3,https://covers.openlibrary.org/b/id/535027-L.jpg,,,
123,Neuromancien,William Gibson,La science-fiction,Autoroute de l’information,,63,6.3,https://covers.openlibrary.org/b/id/283860-L.jpg,,,
124,Chasseur d'étoiles,André Norton,La science-fiction,Fiction,la science-fiction,61,6.1,https://covers.openlibrary.org/b/id/5542981-L.jpg,général,,
125,La planète des singes,Pierre Boulle,La science-fiction,édition en langue française,,61,6.1,https://covers.openlibrary.org/b/id/1009545-L.jpg,,,
126,Cinq semaines en ballon,Jules Verne,La science-fiction,Fiction,,61,6.1,https://covers.openlibrary.org/b/id/6475675-L.jpg,,,
127,La fin de l'éternité,Isaac Asimov,La science-fiction,Voyage dans le temps,,61,6.1,https://covers.openlibrary.org/b/id/6622699-L.jpg,,,
128,mort,Terry Pratchett,La science-fiction,La mort,,60,6,https://covers.openlibrary.org/b/id/14648805-L.jpg,,,
129,Quelque chose de méchant arrive de cette façon,Ray Bradbury,La science-fiction,Garçons,,60,6,https://covers.openlibrary.org/b/id/9346340-L.jpg,,,
130,Rendez-vous avec Rama,Arthur C.Clarke,La science-fiction,Fiction,,60,6,https://covers.openlibrary.org/b/id/13472608-L.jpg,,,
131,Les grottes d'acier,Isaac Asimov,La science-fiction,Robots,,60,6,https://covers.openlibrary.org/b/id/13790511-L.jpg,,,
132,Allégiant,Véronique Roth,La science-fiction,dystopique,,59,5.9,https://covers.openlibrary.org/b/id/7276393-L.jpg,,,
133,Mur rouge,Brian Jacques,La science-fiction,Fiction pour enfants,,59,5.9,https://covers.openlibrary.org/b/id/2325082-L.jpg,,,
134,Soldats de l'espace,Robert A. Heinlein,La science-fiction,Fiction,,59,5.9,https://covers.openlibrary.org/b/id/14630746-L.jpg,,,
135,Le bord de la Fondation,Isaac Asimov,La science-fiction,Fiction,,58,5.8,https://covers.openlibrary.org/b/id/6700720-L.jpg,,,
136,Planète de la casse,Piper de poutre en H,La science-fiction,Fiction,,57,5.7,https://covers.openlibrary.org/b/id/1861004-L.jpg,,,
137,La conquête de Mars par Edison,Garrett Putman Serviss,La science-fiction,Fiction,,57,5.7,https://covers.openlibrary.org/b/id/6460763-L.jpg,,,
138,Le nuage violet,Député Shiel,La science-fiction,Littérature classique,,56,5.6,https://covers.openlibrary.org/b/id/574739-L.jpg,,,
139,Quête du Dragon,Anne McCaffrey,La science-fiction,Pern,,56,5.6,https://covers.openlibrary.org/b/id/12077053-L.jpg,,,
140,Les régulateurs,Stephen King,La science-fiction,la science-fiction,,55,5.5,https://covers.openlibrary.org/b/id/14651906-L.jpg,,,
141,Colomb de l'Espace,Garrett Putman Serviss,La science-fiction,la science-fiction,,55,5.5,https://covers.openlibrary.org/b/id/6121297-L.jpg,,,
142,La guerre dans les airs,H.G. Wells,La science-fiction,Fiction,,54,5.4,https://covers.openlibrary.org/b/id/574890-L.jpg,,,
143,La trilogie de la Fondation,Isaac Asimov,La science-fiction,Science-fiction américaine,,54,5.4,https://covers.openlibrary.org/b/id/6502517-L.jpg,,,
144,En bas et en dehors dans le Royaume Magique,Cory Doctorow,La science-fiction,la science-fiction,,53,5.3,https://covers.openlibrary.org/b/id/524060-L.jpg,,,
145,Premier Lensman,Edward Elmer Smith,La science-fiction,Fiction,la science-fiction,53,5.3,https://covers.openlibrary.org/b/id/929104-L.jpg,général,,
146,Généralement inoffensif,Douglas Adams,La science-fiction,Préfet Ford (Personnage fictif),,53,5.3,https://covers.openlibrary.org/b/id/11465755-L.jpg,,,
147,Rites égaux,Terry Pratchett,La science-fiction,Fantaisie,,52,5.2,https://covers.openlibrary.org/b/id/6925774-L.jpg,,,
148,Atlas haussa les épaules,Ayn Rand,La science-fiction,Fiction,,52,5.2,https://covers.openlibrary.org/b/id/1469506-L.jpg,,,
149,Captain Underpants et l'attaque des toilettes parlantes,David Pilkey,La science-fiction,Histoires d'école,,51,5.1,https://covers.openlibrary.org/b/id/3143468-L.jpg,,,
150,Enfants de Dune,Franck Herbert,La science-fiction,Dune (Lieu Imaginaire),,51,5.1,https://covers.openlibrary.org/b/id/6976407-L.jpg,,,
151,État de peur,Michael Crichton,La science-fiction,conflits d'intérêts,,51,5.1,https://covers.openlibrary.org/b/id/8393255-L.jpg,,,
152,Le soleil nu,Isaac Asimov,La science-fiction,Fiction,,51,5.1,https://covers.openlibrary.org/b/id/6542967-L.jpg,,,
153,Artemis Fowl et l'incident de l'Arctique,Eoin Colfer,La science-fiction,la science-fiction,,50,5,https://covers.openlibrary.org/b/id/8231795-L.jpg,,,
154,Contact,Carl Sagan,La science-fiction,Exploration,,50,5,https://covers.openlibrary.org/b/id/4143957-L.jpg,,,
155,Sur le mouillé,Nevil Shute,La science-fiction,la science-fiction,,49,4.9,https://covers.openlibrary.org/b/id/890082-L.jpg,,,
156,Congo,Michael Crichton,La science-fiction,Kakundakari,,49,4.9,https://covers.openlibrary.org/b/id/10653144-L.jpg,,,
157,Monde en anneau,Larry Niven,La science-fiction,Gagnant du prix Hugo,,49,4.9,https://covers.openlibrary.org/b/id/8999878-L.jpg,,,
158,Petits dieux,Terry Pratchett,La science-fiction,Disque-monde (lieu imaginaire),,49,4.9,https://covers.openlibrary.org/b/id/14648232-L.jpg,,,
159,Oryx et râle,Marguerite Atwood,La science-fiction,Fiction littéraire,,49,4.9,https://covers.openlibrary.org/b/id/12507658-L.jpg,,,
160,L'alouette de l'espace,Edward Elmer Smith,La science-fiction,Fiction,la science-fiction,49,4.9,https://covers.openlibrary.org/b/id/5540850-L.jpg,opéra spatial,,
161,La porte vers l'été,Robert A. Heinlein,La science-fiction,Science-fiction américaine,,49,4.9,https://covers.openlibrary.org/b/id/10118264-L.jpg,,,
162,Canaan noir,Robert E. Howard,La science-fiction,la science-fiction,,48,4.8,https://covers.openlibrary.org/b/id/6620518-L.jpg,,,
163,Podkayne de Mars,Robert A. Heinlein,La science-fiction,Frères et sœurs,,48,4.8,https://covers.openlibrary.org/b/id/14630745-L.jpg,,,
164,Les dieux eux-mêmes,Isaac Asimov,La science-fiction,Fiction en anglais,,48,4.8,https://covers.openlibrary.org/b/id/14839474-L.jpg,,,
165,Une danse avec les dragons,George R. R. Martin,La science-fiction,Best-seller du New York Times,,48,4.8,https://covers.openlibrary.org/b/id/11298743-L.jpg,,,
166,Fondation et Terre,Isaac Asimov,La science-fiction,Fiction,,47,4.7,https://covers.openlibrary.org/b/id/9304027-L.jpg,,,
167,Le passage,Justin Cronin,La science-fiction,FICTION,,47,4.7,https://covers.openlibrary.org/b/id/8261369-L.jpg,,,
168,Captain Underpants et l'invasion des dames incroyablement coquines de la cafétéria venues de l'espace,David Pilkey,La science-fiction,Fiction,,47,4.7,https://covers.openlibrary.org/b/id/277331-L.jpg,,,
169,Ne me laisse jamais partir,Kazuo Ishiguro,La science-fiction,Fiction,,47,4.7,https://covers.openlibrary.org/b/id/1047334-L.jpg,,,
170,Les Hauts de Hurlevent,Emily Brontë,Romance,Fiction britannique et irlandaise (œuvres de fiction d'un seul auteur),,2850,285,https://covers.openlibrary.org/b/id/12818862-L.jpg,,,
171,Emma,Jane Austen,Romance,Vie sociale et coutumes,,2261,226.1,https://covers.openlibrary.org/b/id/9278312-L.jpg,,,
172,Sens et sensibilité,Jane Austen,Romance,Fiction,Romance,2015,201.5,https://covers.openlibrary.org/b/id/9278292-L.jpg,Historique,Régence,
173,Petites femmes,Louisa May Alcott,Romance,Romains,,1887,188.7,https://covers.openlibrary.org/b/id/8775559-L.jpg,,,
174,Анна Каренина,Lev Tolstoï,Romance,Fiction,,1314,131.4,https://covers.openlibrary.org/b/id/2560652-L.jpg,,,
175,Jane Eyre,Charlotte Brontë,Romance,Fiction,,1170,117,https://covers.openlibrary.org/b/id/8235363-L.jpg,,,
176,Abbaye de Northanger,Jane Austen,Romance,Sélection du partenaire,,1011,101.1,https://covers.openlibrary.org/b/id/12567961-L.jpg,,,
177,Ethan Frome,Edith Wharton,Romance,Victimes d'accidents,,1000,100,https://covers.openlibrary.org/b/id/8303480-L.jpg,,,
178,Le Condé de Montecristo,Alexandre Dumas,Romance,France -- Histoire -- 19e siècle -- Fiction,,732,73.2,https://covers.openlibrary.org/b/id/14566393-L.jpg,,,
179,Cavaliers du Sauge Pourpre,Zane Gris,Romance,Fiction,,705,70.5,https://covers.openlibrary.org/b/id/872066-L.jpg,,,
180,La Case de l'oncle Tom,Harriet Beecher-Stowe,Romance,Maître et serviteur,,662,66.2,https://covers.openlibrary.org/b/id/12728198-L.jpg,,,
181,La Pierre de Lune,Wilkie Collins,Romance,Fiction,,637,63.7,https://covers.openlibrary.org/b/id/8237041-L.jpg,,,
182,Femmes amoureuses,D.H. Lawrence,Romance,Romance,,553,55.3,https://covers.openlibrary.org/b/id/13140934-L.jpg,,,
183,Elle,H. Rider hagard,Romance,Fiction en anglais,,499,49.9,https://covers.openlibrary.org/b/id/295537-L.jpg,,,
184,Ce côté du paradis,F. Scott Fitzgerald,Romance,Fiction,,495,49.5,https://covers.openlibrary.org/b/id/8243609-L.jpg,,,
185,Cranford,Elizabeth Cleghorn Gaskell,Romance,Fiction,,473,47.3,https://covers.openlibrary.org/b/id/5188445-L.jpg,,,
186,Cœur des Ténèbres,Joseph Conrad,Romance,Fiction,,464,46.4,https://covers.openlibrary.org/b/id/12307847-L.jpg,,,
187,"Sous l'arbre Greenwood ou, Le cahier Mellstock",Thomas Hardy,Romance,Fiction britannique et irlandaise (œuvres de fiction d'un seul auteur),,425,42.5,https://covers.openlibrary.org/b/id/902186-L.jpg,,,
188,Jude l'Obscur,Thomas Hardy,Romance,Vie sociale et coutumes,,425,42.5,https://covers.openlibrary.org/b/id/12973053-L.jpg,,,
189,Le rouge et le noir,Stendhal,Romance,Fiction,,404,40.4,https://covers.openlibrary.org/b/id/8231413-L.jpg,,,
190,Les forestiers,Thomas Hardy,Romance,Fiction,,392,39.2,https://covers.openlibrary.org/b/id/8243078-L.jpg,,,
191,Les pionniers,James Fenimore Cooper,Romance,Vie de frontière et de pionnier,,378,37.8,https://covers.openlibrary.org/b/id/9000512-L.jpg,,,
192,L'âge de l'innocence,Edith Wharton,Romance,Fiction,,285,28.5,https://covers.openlibrary.org/b/id/11196262-L.jpg,,,
193,Presbytère de Framley,Anthony Trolope,Romance,Fiction,,276,27.6,https://covers.openlibrary.org/b/id/8288051-L.jpg,,,
194,Marguerite Miller,Henri James,Romance,Fiction,,244,24.4,https://covers.openlibrary.org/b/id/6482238-L.jpg,,,
195,Les ambassadeurs,Henri James,Romance,Relations homme-femme,,231,23.1,https://covers.openlibrary.org/b/id/313610-L.jpg,,,
196,Loin de la foule déchaînée,Thomas Hardy,Romance,Fiction,,229,22.9,https://covers.openlibrary.org/b/id/902038-L.jpg,,,
197,Place Washington,Henri James,Romance,Romance,,219,21.9,https://covers.openlibrary.org/b/id/8243278-L.jpg,,,
198,Poirot enquête,Agathe Christie,Romance,Hercule Poirot (personnage fictif),,205,20.5,https://covers.openlibrary.org/b/id/13670505-L.jpg,,,
199,Le retour de l'indigène,Thomas Hardy,Romance,Personnes ayant un handicap visuel,fiction,205,20.5,https://covers.openlibrary.org/b/id/8162989-L.jpg,,,
200,Une chambre avec vue,E. M. Forster,Romance,britannique,,185,18.5,https://covers.openlibrary.org/b/id/1748132-L.jpg,,,
201,Доктор Живаго,Boris Léonidovitch Pasternak,Romance,Fiction,,176,17.6,https://covers.openlibrary.org/b/id/1045432-L.jpg,,,
202,Fin Howards,E. M. Forster,Romance,Fiction,,166,16.6,https://covers.openlibrary.org/b/id/8235207-L.jpg,,,
203,Mort sur le Nil,Agathe Christie,Romance,Belges,,165,16.5,https://covers.openlibrary.org/b/id/14066646-L.jpg,,,
204,50 Cinquante nuances de Grey,E. L. James,Romance,Relations homme-femme,fiction,138,13.8,https://covers.openlibrary.org/b/id/12648183-L.jpg,,,
205,Comment écrire une phrase,Henri James,Romance,Fiction,,136,13.6,https://covers.openlibrary.org/b/id/8236992-L.jpg,,,
206,L'amour dans les moments de la colère,Gabriel García Márquez,Romance,Vie familière,,127,12.7,https://covers.openlibrary.org/b/id/10096404-L.jpg,,,
207,Genji monogatari,Murasaki Shikibu,Romance,Littérature classique,,121,12.1,https://covers.openlibrary.org/b/id/6614001-L.jpg,,,
208,Crépuscule,Stéphanie Meyer,Romance,Best-seller du New York Times,,118,11.8,https://covers.openlibrary.org/b/id/12641977-L.jpg,,,
209,Le mystère du train bleu,Agathe Christie,Romance,Crimes contre,,117,11.7,https://covers.openlibrary.org/b/id/14575533-L.jpg,,,
210,De sang-froid,Truman Capote,Romance,Vrai,,116,11.6,https://covers.openlibrary.org/b/id/228066-L.jpg,,,
211,Comus,John Milton,Romance,Fiction,,111,11.1,https://covers.openlibrary.org/b/id/5622287-L.jpg,,,
212,Le parrain,Mario Puzo,Romance,Histoires policières et mystérieuses,,109,10.9,https://covers.openlibrary.org/b/id/6507069-L.jpg,,,
213,Abel Sánchez,Miguel de Unamuno,Romance,langue espagnole,,108,10.8,https://covers.openlibrary.org/b/id/4902483-L.jpg,,,
214,Auberge de la Jamaïque,Daphné du Maurier,Romance,Fiction,,96,9.6,https://covers.openlibrary.org/b/id/8765960-L.jpg,,,
215,La folie du mort,Agathe Christie,Romance,Fiction,,94,9.4,https://covers.openlibrary.org/b/id/6985969-L.jpg,,,
216,Nuances de gris,E. L. James,Romance,Fiction,Romance,92,9.2,https://covers.openlibrary.org/b/id/14566669-L.jpg,Contemporain,,
217,Nouvelle lune,Stéphanie Meyer,Romance,Vampires,,88,8.8,https://covers.openlibrary.org/b/id/12643406-L.jpg,,,
218,Éclipse,Stéphanie Meyer,Romance,Best-seller du New York Times,,88,8.8,https://covers.openlibrary.org/b/id/12643410-L.jpg,,,
219,Divergent,Véronique Roth,Romance,Best-seller du New York Times,,88,8.8,https://covers.openlibrary.org/b/id/13274634-L.jpg,,,
220,Le fantôme,Arnold Bennett,Romance,Spectres,,85,8.5,https://covers.openlibrary.org/b/id/5877895-L.jpg,,,
221,Cinquante nuances plus sombres,E. L. James,Romance,Domination sexuelle et soumission,fiction,83,8.3,https://covers.openlibrary.org/b/id/14566702-L.jpg,,,
222,Les oiseaux épineux,Colleen McCullough,Romance,Fiction,Romance,79,7.9,https://covers.openlibrary.org/b/id/8293225-L.jpg,,,
223,La Dernière Chronique de Barset,Anthony Trolope,Romance,Le clergé dans la fiction,,78,7.8,https://covers.openlibrary.org/b/id/7334887-L.jpg,,,
224,Le talisman,Monsieur Walter Scott,Romance,chrétien,,77,7.7,https://covers.openlibrary.org/b/id/8239488-L.jpg,,,
225,La faute dans nos étoiles,John Green,Romance,Fiction pour jeunes adultes,,77,7.7,https://covers.openlibrary.org/b/id/7418786-L.jpg,,,
226,Cyprès triste,Agathe Christie,Romance,Fiction,,76,7.6,https://covers.openlibrary.org/b/id/6559532-L.jpg,,,
227,Romans (Emma / Mansfield Park / Northanger Abbey / Persuasion / Orgueil et préjugés / Sens et sensibilité),Jane Austen,Romance,Fiction britannique et irlandaise (œuvres de fiction d'un seul auteur),,75,7.5,https://covers.openlibrary.org/b/id/9276728-L.jpg,,,
228,Ruisseau des Français,Daphné du Maurier,Romance,Fiction,,73,7.3,https://covers.openlibrary.org/b/id/893834-L.jpg,,,
229,Le murmure des chevaux,Nicolas Evans,Romance,Chevaux,,72,7.2,https://covers.openlibrary.org/b/id/14621022-L.jpg,,,
230,Le prix du sel,Patricia Highsmith,Romance,ID de collection : Sleazy_pulp,,72,7.2,https://covers.openlibrary.org/b/id/250778-L.jpg,,,
231,Le bien-aimé,Thomas Hardy,Romance,Fiction,,71,7.1,https://covers.openlibrary.org/b/id/8242184-L.jpg,,,
232,À Torre Negra,Stephen King,Romance,thrillers,,70,7,https://covers.openlibrary.org/b/id/8443630-L.jpg,,,
233,Pelham,"Edward Bulwer Lytton, baron Lytton",Romance,Wainwright,Thomas Griffiths,69,6.9,https://covers.openlibrary.org/b/id/8974809-L.jpg,dans la fiction,,
234,Pouvez-vous lui pardonner ?,Anthony Trolope,Romance,Fiction,,64,6.4,https://covers.openlibrary.org/b/id/8245499-L.jpg,,,
235,Ma vie secrète,Walter,Romance,Littérature classique,,64,6.4,https://covers.openlibrary.org/b/id/6685979-L.jpg,,,
236,Poterie,Rose Macaulay,Romance,Fiction générale et littéraire,,63,6.3,https://covers.openlibrary.org/b/id/14830396-L.jpg,,,
237,Le Vorleser,Bernhard Schlink,Romance,Fiction,,62,6.2,https://covers.openlibrary.org/b/id/998445-L.jpg,,,
238,Les diamants d'Eustache,Anthony Trolope,Romance,Fiction,,62,6.2,https://covers.openlibrary.org/b/id/8242844-L.jpg,,,
239,La coutume du pays,Edith Wharton,Romance,Fiction,,61,6.1,https://covers.openlibrary.org/b/id/9329535-L.jpg,,,
240,Les ailes de la colombe,Henri James,Romance,Fiction,,60,6,https://covers.openlibrary.org/b/id/8241379-L.jpg,,,
241,Ô Mandarim,Eça de Queiroz,Romance,Fiction,nouvelles (un seul auteur),59,5.9,https://covers.openlibrary.org/b/id/3221009-L.jpg,,,
242,Le Dieu des petites choses,Arundhati Roy,Romance,Fiction littéraire,,57,5.7,https://covers.openlibrary.org/b/id/10513792-L.jpg,,,
243,Amérique,Chimamanda Ngozi Adichie,Romance,Nigérians,,56,5.6,https://covers.openlibrary.org/b/id/8474037-L.jpg,,,
244,La cour du ministre,Harriet Beecher-Stowe,Romance,Fiction,,56,5.6,https://covers.openlibrary.org/b/id/1471330-L.jpg,,,
245,Nuit sur l'eau,Ken Follett,Romance,Fiction,,56,5.6,https://covers.openlibrary.org/b/id/8231779-L.jpg,,,
246,Ville et montagnes,Eça de Queiroz,Romance,Fiction,,55,5.5,https://covers.openlibrary.org/b/id/8097148-L.jpg,,,
247,Nichts ist stärker als die Liebe,Danielle Acier,Romance,Fiction,,55,5.5,https://covers.openlibrary.org/b/id/3197725-L.jpg,,,
248,Séta,Alexandre Baricco,Romance,Nouvelle italienne,,54,5.4,https://covers.openlibrary.org/b/id/8345075-L.jpg,,,
249,Le vampire Lestat,Anne Riz,Romance,noblesse,,53,5.3,https://covers.openlibrary.org/b/id/8579529-L.jpg,,,
250,Le cahier,Nicolas Sparks,Romance,Relations homme-femme,fiction,51,5.1,https://covers.openlibrary.org/b/id/7382153-L.jpg,,,
251,Il était une fois l'amour,Danielle Acier,Romance,Fiction,,49,4.9,https://covers.openlibrary.org/b/id/11650648-L.jpg,,,
252,Oryx et râle,Marguerite Atwood,Romance,Fiction littéraire,,49,4.9,https://covers.openlibrary.org/b/id/12507658-L.jpg,,,
253,Ken Ward dans la jungle,Zane Gris,Romance,Fiction,l'aventure des hommes,49,4.9,https://covers.openlibrary.org/b/id/6160786-L.jpg,,,
254,Les enfants du duc,Anthony Trolope,Romance,Vie sociale et coutumes,,48,4.8,https://covers.openlibrary.org/b/id/8246240-L.jpg,,,
255,"Landfall, une histoire de chaîne",Nevil Shute,Romance,Nevil Shute [pseudonyme],,46,4.6,https://covers.openlibrary.org/b/id/9406145-L.jpg,,,
256,La femme du dieu de la cuisine,Amy Tan,Romance,fiction chinoise,,46,4.6,https://covers.openlibrary.org/b/id/6786333-L.jpg,,,
257,Les aperçus de la Lune,Edith Wharton,Romance,Fiction,,46,4.6,https://covers.openlibrary.org/b/id/8277208-L.jpg,,,
258,Évasion royale,Georgette Heyer,Romance,années 1930,,46,4.6,https://covers.openlibrary.org/b/id/14338940-L.jpg,,,
259,Libellule en Ambre,Diana Gabaldon,Romance,Fiction historique,,45,4.5,https://covers.openlibrary.org/b/id/6920490-L.jpg,,,
260,Maîtresse de Mellyn,Victoria Holt,Romance,Fiction,,45,4.5,https://covers.openlibrary.org/b/id/2310666-L.jpg,,,
261,Allumez une bougie d’un sou,Maeve Binchy,Romance,Fiction,,44,4.4,https://covers.openlibrary.org/b/id/5229439-L.jpg,,,
262,Allongez-vous avec les Lions,Ken Follett,Romance,Ken Follett,,44,4.4,https://covers.openlibrary.org/b/id/4147865-L.jpg,,,
263,Quatre,Véronique Roth,Romance,Dystopies,,44,4.4,https://covers.openlibrary.org/b/id/7314248-L.jpg,,,
264,Ecos Del Corazon,Maeve Binchy,Romance,Fiction,,42,4.2,https://covers.openlibrary.org/b/id/3344527-L.jpg,,,
265,Villes de papier,John Green,Romance,Fiction,,41,4.1,https://covers.openlibrary.org/b/id/5731773-L.jpg,,,
266,La femme secrète,Victoria Holt,Romance,danger,,41,4.1,https://covers.openlibrary.org/b/id/7285783-L.jpg,,,
267,Aucun enregistreur à l'aise,Chinua Achebé,Romance,Fiction,,41,4.1,https://covers.openlibrary.org/b/id/6627849-L.jpg,,,
268,Narziss et Goldmund,Hermann Hesse,Romance,Relations enseignant-élève,,41,4.1,https://covers.openlibrary.org/b/id/1016864-L.jpg,,,
269,Tiens le rêve,Barbara Taylor-Bradford,Romance,Fiction nationale,,40,4,https://covers.openlibrary.org/b/id/4195318-L.jpg,,,
270,Le premier homme,Albert Camus,Romance,Matériel en français,,40,4,https://covers.openlibrary.org/b/id/14434985-L.jpg,,,
271,Sushi pour manger,Marian Keyes,Romance,Littérature,,40,4,https://covers.openlibrary.org/b/id/1009414-L.jpg,,,
272,Destinos Errantes,Danielle Acier,Romance,Fiction,,38,3.8,https://covers.openlibrary.org/b/id/10835122-L.jpg,,,
273,Les heures,Michael Cunningham,Romance,Fiction,,38,3.8,https://covers.openlibrary.org/b/id/223032-L.jpg,,,
274,Le Conquérant,Georgette Heyer,Romance,années 1930,,37,3.7,https://covers.openlibrary.org/b/id/6921432-L.jpg,,,
275,Au pied de l'arc-en-ciel,Gene Stratton-Porter,Romance,Fiction,,37,3.7,https://covers.openlibrary.org/b/id/8242249-L.jpg,,,
276,Moi avant toi,Jojo Moyes,Romance,Jeunes femmes,,37,3.7,https://covers.openlibrary.org/b/id/14419339-L.jpg,,,
277,La princesse Casamassima,Henri James,Romance,Vie sociale et coutumes,,37,3.7,https://covers.openlibrary.org/b/id/7141469-L.jpg,,,
278,Le projet Rosie,Graeme Simsion,Romance,Australie,,37,3.7,https://covers.openlibrary.org/b/id/10186221-L.jpg,,,
279,Trois nouveaux exemples et un programme,Miguel de Unamuno,Romance,Traductions en anglais,,37,3.7,https://covers.openlibrary.org/b/id/569618-L.jpg,,,
280,Troupeau tonitruant,Zane Gris,Romance,Comanche,,37,3.7,https://covers.openlibrary.org/b/id/1514198-L.jpg,,,
281,La femme du voyageur temporel,Audrey Niffenegger,Romance,mutants,,36,3.6,https://covers.openlibrary.org/b/id/9273734-L.jpg,,,
282,Illusions honnêtes,Nora Roberts,Romance,Histoires d'amour,Américain,36,3.6,https://covers.openlibrary.org/b/id/1008996-L.jpg,,,
283,Né dans le feu,Nora Roberts,Romance,Histoires d'amour,Américain,36,3.6,https://covers.openlibrary.org/b/id/3197486-L.jpg,,,
284,Thérèse Raquin,Émile Zola,Romance,Adultère,,36,3.6,https://covers.openlibrary.org/b/id/979858-L.jpg,,,
285,Échelle des années,Anne Tyler,Romance,Fiction,,36,3.6,https://covers.openlibrary.org/b/id/3103579-L.jpg,,,
286,Une abondance de Katherines,John Green,Romance,Relations interpersonnelles,fiction,36,3.6,https://covers.openlibrary.org/b/id/14559681-L.jpg,,,
287,De l'eau pour les éléphants,Sara Gruen,Romance,Fiction,,36,3.6,https://covers.openlibrary.org/b/id/6690864-L.jpg,,,
288,Les Amitiés Particulaires,Roger Peyrefitte,Romance,Adolescents gays,,35,3.5,https://covers.openlibrary.org/b/id/6459670-L.jpg,,,
289,Une femme de substance,Barbara Taylor-Bradford,Romance,Fiction,,35,3.5,https://covers.openlibrary.org/b/id/13206767-L.jpg,,,
290,Simon le Cœur Froid (Dynastie Beauvallet #1),Georgette Heyer,Romance,Fiction,,35,3.5,https://covers.openlibrary.org/b/id/6920126-L.jpg,,,
291,Rachel Ray,Anthony Trolope,Romance,Fiction,,35,3.5,https://covers.openlibrary.org/b/id/8244499-L.jpg,,,
292,Caroline Lune,Nora Roberts,Romance,Meurtre,,34,3.4,https://covers.openlibrary.org/b/id/1818530-L.jpg,,,
293,Beauvallet (Dynastie Beauvallet #2),Georgette Heyer,Romance,Fiction,,34,3.4,https://covers.openlibrary.org/b/id/6920952-L.jpg,,,
294,La moissonneuse,Gene Stratton-Porter,Romance,Vie chrétienne,,34,3.4,https://covers.openlibrary.org/b/id/4115711-L.jpg,,,
295,Une cour d'épines et de roses,Sarah J.Maas,Romance,Fantaisie,,34,3.4,https://covers.openlibrary.org/b/id/8738585-L.jpg,,,
296,Le lierre,Marie Stewart,Romance,Personnes disparues,,33,3.3,https://covers.openlibrary.org/b/id/1875359-L.jpg,,,
297,Mémorial de Aires (Classicos Da Literatura Brasileira),Joaquim María Machado de Assis,Romance,Fiction,général,33,3.3,https://covers.openlibrary.org/b/id/2664649-L.jpg,,,
298,Richesses cachées,Nora Roberts,Romance,Histoires d'amour,Américain,33,3.3,https://covers.openlibrary.org/b/id/3202659-L.jpg,,,
299,À première vue,Nicolas Sparks,Romance,Fiction,attente,32,3.2,https://covers.openlibrary.org/b/id/497022-L.jpg,,,
300,Haut midi,Nora Roberts,Romance,Choix du personnel de la bibliothèque ouverte,,32,3.2,https://covers.openlibrary.org/b/id/5372465-L.jpg,,,
301,Jungle de rouge à lèvres,Candace Bushnell,Romance,Femmes,,32,3.2,https://covers.openlibrary.org/b/id/12726447-L.jpg,,,
302,"204 Rosewood Lane (Cedar Cove, tome 2)",Debbie Macomber,Romance,Fiction,,32,3.2,https://covers.openlibrary.org/b/id/771674-L.jpg,,,
303,Romans (Emma / Lady Susan / Mansfield Park / Northanger Abbey / Persuasion / Orgueil et préjugés / Sens et sensibilité),Jane Austen,Romance,Fiction britannique et irlandaise (œuvres de fiction d'un seul auteur),,31,3.1,https://covers.openlibrary.org/b/id/9277892-L.jpg,,,
304,La chronique de l'agonie,Earl Derr Biggers,Romance,Charlie Chan (personnage fictif),,31,3.1,https://covers.openlibrary.org/b/id/5735203-L.jpg,,,
305,Le jardin de Suzanne,Debbie Macomber,Romance,Femmes d'âge moyen,,31,3.1,https://covers.openlibrary.org/b/id/531936-L.jpg,,,
306,Les Hauts de Hurlevent et Agnès Gray,Emily Brontë,Romance,Fiction britannique et irlandaise (œuvres de fiction d'un seul auteur),,31,3.1,https://covers.openlibrary.org/b/id/14418166-L.jpg,,,
307,La fracture,Nicolas Evans,Romance,Écoterrorisme,,31,3.1,https://covers.openlibrary.org/b/id/14621188-L.jpg,,,
308,Né dans la glace,Nora Roberts,Romance,Relations homme-femme,,31,3.1,https://covers.openlibrary.org/b/id/6975928-L.jpg,,,
309,Réclamez-moi fort,Vanessa Valé,Romance,Série:Bridgewater_County,,30,3,https://covers.openlibrary.org/b/id/12019620-L.jpg,,,
310,Ciel et Terre,Nora Roberts,Romance,Fiction,,30,3,https://covers.openlibrary.org/b/id/319246-L.jpg,,,
311,Port de sécurité,Danielle Acier,Romance,Littérature,,30,3,https://covers.openlibrary.org/b/id/240011-L.jpg,,,
312,"16, chemin du Phare",Debbie Macomber,Romance,Washington (État),fiction,30,3,https://covers.openlibrary.org/b/id/4691614-L.jpg,,,
313,Le Rien de tel,Georgette Heyer,Romance,Choix du personnel de la bibliothèque ouverte,,30,3,https://covers.openlibrary.org/b/id/221924-L.jpg,,,
314,Port intérieur,Nora Roberts,Romance,Fiction nationale,,30,3,https://covers.openlibrary.org/b/id/3202516-L.jpg,,,
315,Planète patchwork,Anne Tyler,Romance,Fiction,,30,3,https://covers.openlibrary.org/b/id/71340-L.jpg,,,
316,Histoire d'amour,Érich Segal,Romance,Étudiants du Collège,,30,3,https://covers.openlibrary.org/b/id/5004689-L.jpg,,,
317,Prends-moi vite,Vanessa Valé,Romance,Fiction,romance,29,2.9,https://covers.openlibrary.org/b/id/12084599-L.jpg,général,,
318,Fort de Serrez-Moi,Vanessa Valé,Romance,Série:Bridgewater_County,,29,2.9,https://covers.openlibrary.org/b/id/12039263-L.jpg,,,
319,Embrasse-moi fou,Vanessa Valé,Romance,Fiction,romance,29,2.9,https://covers.openlibrary.org/b/id/11277426-L.jpg,général,,
320,Vraies trahisons,Nora Roberts,Romance,années 1990,,29,2.9,https://covers.openlibrary.org/b/id/3886218-L.jpg,,,
321,Autobiographie de ma mère,Jamaïque Kincaid,Romance,Fiction,,29,2.9,https://covers.openlibrary.org/b/id/3103690-L.jpg,,,
322,De retour sur Blossom Street,Debbie Macomber,Romance,Roman relationnel,,29,2.9,https://covers.openlibrary.org/b/id/2815386-L.jpg,,,
323,Acte de foi,Danielle Acier,Romance,Américains,,29,2.9,https://covers.openlibrary.org/b/id/371493-L.jpg,,,
324,Le pain du géant,Agathe Christie,Romance,Compositeurs,,29,2.9,https://covers.openlibrary.org/b/id/6623710-L.jpg,,,
325,Romans (Orgueil et préjugés / Sens et sensibilité),Jane Austen,Romance,Fiction britannique et irlandaise (œuvres de fiction d'un seul auteur),,28,2.8,https://covers.openlibrary.org/b/id/12728748-L.jpg,,,
326,Fais-moi tien,Vanessa Valé,Romance,Série:Bridgewater_County,,28,2.8,https://covers.openlibrary.org/b/id/11570200-L.jpg,,,
327,Une paix deuxième G.H.,Clarisse Lispector,Romance,Romance,,28,2.8,https://covers.openlibrary.org/b/id/4141933-L.jpg,,,
328,Les anges tombent,Nora Roberts,Romance,Choix du personnel de la bibliothèque ouverte,,28,2.8,https://covers.openlibrary.org/b/id/1397491-L.jpg,,,
329,Danse des Dieux,Nora Roberts,Romance,Vampires,,28,2.8,https://covers.openlibrary.org/b/id/319516-L.jpg,,,
330,Sorcière noire,Nora Roberts,Romance,Américains en Irlande - Fiction,,28,2.8,https://covers.openlibrary.org/b/id/7621299-L.jpg,,,
331,La maison incendiée,Faye Kellerman,Romance,Fiction,,27,2.7,https://covers.openlibrary.org/b/id/4943234-L.jpg,,,
332,Monsieur Longe De Bœuf,Vanessa Valé,Romance,Série:Grade-A_Beefcakes,,27,2.7,https://covers.openlibrary.org/b/id/11604929-L.jpg,,,
333,Délices de la montagne,Vanessa Valé,Romance,Série:Wild_Mountain_Men,,27,2.7,https://covers.openlibrary.org/b/id/12084842-L.jpg,,,
334,Frères de sang,Nora Roberts,Romance,Histoires d'amour,Américain,27,2.7,https://covers.openlibrary.org/b/id/7246357-L.jpg,,,
335,La trilogie Hunger Games (Hunger Games / Catching Fire / Mockingjay),Suzanne Collins,Romance,Romance,,27,2.7,https://covers.openlibrary.org/b/id/12878880-L.jpg,,,
336,Le secret d'Emma,Barbara Taylor-Bradford,Romance,Fiction,,27,2.7,https://covers.openlibrary.org/b/id/1957559-L.jpg,,,
337,El amante japonés,Isabelle Allende,Romance,San Francisco (Californie),fiction,27,2.7,https://covers.openlibrary.org/b/id/7435439-L.jpg,,,
338,Ténèbres de la montagne,Vanessa Valé,Romance,Série:Wild_Mountain_Men,,26,2.6,https://covers.openlibrary.org/b/id/10620744-L.jpg,,,
339,Mouton noir,Georgette Heyer,Romance,années 1960,,26,2.6,https://covers.openlibrary.org/b/id/4963234-L.jpg,,,
340,Orgueil et préjugés,Jane Austen,Histoire,Fiction,Romance,4036,403.6,https://covers.openlibrary.org/b/id/14348537-L.jpg,Historique,Régence,
341,Les aventures d'Alice au pays des merveilles,Lewis Carroll,Histoire,Alice (personnage fictif : Carroll),fiction,3546,354.6,https://covers.openlibrary.org/b/id/10527843-L.jpg,,,
342,Bible,Bible,Histoire,Manuscrits,Latin (médiéval et moderne),3172,317.2,https://covers.openlibrary.org/b/id/12707846-L.jpg,,,
343,La photo de Dorian Gray,Oscar Wilde,Histoire,Fiction britannique et irlandaise (œuvres de fiction d'un seul auteur),,3006,300.6,https://covers.openlibrary.org/b/id/14314858-L.jpg,,,
344,Un chant de Noël,Charles Dickens,Histoire,Histoires de fantômes,,2727,272.7,https://covers.openlibrary.org/b/id/13299222-L.jpg,,,
345,Les aventures de Huckleberry Finn,Marc Twain,Histoire,aventure et aventuriers,,2552,255.2,https://covers.openlibrary.org/b/id/8157718-L.jpg,,,
346,Olivier Twist,Charles Dickens,Histoire,Bildungsromans,,2209,220.9,https://covers.openlibrary.org/b/id/13300802-L.jpg,,,
347,Frankenstein ou le Prométhée moderne,Marie Shelley,Histoire,Frankenstein (personnage fictif),,2184,218.4,https://covers.openlibrary.org/b/id/12356249-L.jpg,,,
348,Une histoire de deux villes,Charles Dickens,Histoire,britannique,,2059,205.9,https://covers.openlibrary.org/b/id/13301713-L.jpg,,,
349,Le merveilleux magicien d'Oz,L. Frank Baum,Histoire,Sorcières,,2052,205.2,https://covers.openlibrary.org/b/id/552443-L.jpg,,,
350,Sens et sensibilité,Jane Austen,Histoire,Fiction,Romance,2015,201.5,https://covers.openlibrary.org/b/id/9278292-L.jpg,Historique,Régence,
351,L'île au trésor,Robert Louis Stevenson,Histoire,Fiction,,1984,198.4,https://covers.openlibrary.org/b/id/13859660-L.jpg,,,
352,Petites femmes,Louisa May Alcott,Histoire,Romains,,1887,188.7,https://covers.openlibrary.org/b/id/8775559-L.jpg,,,
353,Le jardin secret,Frances Hodgson Burnett,Histoire,Fiction,général,1594,159.4,https://covers.openlibrary.org/b/id/12622062-L.jpg,,,
354,Don Quichotte de la Manche,Miguel de Cervantes Saavedra,Histoire,Don Quichotte (Cervantes Saavedra,Miguel de),1589,158.9,https://covers.openlibrary.org/b/id/14428305-L.jpg,,,
355,Madame Bovary,Gustave Flaubert,Histoire,fiction littéraire,,1557,155.7,https://covers.openlibrary.org/b/id/12993424-L.jpg,,,
356,De grandes attentes,Charles Dickens,Histoire,Auteurs,,1489,148.9,https://covers.openlibrary.org/b/id/13322313-L.jpg,,,
357,L'art de la guerre,孙武,Histoire,Choix du personnel de la bibliothèque ouverte,,1433,143.3,https://covers.openlibrary.org/b/id/4849549-L.jpg,,,
358,Le prince,Nicolas Machiavel,Histoire,Sciences politiques,premiers travaux vers 1800,1406,140.6,https://covers.openlibrary.org/b/id/12726168-L.jpg,,,
359,L'appel de la nature,Jack Londres,Histoire,Découvertes d'or,,1393,139.3,https://covers.openlibrary.org/b/id/12393037-L.jpg,,,
360,Divina Commedia,Dante Alighieri,Histoire,Poésie (œuvres poétiques d'un auteur),,1334,133.4,https://covers.openlibrary.org/b/id/11621024-L.jpg,,,
361,Анна Каренина,Lev Tolstoï,Histoire,Fiction,,1314,131.4,https://covers.openlibrary.org/b/id/2560652-L.jpg,,,
362,Le Chien des Baskerville,Arthur Conan Doyle,Histoire,roman policier,,1308,130.8,https://covers.openlibrary.org/b/id/8063264-L.jpg,,,
363,Anne… la maison aux pignons verts,Lucy Maud Montgomery,Histoire,Fiction,,1299,129.9,https://covers.openlibrary.org/b/id/14641084-L.jpg,,,
364,Jules César,Guillaume Shakespeare,Histoire,Antoine (Marcus Antonius),,1222,122.2,https://covers.openlibrary.org/b/id/7901303-L.jpg,,,
365,Jane Eyre,Charlotte Brontë,Histoire,Fiction,,1170,117,https://covers.openlibrary.org/b/id/8235363-L.jpg,,,
366,Les Aventures de Sherlock Holmes [12 histoires],Arthur Conan Doyle,Histoire,Littérature classique,,1132,113.2,https://covers.openlibrary.org/b/id/6717853-L.jpg,,,
367,Moby Dick,Herman Melville,Histoire,Histoires de la mer d'Amérique,,1118,111.8,https://covers.openlibrary.org/b/id/10544254-L.jpg,,,
368,Les Trois Mousquetaires,Alexandre Dumas,Histoire,Histoire,,1101,110.1,https://covers.openlibrary.org/b/id/11929973-L.jpg,,,
369,Candide,Voltaire,Histoire,Conduite de vie,,1079,107.9,https://covers.openlibrary.org/b/id/12736044-L.jpg,,,
370,Récit de la vie de Frederick Douglass,Frédéric Douglass,Histoire,Douglas,Frédéric,1032,103.2,https://covers.openlibrary.org/b/id/8247724-L.jpg,1818-1895,,
371,Des temps difficiles,Charles Dickens,Histoire,Fiction,,1029,102.9,https://covers.openlibrary.org/b/id/8236916-L.jpg,,,
372,Douze ans d'esclave,Salomon Northup,Histoire,Esclavage,,1029,102.9,https://covers.openlibrary.org/b/id/14856045-L.jpg,,,
373,La légende de Sleepy Hollow,Washington Irving,Histoire,Fiction,,1017,101.7,https://covers.openlibrary.org/b/id/8243083-L.jpg,,,
374,Les enfants des chemins de fer,Edith Nesbit,Histoire,Frères et sœurs,,985,98.5,https://covers.openlibrary.org/b/id/13241123-L.jpg,,,
375,Roméo et Juliette,Guillaume Shakespeare,Histoire,Littérature classique,,973,97.3,https://covers.openlibrary.org/b/id/8257991-L.jpg,,,
376,Macbeth,Guillaume Shakespeare,Histoire,Drame,,955,95.5,https://covers.openlibrary.org/b/id/872432-L.jpg,,,
377,Cinq enfants et ça,Edith Nesbit,Histoire,Fiction,,950,95,https://covers.openlibrary.org/b/id/28174-L.jpg,,,
378,Kim,Rudyard Kipling,Histoire,Fiction,,934,93.4,https://covers.openlibrary.org/b/id/1053011-L.jpg,,,
379,Les aventures de Tom Sawyer,Marc Twain,Histoire,Les aventures de Tom Sawyer,,879,87.9,https://covers.openlibrary.org/b/id/12043351-L.jpg,,,
380,Le dernier des Mohicans,James Fenimore Cooper,Histoire,Histoires d'aventure,,862,86.2,https://covers.openlibrary.org/b/id/8236937-L.jpg,,,
381,David Copperfield,Charles Dickens,Histoire,Drame britannique et irlandais (œuvres dramatiques d'un auteur),,846,84.6,https://covers.openlibrary.org/b/id/1048892-L.jpg,,,
382,L'ancienne boutique de curiosités,Charles Dickens,Histoire,Fiction,,825,82.5,https://covers.openlibrary.org/b/id/13119794-L.jpg,,,
383,La maison des rêves d'Anne,Lucy Maud Montgomery,Histoire,La vie à la campagne,,822,82.2,https://covers.openlibrary.org/b/id/14640440-L.jpg,,,
384,La lettre écarlate,Nathaniel Hawthorne,Histoire,Fiction américaine (œuvres de fiction d'un auteur),,817,81.7,https://covers.openlibrary.org/b/id/12155935-L.jpg,,,
385,Le roi Richard II,Guillaume Shakespeare,Histoire,Drame,,814,81.4,https://covers.openlibrary.org/b/id/9069548-L.jpg,,,
386,Anne d'Avonlea,Lucy Maud Montgomery,Histoire,Fiction,,813,81.3,https://covers.openlibrary.org/b/id/14638062-L.jpg,,,
387,πολιτεία,Πλάτων,Histoire,Sciences politiques,,794,79.4,https://covers.openlibrary.org/b/id/14418448-L.jpg,,,
388,Un Yankee du Connecticut à la cour du roi Arthur,Marc Twain,Histoire,Voyage dans le temps,,788,78.8,https://covers.openlibrary.org/b/id/9168732-L.jpg,,,
389,Anne de l'île,Lucy Maud Montgomery,Histoire,Étudiants du Collège,,781,78.1,https://covers.openlibrary.org/b/id/14639028-L.jpg,,,
390,Le Marchand de Venise,Guillaume Shakespeare,Histoire,Drame,,781,78.1,https://covers.openlibrary.org/b/id/7182819-L.jpg,,,
391,Feuilles d'herbe,Walt Whitman,Histoire,Manuscrits,,755,75.5,https://covers.openlibrary.org/b/id/9000447-L.jpg,,,
392,Le prince et le pauvre,Marc Twain,Histoire,Lecteurs,,755,75.5,https://covers.openlibrary.org/b/id/8221267-L.jpg,,,
393,Le Condé de Montecristo,Alexandre Dumas,Histoire,France -- Histoire -- 19e siècle -- Fiction,,732,73.2,https://covers.openlibrary.org/b/id/14566393-L.jpg,,,
394,Trois hommes dans un bateau (sans parler du chien),Jérôme Klapka Jérôme,Histoire,Histoires humoristiques,,728,72.8,https://covers.openlibrary.org/b/id/8243006-L.jpg,,,
395,Cavaliers du Sauge Pourpre,Zane Gris,Histoire,Fiction,,705,70.5,https://covers.openlibrary.org/b/id/872066-L.jpg,,,
396,Décamérone,Giovanni Boccace,Histoire,Fiction,historique,700,70,https://covers.openlibrary.org/b/id/6073528-L.jpg,général,,
397,L'autobiographie de Benjamin Franklin,Benjamin Franklin,Histoire,Testaments,,679,67.9,https://covers.openlibrary.org/b/id/5647361-L.jpg,,,
398,La jungle,Upton Sinclair,Histoire,Abattoirs et abattoirs,,673,67.3,https://covers.openlibrary.org/b/id/8231790-L.jpg,,,
399,La Case de l'oncle Tom,Harriet Beecher-Stowe,Histoire,Maître et serviteur,,662,66.2,https://covers.openlibrary.org/b/id/12728198-L.jpg,,,
400,Le joyau des sept étoiles,Bram Stoker,Histoire,Momies,,653,65.3,https://covers.openlibrary.org/b/id/2760301-L.jpg,,,
401,L'histoire des chercheurs de trésors,Edith Nesbit,Histoire,Fiction,,653,65.3,https://covers.openlibrary.org/b/id/13241364-L.jpg,,,
402,Guerre et Paix,Lev Tolstoï,Histoire,Classique,,641,64.1,https://covers.openlibrary.org/b/id/12621906-L.jpg,,,
403,L'insigne rouge du courage,Stephen Grue,Histoire,1783-1865,,639,63.9,https://covers.openlibrary.org/b/id/8236915-L.jpg,,,
404,La Pierre de Lune,Wilkie Collins,Histoire,Fiction,,637,63.7,https://covers.openlibrary.org/b/id/8237041-L.jpg,,,
405,Goldsmith's Le curé de Wakefield,Olivier Goldsmith,Histoire,Enlèvement,,609,60.9,https://covers.openlibrary.org/b/id/6720851-L.jpg,,,
406,La lettre écarlate,Nathaniel Hawthorne,Histoire,Fiction,,608,60.8,https://covers.openlibrary.org/b/id/5654516-L.jpg,,,
407,Le mouron écarlate,"Emmuska Orczy, baronne Orczy",Histoire,Littérature classique,,591,59.1,https://covers.openlibrary.org/b/id/479102-L.jpg,,,
408,Ulysse,James Joyce,Histoire,Personnes mariées,,585,58.5,https://covers.openlibrary.org/b/id/13136548-L.jpg,,,
409,Moll Flandre,Daniel Defoe,Histoire,Fiction,,565,56.5,https://covers.openlibrary.org/b/id/12997559-L.jpg,,,
410,Conditions ab urbe,Titus Livius,Histoire,Antiquités,,558,55.8,https://covers.openlibrary.org/b/id/6657951-L.jpg,,,
411,La chartreuse de Parme,Stendhal,Histoire,Jeunes hommes,,554,55.4,https://covers.openlibrary.org/b/id/104382-L.jpg,,,
412,Béat,Eleanor Hodgman Porter,Histoire,Tantes,,552,55.2,https://covers.openlibrary.org/b/id/902113-L.jpg,,,
413,Orthodoxie,Gilbert Keith Chesterton,Histoire,Apologétiques,,551,55.1,https://covers.openlibrary.org/b/id/6268135-L.jpg,,,
414,Robinson Crusoé,Daniel Defoe,Histoire,Robinson Cusoé,,548,54.8,https://covers.openlibrary.org/b/id/8783768-L.jpg,,,
415,Saint François d'Assise,Gilbert Keith Chesterton,Histoire,Biographie et autobiographie,,547,54.7,https://covers.openlibrary.org/b/id/502618-L.jpg,,,
416,Livre de prière commune,Église d'Angleterre,Histoire,Communion anglicane,,545,54.5,https://covers.openlibrary.org/b/id/5720552-L.jpg,,,
417,Les aventures d'Alice au pays des merveilles / De l'autre côté du miroir,Lewis Carroll,Histoire,aventure et aventuriers,,542,54.2,https://covers.openlibrary.org/b/id/8595966-L.jpg,,,
418,Le livre de la jungle,Rudyard Kipling,Histoire,Jungles,,538,53.8,https://covers.openlibrary.org/b/id/3344204-L.jpg,,,
419,Le roi Henri VIII,Guillaume Shakespeare,Histoire,Drame,,538,53.8,https://covers.openlibrary.org/b/id/7897086-L.jpg,,,
420,De rerum nature,Titus Lucrèce Carus,Histoire,Poésie didactique latine,,537,53.7,https://covers.openlibrary.org/b/id/566208-L.jpg,,,
421,L'énigme des sables,Erskine Childers,Histoire,Grande-Bretagne,fiction,531,53.1,https://covers.openlibrary.org/b/id/2293974-L.jpg,,,
422,Patrologiae cursus completus,J.-P. Migné,Histoire,Littérature chrétienne,Tôt,527,52.7,https://covers.openlibrary.org/b/id/9735603-L.jpg,,,
423,Le roi Henri V,Guillaume Shakespeare,Histoire,Drame,,527,52.7,https://covers.openlibrary.org/b/id/7420215-L.jpg,,,
424,Les Misérables,Victor Hugo,Histoire,Pauvre,,523,52.3,https://covers.openlibrary.org/b/id/12721865-L.jpg,,,
425,Petits hommes,Louisa May Alcott,Histoire,Louisa May Alcott,,517,51.7,https://covers.openlibrary.org/b/id/8043576-L.jpg,,,
426,Mon esclavage et ma liberté,Frédéric Douglass,Histoire,Douglas,Frédéric,509,50.9,https://covers.openlibrary.org/b/id/14847114-L.jpg,1818-1895,,
427,Le tueur de cerfs,James Fenimore Cooper,Histoire,Les États-Unis dans la fiction,,504,50.4,https://covers.openlibrary.org/b/id/8237593-L.jpg,,,
428,Le château enchanté,Edith Nesbit,Histoire,Fiction,,478,47.8,https://covers.openlibrary.org/b/id/6644514-L.jpg,,,
429,Eugénisme et autres maux,Gilbert Keith Chesterton,Histoire,Eugénisme,,477,47.7,https://covers.openlibrary.org/b/id/5637433-L.jpg,,,
430,Le beau et le damné,F. Scott Fitzgerald,Histoire,Fiction,,473,47.3,https://covers.openlibrary.org/b/id/7152019-L.jpg,,,
431,Une histoire de New York,Washington Irving,Histoire,Américains néerlandais,,472,47.2,https://covers.openlibrary.org/b/id/1991009-L.jpg,,,
432,Comme vous l'aimez,Guillaume Shakespeare,Histoire,Drame,,467,46.7,https://covers.openlibrary.org/b/id/7338874-L.jpg,,,
433,L'étranger,Albert Camus,Histoire,Romans philosophiques,,466,46.6,https://covers.openlibrary.org/b/id/13151269-L.jpg,,,
434,L'Alhambra,Washington Irving,Histoire,Alhambra,,459,45.9,https://covers.openlibrary.org/b/id/8237030-L.jpg,,,
435,Manifeste du Parti Communautaire,Karl Marx,Histoire,communisme,,458,45.8,https://covers.openlibrary.org/b/id/11048623-L.jpg,,,
436,Énée,Publius Vergilius Maro,Histoire,Poésie,,456,45.6,https://covers.openlibrary.org/b/id/6968564-L.jpg,,,
437,Orlando,Virginie Woolf,Histoire,La noblesse dans la fiction,,452,45.2,https://covers.openlibrary.org/b/id/3240273-L.jpg,,,
438,Confessions,Augustin d'Hippone,Histoire,Aspects religieux de la vérité,,449,44.9,https://covers.openlibrary.org/b/id/9022521-L.jpg,,,
439,Silas Marner,Georges Eliot,Histoire,Tisserands,,448,44.8,https://covers.openlibrary.org/b/id/9286405-L.jpg,,,
440,Enfer,Dante Alighieri,Histoire,Poésie,,445,44.5,https://covers.openlibrary.org/b/id/6387077-L.jpg,,,
441,Le père Goriot,Honoré de Balzac,Histoire,Fiction,,439,43.9,https://covers.openlibrary.org/b/id/8237944-L.jpg,,,
442,Le Phénix et le Tapis,Edith Nesbit,Histoire,Fiction fantastique anglaise,,438,43.8,https://covers.openlibrary.org/b/id/902122-L.jpg,,,
443,L'histoire de Tom Jones,Henri Fielding,Histoire,Fiction,,434,43.4,https://covers.openlibrary.org/b/id/12968864-L.jpg,,,
444,Le roi Henri IV. Partie 1,Guillaume Shakespeare,Histoire,Drame,,431,43.1,https://covers.openlibrary.org/b/id/116833-L.jpg,,,
445,Le éclaireur,James Fenimore Cooper,Histoire,Littérature classique,,427,42.7,https://covers.openlibrary.org/b/id/8980913-L.jpg,,,
446,La femme en blanc,Wilkie Collins,Histoire,Fiction,,425,42.5,https://covers.openlibrary.org/b/id/4684227-L.jpg,,,
447,Jude l'Obscur,Thomas Hardy,Histoire,Vie sociale et coutumes,,425,42.5,https://covers.openlibrary.org/b/id/12973053-L.jpg,,,
448,Antoine et Cléopâtre,Guillaume Shakespeare,Histoire,Antoine,Marc,422,42.2,https://covers.openlibrary.org/b/id/8222096-L.jpg,,,
449,De la démocratie en Amérique,Alexis de Tocqueville,Histoire,Début de l'Amérique,,421,42.1,https://covers.openlibrary.org/b/id/45979-L.jpg,,,
450,Maison sombre,Charles Dickens,Histoire,Fiction,,418,41.8,https://covers.openlibrary.org/b/id/9279273-L.jpg,,,
451,L'éthique à Nicomaque,Aristote,Histoire,Éthique,,416,41.6,https://covers.openlibrary.org/b/id/12593945-L.jpg,,,
452,Les âmes du peuple noir,W.E.B. Du Bois,Histoire,Afro-Américains,,412,41.2,https://covers.openlibrary.org/b/id/6564090-L.jpg,,,
453,Présupplétion et mise en attente,Фёдор Михайлович Достоевский,Histoire,Traductions anglaises,,409,40.9,https://covers.openlibrary.org/b/id/9411873-L.jpg,,,
454,Le rouge et le noir,Stendhal,Histoire,Fiction,,404,40.4,https://covers.openlibrary.org/b/id/8231413-L.jpg,,,
455,Richard III,Guillaume Shakespeare,Histoire,Drame,,401,40.1,https://covers.openlibrary.org/b/id/9020720-L.jpg,,,
456,La tulipe noire,Alexandre Dumas,Histoire,Fiction,,399,39.9,https://covers.openlibrary.org/b/id/14565101-L.jpg,,,
457,La prairie,James Fenimore Cooper,Histoire,Livres populaires pour personnes handicapées,,399,39.9,https://covers.openlibrary.org/b/id/5578106-L.jpg,,,
458,Pensées,Blaise-Pascal,Histoire,Œuvres apologétiques,,395,39.5,https://covers.openlibrary.org/b/id/6550324-L.jpg,,,
459,Incidents dans la vie d'une esclave,Harriet A. Jacobs,Histoire,Femmes esclaves,,386,38.6,https://covers.openlibrary.org/b/id/411542-L.jpg,,,
460,Chroniques d'Avonlea,Lucy Maud Montgomery,Histoire,Fiction,,381,38.1,https://covers.openlibrary.org/b/id/14635990-L.jpg,,,
461,कामसूत्र,Vatsyayana,Histoire,Coutumes sexuelles,,381,38.1,https://covers.openlibrary.org/b/id/8003766-L.jpg,,,
462,Rob Roy,Monsieur Walter Scott,Histoire,Fiction écossaise,,380,38,https://covers.openlibrary.org/b/id/8240340-L.jpg,,,
463,"Waverley ; ou, cela fait soixante ans depuis...",Monsieur Walter Scott,Histoire,Rébellion jacobite,1745-1746,379,37.9,https://covers.openlibrary.org/b/id/2838526-L.jpg,,,
464,Les pionniers,James Fenimore Cooper,Histoire,Vie de frontière et de pionnier,,378,37.8,https://covers.openlibrary.org/b/id/9000512-L.jpg,,,
465,Le rameau d'or,James George Frazer,Histoire,Mythologie,,371,37.1,https://covers.openlibrary.org/b/id/8876695-L.jpg,,,
466,Le voyageur non commercial,Charles Dickens,Histoire,Vie sociale et coutumes,,369,36.9,https://covers.openlibrary.org/b/id/9284872-L.jpg,,,
467,Croc Blanc,Jack Londres,Histoire,Découvertes d'or,,367,36.7,https://covers.openlibrary.org/b/id/8236920-L.jpg,,,
468,Os Lusiadas,Luís de Camões,Histoire,Poésie,,367,36.7,https://covers.openlibrary.org/b/id/5943496-L.jpg,,,
469,La Mégère apprivoisée,Guillaume Shakespeare,Histoire,Drame,,362,36.2,https://covers.openlibrary.org/b/id/7889534-L.jpg,,,
470,Le roi Henri IV. Partie 2,Guillaume Shakespeare,Histoire,Drame,,360,36,https://covers.openlibrary.org/b/id/7339581-L.jpg,,,
471,Une fille démodée,Louisa May Alcott,Histoire,Conduite de vie,,359,35.9,https://covers.openlibrary.org/b/id/8244533-L.jpg,,,
472,L'étrange cas du Dr Jekyll et de M. Hyde,Robert Louis Stevenson,Histoire,Fiction,,359,35.9,https://covers.openlibrary.org/b/id/295773-L.jpg,,,
473,Kidnappé,Robert Louis Stevenson,Histoire,Fiction juvénile,,352,35.2,https://covers.openlibrary.org/b/id/8267822-L.jpg,,,
474,Barnabé Rudge,Charles Dickens,Histoire,Fiction,,352,35.2,https://covers.openlibrary.org/b/id/9283961-L.jpg,,,
475,"Le carnet de croquis de Geoffrey Crayon, Esq",Washington Irving,Histoire,Fiction,,351,35.1,https://covers.openlibrary.org/b/id/7162030-L.jpg,,,
476,Le fédéraliste ou la nouvelle Constitution,Alexandre Hamilton,Histoire,Littérature classique,,349,34.9,https://covers.openlibrary.org/b/id/14850185-L.jpg,,,
477,L'éveil,Kate Chopin,Histoire,Adultère,,346,34.6,https://covers.openlibrary.org/b/id/8750241-L.jpg,,,
478,Tom Sawyer à l'étranger,Marc Twain,Histoire,Ascensions en ballon,,333,33.3,https://covers.openlibrary.org/b/id/9162125-L.jpg,,,
479,Petit Seigneur Fauntleroy,Frances Hodgson Burnett,Histoire,Littérature classique,,332,33.2,https://covers.openlibrary.org/b/id/29376-L.jpg,,,
480,La maison aux sept pignons,Nathaniel Hawthorne,Histoire,Fiction,,331,33.1,https://covers.openlibrary.org/b/id/8241487-L.jpg,,,
481,Le mouron insaisissable (mouron écarlate),"Emmuska Orczy, baronne Orczy",Histoire,Fiction,action et aventure,327,32.7,https://covers.openlibrary.org/b/id/502823-L.jpg,,,
482,Le dragon et le corbeau,G. A. Henty,Histoire,Fiction,,326,32.6,https://covers.openlibrary.org/b/id/13154732-L.jpg,,,
483,Godefroy de Bulloigne,Torquato Tasse,Histoire,Poésie,,326,32.6,https://covers.openlibrary.org/b/id/5954727-L.jpg,,,
484,Vies,Plutarque,Histoire,Biographie,,322,32.2,https://covers.openlibrary.org/b/id/10679669-L.jpg,,,
485,Rondelle de Pook's Hill,Rudyard Kipling,Histoire,Fiction,,322,32.2,https://covers.openlibrary.org/b/id/8242296-L.jpg,,,
486,Astoria,Washington Irving,Histoire,Voyage terrestre vers la côte Pacifique,,321,32.1,https://covers.openlibrary.org/b/id/448955-L.jpg,,,
487,Coriolan,Guillaume Shakespeare,Histoire,Drame,,314,31.4,https://covers.openlibrary.org/b/id/8222112-L.jpg,,,
488,Братья Карамазовы,Фёдор Михайлович Достоевский,Histoire,Littérature - Classiques / Critique,,311,31.1,https://covers.openlibrary.org/b/id/8272336-L.jpg,,,
489,Satyricon,Pétrone,Histoire,Satire latine,,309,30.9,https://covers.openlibrary.org/b/id/6060585-L.jpg,,,
490,Une revendication des droits de la femme,Marie Wollstonecraft,Histoire,Droits des femmes,,309,30.9,https://covers.openlibrary.org/b/id/675852-L.jpg,,,
491,Cyrano de Bergerac,Edmond Rostand,Histoire,Drame,,308,30.8,https://covers.openlibrary.org/b/id/8236320-L.jpg,,,
492,Une petite princesse,Frances Hodgson Burnett,Histoire,Fiction pour enfants,,304,30.4,https://covers.openlibrary.org/b/id/2328315-L.jpg,,,
493,Contes simples des collines,Rudyard Kipling,Histoire,Fiction,,303,30.3,https://covers.openlibrary.org/b/id/8245216-L.jpg,,,
494,Une chambre à soi,Virginie Woolf,Histoire,Paternité,,302,30.2,https://covers.openlibrary.org/b/id/6559057-L.jpg,,,
495,"La vie d'Olaudah Equiano, ou Gustavus Vassa, l'Africain",Olaudah Equiano,Histoire,Esclavage,,298,29.8,https://covers.openlibrary.org/b/id/2074044-L.jpg,,,
496,Le château bleu,Lucy Maud Montgomery,Histoire,Fiction juvénile,,294,29.4,https://covers.openlibrary.org/b/id/14640067-L.jpg,,,
497,Naviguer seul autour du monde,Josué Slocum,Histoire,Pulvérisation (Sloop),,294,29.4,https://covers.openlibrary.org/b/id/8247067-L.jpg,,,
498,Les œuvres poétiques complètes,Robert Brûlures,Histoire,Biographie,,293,29.3,https://covers.openlibrary.org/b/id/9048263-L.jpg,,,
499,L'histoire de la grande peste à Londres en 1665,Daniel Defoe,Histoire,Premiers travaux vers 1800,,293,29.3,https://covers.openlibrary.org/b/id/5935009-L.jpg,,,
500,Martin Chuzzlewit,Charles Dickens,Histoire,Vie sociale et coutumes,,290,29,https://covers.openlibrary.org/b/id/13112817-L.jpg,,,
501,Le livre de cas de Sherlock Holmes,Arthur Conan Doyle,Histoire,Fiction,,286,28.6,https://covers.openlibrary.org/b/id/8350410-L.jpg,,,
502,Mesure pour mesure,Guillaume Shakespeare,Histoire,Drame,,285,28.5,https://covers.openlibrary.org/b/id/7339281-L.jpg,,,
503,Manon Lescaut,Abbé Prévost,Histoire,Fiction,,283,28.3,https://covers.openlibrary.org/b/id/8236918-L.jpg,,,
504,Mémoires de Fanny Hill,John Cléland,Histoire,Fiction,,283,28.3,https://covers.openlibrary.org/b/id/12947584-L.jpg,,,
505,Cléopâtre,H. Rider hagard,Histoire,Fiction,,282,28.2,https://covers.openlibrary.org/b/id/1748730-L.jpg,,,
506,"Les mémoires privées et les confessions d'un pécheur justifié (avec un détail de faits traditionnels curieux et d'autres preuves, par l'éditeur)",James Hogg,Histoire,fiction,,282,28.2,https://covers.openlibrary.org/b/id/2898574-L.jpg,,,
507,Het Achterhuis,Anne Frank,Histoire,autobiographies,,282,28.2,https://covers.openlibrary.org/b/id/8584021-L.jpg,,,
508,Histoire,Hérodote,Histoire,Histoire ancienne,,282,28.2,https://covers.openlibrary.org/b/id/9829028-L.jpg,,,
509,Le roman du masque de fer,Alexandre Dumas,Histoire,Histoire,,279,27.9,https://covers.openlibrary.org/b/id/2132494-L.jpg,,,
510,Les aventures d'Alice au pays des merveilles,Lewis Carroll,Fantaisie,Alice (personnage fictif : Carroll),fiction,3546,354.6,https://covers.openlibrary.org/b/id/10527843-L.jpg,,,
511,Le merveilleux magicien d'Oz,L. Frank Baum,Fantaisie,Sorcières,,2052,205.2,https://covers.openlibrary.org/b/id/552443-L.jpg,,,
512,L'île au trésor,Robert Louis Stevenson,Fantaisie,Fiction,,1984,198.4,https://covers.openlibrary.org/b/id/13859660-L.jpg,,,
513,Les voyages de Gulliver,Jonathan Swift,Fantaisie,Oui,,1809,180.9,https://covers.openlibrary.org/b/id/12717083-L.jpg,,,
514,Le Songe d'une nuit d'été,Guillaume Shakespeare,Fantaisie,Drame,,1485,148.5,https://covers.openlibrary.org/b/id/7205924-L.jpg,,,
515,Le prince,Nicolas Machiavel,Fantaisie,Sciences politiques,premiers travaux vers 1800,1406,140.6,https://covers.openlibrary.org/b/id/12726168-L.jpg,,,
516,À travers le miroir,Lewis Carroll,Fantaisie,Fantaisie,,1378,137.8,https://covers.openlibrary.org/b/id/11272464-L.jpg,,,
517,Le vent dans les saules,Kenneth Grahame,Fantaisie,Fiction pour enfants,,1346,134.6,https://covers.openlibrary.org/b/id/13335427-L.jpg,,,
518,Cinq enfants et ça,Edith Nesbit,Fantaisie,Fiction,,950,95,https://covers.openlibrary.org/b/id/28174-L.jpg,,,
519,Le monde perdu,Arthur Conan Doyle,Fantaisie,Histoires d'aventure,,747,74.7,https://covers.openlibrary.org/b/id/8231444-L.jpg,,,
520,Le merveilleux pays d'Oz,L. Frank Baum,Fantaisie,Histoires pour enfants,Américain,724,72.4,https://covers.openlibrary.org/b/id/12648656-L.jpg,,,
521,Ozma d'Oz,L. Frank Baum,Fantaisie,Fantaisie,,701,70.1,https://covers.openlibrary.org/b/id/12648657-L.jpg,,,
522,La ville d'émeraude d'Oz,L. Frank Baum,Fantaisie,Fiction juvénile,,634,63.4,https://covers.openlibrary.org/b/id/1473556-L.jpg,,,
523,Dorothy et le magicien d'Oz,L. Frank Baum,Fantaisie,Contes de fées,,622,62.2,https://covers.openlibrary.org/b/id/12648659-L.jpg,,,
524,La princesse perdue d'Oz,L. Frank Baum,Fantaisie,Fantaisie,,591,59.1,https://covers.openlibrary.org/b/id/854819-L.jpg,,,
525,L'histoire de l'amulette,Edith Nesbit,Fantaisie,Roman pour la jeunesse,,578,57.8,https://covers.openlibrary.org/b/id/13241470-L.jpg,,,
526,La vie complète et les aventures du Père Noël,L. Frank Baum,Fantaisie,Fantaisie,,560,56,https://covers.openlibrary.org/b/id/1979059-L.jpg,,,
527,Les aventures d'Alice au pays des merveilles / De l'autre côté du miroir,Lewis Carroll,Fantaisie,aventure et aventuriers,,542,54.2,https://covers.openlibrary.org/b/id/8595966-L.jpg,,,
528,La route vers Oz,L. Frank Baum,Fantaisie,Contes de fées,,533,53.3,https://covers.openlibrary.org/b/id/8243922-L.jpg,,,
529,Les fées de la mer,L. Frank Baum,Fantaisie,Histoires pour enfants,,528,52.8,https://covers.openlibrary.org/b/id/1814237-L.jpg,,,
530,Les contes de fées américains de Baum,L. Frank Baum,Fantaisie,Histoires pour enfants,Américain,514,51.4,https://covers.openlibrary.org/b/id/709869-L.jpg,,,
531,Île céleste,L. Frank Baum,Fantaisie,Fantaisie,,510,51,https://covers.openlibrary.org/b/id/2752804-L.jpg,,,
532,L'épouvantail d'Oz,L. Frank Baum,Fantaisie,Littérature classique,,503,50.3,https://covers.openlibrary.org/b/id/431586-L.jpg,,,
533,La fille patchwork d'Oz,L. Frank Baum,Fantaisie,Fantaisie,,496,49.6,https://covers.openlibrary.org/b/id/1473369-L.jpg,,,
534,La magie d'Oz,L. Frank Baum,Fantaisie,Fantaisie,,494,49.4,https://covers.openlibrary.org/b/id/5071176-L.jpg,,,
535,Tik-Tok d'Oz,L. Frank Baum,Fantaisie,Contes de fées,,490,49,https://covers.openlibrary.org/b/id/8243277-L.jpg,,,
536,Rinkitink à Oz,L. Frank Baum,Fantaisie,Littérature classique,,488,48.8,https://covers.openlibrary.org/b/id/765814-L.jpg,,,
537,Le château enchanté,Edith Nesbit,Fantaisie,Fiction,,478,47.8,https://covers.openlibrary.org/b/id/6644514-L.jpg,,,
538,Le bûcheron d'Oz,L. Frank Baum,Fantaisie,Géants,,461,46.1,https://covers.openlibrary.org/b/id/755973-L.jpg,,,
539,Le Hobbit,J.R.R. Tolkien,Fantaisie,Pierre d'Arken,,460,46,https://covers.openlibrary.org/b/id/14627509-L.jpg,,,
540,Glinda d'Oz,L. Frank Baum,Fantaisie,Fiction,,454,45.4,https://covers.openlibrary.org/b/id/758814-L.jpg,,,
541,La ville magique,Edith Nesbit,Fantaisie,Fantaisie,,445,44.5,https://covers.openlibrary.org/b/id/1673063-L.jpg,,,
542,Le Phénix et le Tapis,Edith Nesbit,Fantaisie,Fiction fantastique anglaise,,438,43.8,https://covers.openlibrary.org/b/id/902122-L.jpg,,,
543,Dix-neuf quatre-vingt-quatre,Georges Orwell,Fantaisie,futurologie,,437,43.7,https://covers.openlibrary.org/b/id/9267242-L.jpg,,,
544,L'aventure de Pinocchio,Carlo Collodi,Fantaisie,Fantaisie,,430,43,https://covers.openlibrary.org/b/id/8597022-L.jpg,,,
545,Peter Pan,J.M. Barrie,Fantaisie,Choix du personnel de la bibliothèque ouverte,,429,42.9,https://covers.openlibrary.org/b/id/8237052-L.jpg,,,
546,Le Tour du Monde en Quatre-Vingts Jours,Jules Verne,Fantaisie,Voyages vers le monde,,425,42.5,https://covers.openlibrary.org/b/id/6976035-L.jpg,,,
547,Fantasmes,Georges MacDonald,Fantaisie,Contes de fées,,417,41.7,https://covers.openlibrary.org/b/id/14358814-L.jpg,,,
548,Le petit prince,Antoine de Saint-Exupéry,Fantaisie,aventure,,371,37.1,https://covers.openlibrary.org/b/id/10708272-L.jpg,,,
549,Harry Potter et la pierre philosophale,J.K. Rowling,Fantaisie,Spectres,,357,35.7,https://covers.openlibrary.org/b/id/10521270-L.jpg,,,
550,À rebours,Joris-Karl Huysmans,Fantaisie,Esthétique,,332,33.2,https://covers.openlibrary.org/b/id/13170209-L.jpg,,,
551,Rondelle de Pook's Hill,Rudyard Kipling,Fantaisie,Fiction,,322,32.2,https://covers.openlibrary.org/b/id/8242296-L.jpg,,,
552,La Communauté de l'Anneau,J.R.R. Tolkien,Fantaisie,Elfes,,296,29.6,https://covers.openlibrary.org/b/id/14627060-L.jpg,,,
553,L'île enchantée d'If,L. Frank Baum,Fantaisie,Fantaisie,,288,28.8,https://covers.openlibrary.org/b/id/1755697-L.jpg,,,
554,Les deux tours,J.R.R. Tolkien,Fantaisie,Ents,,278,27.8,https://covers.openlibrary.org/b/id/14627564-L.jpg,,,
555,Harry Potter et la Chambre des Secrets,J.K. Rowling,Fantaisie,Fiction fantastique,,276,27.6,https://covers.openlibrary.org/b/id/8392798-L.jpg,,,
556,Le retour du roi,J.R.R. Tolkien,Fantaisie,Elfes,,272,27.2,https://covers.openlibrary.org/b/id/14627062-L.jpg,,,
557,Le Livre Royal d'Oz,Ruth Plumly Thompson,Fantaisie,Fantaisie,,270,27,https://covers.openlibrary.org/b/id/709865-L.jpg,,,
558,Harry Potter et le prisonnier d'Azkaban,J.K. Rowling,Fantaisie,Fiction fantastique,,263,26.3,https://covers.openlibrary.org/b/id/10580435-L.jpg,,,
559,L'agent secret,Joseph Conrad,Fantaisie,Anarchistes,fiction,255,25.5,https://covers.openlibrary.org/b/id/8239401-L.jpg,,,
560,Harry Potter et la coupe de feu,J.K. Rowling,Fantaisie,orphelins,,231,23.1,https://covers.openlibrary.org/b/id/12059372-L.jpg,,,
561,Maître et Margarita,Michael Anasьевич Булгаков,Fantaisie,satire,,230,23,https://covers.openlibrary.org/b/id/12947486-L.jpg,,,
562,Le dragon réticent,Kenneth Grahame,Fantaisie,Fiction,,228,22.8,https://covers.openlibrary.org/b/id/6557137-L.jpg,,,
563,La piscine de la Lune,A. Merritt,Fantaisie,Fiction,,227,22.7,https://covers.openlibrary.org/b/id/9317374-L.jpg,,,
564,Harry Potter et l'Ordre du Phénix,J.K. Rowling,Fantaisie,Livres pour enfants/Fiction pour 9 à 12 ans,,226,22.6,https://covers.openlibrary.org/b/id/10523466-L.jpg,,,
565,L'histoire du docteur Dolittle,Hugh Lofting,Fantaisie,Animaux,,224,22.4,https://covers.openlibrary.org/b/id/5262289-L.jpg,,,
566,"Des nouvelles de nulle part, ou, Une époque de repos",William Morris,Fantaisie,Utopies,,223,22.3,https://covers.openlibrary.org/b/id/117742-L.jpg,,,
567,Charlie et la chocolaterie,Roald Dahl,Fantaisie,Livres liés aux médias pour enfants,,220,22,https://covers.openlibrary.org/b/id/12459564-L.jpg,,,
568,Une princesse de Mars,Edgar Rice Burroughs,Fantaisie,John Carter (personnage fictif),,207,20.7,https://covers.openlibrary.org/b/id/207226-L.jpg,,,
569,La princesse et le gobelin,Georges MacDonald,Fantaisie,Littérature classique,,206,20.6,https://covers.openlibrary.org/b/id/14363454-L.jpg,,,
570,Cien años de soledad,Gabriel García Márquez,Fantaisie,Livres de langue espagnole,,204,20.4,https://covers.openlibrary.org/b/id/12627383-L.jpg,,,
571,Le bois au-delà du monde,William Morris,Fantaisie,Littérature classique,,192,19.2,https://covers.openlibrary.org/b/id/5895767-L.jpg,,,
572,Les bébés d'eau,Charles Kingsley,Fantaisie,Ramoneurs,,185,18.5,https://covers.openlibrary.org/b/id/8785097-L.jpg,,,
573,Sylvie et Bruno,Lewis Carroll,Fantaisie,Fantaisie,,180,18,https://covers.openlibrary.org/b/id/8243045-L.jpg,,,
574,Jürgen,James Branch Cabell,Fantaisie,Littérature classique,,176,17.6,https://covers.openlibrary.org/b/id/5553063-L.jpg,,,
575,"Le petit oiseau blanc, ou Aventures dans les jardins de Kensington",J.M. Barrie,Fantaisie,Fiction,,172,17.2,https://covers.openlibrary.org/b/id/2808666-L.jpg,,,
576,Le cheval et son garçon,CS Lewis,Fantaisie,Fantaisie,,169,16.9,https://covers.openlibrary.org/b/id/9184792-L.jpg,,,
577,Magie humide,Edith Nesbit,Fantaisie,Fiction fantastique,,166,16.6,https://covers.openlibrary.org/b/id/854565-L.jpg,,,
578,Peter Pan dans les jardins de Kensington,J.M. Barrie,Fantaisie,Fiction,,163,16.3,https://covers.openlibrary.org/b/id/2977086-L.jpg,,,
579,Le neveu du magicien,CS Lewis,Fantaisie,Fantaisie,,163,16.3,https://covers.openlibrary.org/b/id/1072931-L.jpg,,,
580,La clé principale,L. Frank Baum,Fantaisie,Électricité,,162,16.2,https://covers.openlibrary.org/b/id/2838027-L.jpg,,,
581,"Le lion, la sorcière et l'armoire magique",CS Lewis,Fantaisie,le Blitz,,158,15.8,https://covers.openlibrary.org/b/id/8441376-L.jpg,,,
582,Harry Potter et le Prince de Sang-Mêlé,J.K. Rowling,Fantaisie,orphelins,,151,15.1,https://covers.openlibrary.org/b/id/10716273-L.jpg,,,
583,James et la pêche géante,Roald Dahl,Fantaisie,Livres chrétiens,,150,15,https://covers.openlibrary.org/b/id/8252454-L.jpg,,,
584,Le site de Charlotte,E.B. White,Fantaisie,La vie à la ferme,,149,14.9,https://covers.openlibrary.org/b/id/8461797-L.jpg,,,
585,Le Silmarillion,J.R.R. Tolkien,Fantaisie,Fiction fantastique,,149,14.9,https://covers.openlibrary.org/b/id/14627042-L.jpg,,,
586,Prince Caspien,CS Lewis,Fantaisie,Fantaisie,,146,14.6,https://covers.openlibrary.org/b/id/45897-L.jpg,,,
587,Aurores boréales,Philippe Pullman,Fantaisie,Théologie politique,,142,14.2,https://covers.openlibrary.org/b/id/8747028-L.jpg,,,
588,La chaise argentée,CS Lewis,Fantaisie,Fiction,,141,14.1,https://covers.openlibrary.org/b/id/6950992-L.jpg,,,
589,Le BGG,Roald Dahl,Fantaisie,Choix du personnel de la bibliothèque ouverte,,136,13.6,https://covers.openlibrary.org/b/id/9176033-L.jpg,,,
590,Un jeu de trônes,George R. R. Martin,Fantaisie,Adulte,,131,13.1,https://covers.openlibrary.org/b/id/9269962-L.jpg,,,
591,Horizon perdu,James Hilton,Fantaisie,Fiction,,130,13,https://covers.openlibrary.org/b/id/4656607-L.jpg,,,
592,Harry Potter et les Reliques de la Mort,J.K. Rowling,Fantaisie,la baguette de sureau,,126,12.6,https://covers.openlibrary.org/b/id/10110415-L.jpg,,,
593,Où sont les choses sauvages,Maurice Sendak,Fantaisie,Médaille Caldecott,,125,12.5,https://covers.openlibrary.org/b/id/50842-L.jpg,,,
594,Petites histoires de sorciers d'Oz,L. Frank Baum,Fantaisie,Fantaisie,,124,12.4,https://covers.openlibrary.org/b/id/430876-L.jpg,,,
595,Étoile du matin,H. Rider hagard,Fantaisie,Fantaisie,,121,12.1,https://covers.openlibrary.org/b/id/1979130-L.jpg,,,
596,Le puits du bout du monde,William Morris,Fantaisie,Quêtes (Expéditions),,119,11.9,https://covers.openlibrary.org/b/id/2404583-L.jpg,,,
597,Les voyages du docteur Dolittle,Hugh Lofting,Fantaisie,Animaux,,116,11.6,https://covers.openlibrary.org/b/id/281218-L.jpg,,,
598,Der Kleine Prinz (allemand),Antoine de Saint-Exupéry,Fantaisie,Histoires pour enfants,Français,111,11.1,https://covers.openlibrary.org/b/id/3259739-L.jpg,,,
599,Progéniture de la Reine-Sorcière,Sax Rohmer,Fantaisie,Fantaisie,,111,11.1,https://covers.openlibrary.org/b/id/2011286-L.jpg,,,
600,Un étrange manuscrit retrouvé dans un cylindre de cuivre,James De Mille,Fantaisie,Fiction canadienne (anglais),ICIS,110,11,https://covers.openlibrary.org/b/id/5647709-L.jpg,,,
601,"Momo oder Die seltsame Geschichte von den Zeit-Dieben et von dem Kind, das den Menschen die gestohlene Zeit zurückbrachte",Michael Endé,Fantaisie,Filles,,108,10.8,https://covers.openlibrary.org/b/id/8574580-L.jpg,,,
602,La dernière bataille,CS Lewis,Fantaisie,Fiction pour la jeunesse,,106,10.6,https://covers.openlibrary.org/b/id/6529226-L.jpg,,,
603,Le couteau subtil,Philippe Pullman,Fantaisie,Fantaisie,,104,10.4,https://covers.openlibrary.org/b/id/12614549-L.jpg,,,
604,Pont vers Terabithia,Katherine Paterson,Fantaisie,Amistad,,103,10.3,https://covers.openlibrary.org/b/id/12627341-L.jpg,,,
605,Prendre feu,Suzanne Collins,Fantaisie,Action/Aventure,,101,10.1,https://covers.openlibrary.org/b/id/12646539-L.jpg,,,
606,Le voleur de foudre,Rick Riordan,Fantaisie,Série:Percy_Jackson_and_the_Olympians,,101,10.1,https://covers.openlibrary.org/b/id/7239831-L.jpg,,,
607,L'Odyssée du Passeur d'aurore,CS Lewis,Fantaisie,Narnia,,100,10,https://covers.openlibrary.org/b/id/9184719-L.jpg,,,
608,Navire vers le bas,Richard Adams,Fantaisie,Lapins,,97,9.7,https://covers.openlibrary.org/b/id/6450196-L.jpg,,,
609,Le Pistolero,Stephen King,Fantaisie,succube,,94,9.4,https://covers.openlibrary.org/b/id/8396638-L.jpg,,,
610,Coraline,Neil Gaiman,Fantaisie,Fantaisie,,94,9.4,https://covers.openlibrary.org/b/id/14171421-L.jpg,,,
611,Artémis Poule,Eoin Colfer,Fantaisie,Artémis Poule,,93,9.3,https://covers.openlibrary.org/b/id/10212689-L.jpg,,,
612,La couleur de la magie,Terry Pratchett,Fantaisie,Disque-monde (lieu imaginaire),,92,9.2,https://covers.openlibrary.org/b/id/14647238-L.jpg,,,
613,Nouvelle lune,Stéphanie Meyer,Fantaisie,Vampires,,88,8.8,https://covers.openlibrary.org/b/id/12643406-L.jpg,,,
614,Éragon,Christophe Paolini,Fantaisie,Fantaisie,,86,8.6,https://covers.openlibrary.org/b/id/13921600-L.jpg,,,
615,Le chat au chapeau,Dr Seuss,Fantaisie,Versets absurdes,,85,8.5,https://covers.openlibrary.org/b/id/11342-L.jpg,,,
616,Vikram et le vampire,Richard Francis Burton,Fantaisie,Fantaisie,,85,8.5,https://covers.openlibrary.org/b/id/1758137-L.jpg,,,
617,La merveilleuse visite,H.G. Wells,Fantaisie,Fantaisie,,84,8.4,https://covers.openlibrary.org/b/id/5683599-L.jpg,,,
618,Hänsel et Gretel,Gebrüder Grimm [Frères Grimm],Fantaisie,Contes de fées,,84,8.4,https://covers.openlibrary.org/b/id/2327393-L.jpg,,,
619,Un magicien de Terremer,Ursula K. Le Guin,Fantaisie,Fiction,,82,8.2,https://covers.openlibrary.org/b/id/13617691-L.jpg,,,
620,Le monarque magique de Mo,L. Frank Baum,Fantaisie,Fantaisie,,81,8.1,https://covers.openlibrary.org/b/id/4846571-L.jpg,,,
621,Le roi autrefois et futur,T.H. White,Fantaisie,Adaptations,,81,8.1,https://covers.openlibrary.org/b/id/6630521-L.jpg,,,
622,La longue-vue ambrée,Philippe Pullman,Fantaisie,Fantaisie,,79,7.9,https://covers.openlibrary.org/b/id/12613246-L.jpg,,,
623,Poucette,Hans Christian Andersen,Fantaisie,Matériel en espagnol,,79,7.9,https://covers.openlibrary.org/b/id/1357775-L.jpg,,,
624,Vol draconique,Anne McCaffrey,Fantaisie,Pern (Lieu Imaginaire),,77,7.7,https://covers.openlibrary.org/b/id/10306696-L.jpg,,,
625,Un prisonnier au pays des fées,Algernon Bois Noir,Fantaisie,Fantaisie,,76,7.6,https://covers.openlibrary.org/b/id/2895898-L.jpg,,,
626,Un choc des rois,George R. R. Martin,Fantaisie,Fiction fantastique,,75,7.5,https://covers.openlibrary.org/b/id/8231751-L.jpg,,,
627,Bons présages,Neil Gaiman,Fantaisie,Fin du monde,,73,7.3,https://covers.openlibrary.org/b/id/10482258-L.jpg,,,
628,Contes de fées indiens,Joseph Jacobs,Fantaisie,Fantaisie,,73,7.3,https://covers.openlibrary.org/b/id/767614-L.jpg,,,
629,La Pépinière Alice,Lewis Carroll,Fantaisie,Fantaisie,,73,7.3,https://covers.openlibrary.org/b/id/8596271-L.jpg,,,
630,Dieux américains,Neil Gaiman,Fantaisie,la science-fiction,,72,7.2,https://covers.openlibrary.org/b/id/8494659-L.jpg,,,
631,Le monde flamboyant,Marguerite Cavendish,Fantaisie,la science-fiction,,72,7.2,https://covers.openlibrary.org/b/id/14634246-L.jpg,,,
632,"Chitty-Chitty-Bang-Bang, la voiture magique",Ian Fleming,Fantaisie,Automobiles,,72,7.2,https://covers.openlibrary.org/b/id/10579734-L.jpg,,,
633,La mer des monstres,Rick Riordan,Fantaisie,Série:Percy_Jackson_and_the_Olympians,,72,7.2,https://covers.openlibrary.org/b/id/108909-L.jpg,,,
634,Le cirque du docteur Doolittle,Hugh Lofting,Fantaisie,Fiction juvénile,,71,7.1,https://covers.openlibrary.org/b/id/9244269-L.jpg,,,
635,Assistant et verre,Stephen King,Fantaisie,boules de cristal,,70,7,https://covers.openlibrary.org/b/id/14657088-L.jpg,,,
636,Aîné,Christophe Paolini,Fantaisie,Fantaisie,,70,7,https://covers.openlibrary.org/b/id/12848701-L.jpg,,,
637,À Torre Negra,Stephen King,Fantaisie,thrillers,,70,7,https://covers.openlibrary.org/b/id/8443630-L.jpg,,,
638,Tintenherz,Cornelia Funke,Fantaisie,Pères et filles,,69,6.9,https://covers.openlibrary.org/b/id/3330314-L.jpg,,,
639,"L'Œil du monde (La Roue du Temps, Tome 1)",Robert Jordan,Fantaisie,série : La Roue du Temps,,69,6.9,https://covers.openlibrary.org/b/id/980232-L.jpg,,,
640,Nils Holgerssons sous-bara resa genom Sverige,Selma Lagerlöf,Fantaisie,Contes de fées,,68,6.8,https://covers.openlibrary.org/b/id/5267445-L.jpg,,,
641,Les tombeaux d'Atuan,Ursula K. Le Guin,Fantaisie,Magie,,67,6.7,https://covers.openlibrary.org/b/id/6633403-L.jpg,,,
642,Un festin pour les corbeaux,George R. R. Martin,Fantaisie,Best-seller du New York Times,,67,6.7,https://covers.openlibrary.org/b/id/6501256-L.jpg,,,
643,Bureau de poste du docteur Dolittle,Hugh Lofting,Fantaisie,Histoires pour enfants,,66,6.6,https://covers.openlibrary.org/b/id/8442100-L.jpg,,,
644,"Tarzan l'Invincible (Ace Classic SF, F-189)",Edgar Rice Burroughs,Fantaisie,Fiction,,66,6.6,https://covers.openlibrary.org/b/id/284443-L.jpg,,,
645,Docteur Dolittle dans la lune,Hugh Lofting,Fantaisie,Animaux,,66,6.6,https://covers.openlibrary.org/b/id/8443596-L.jpg,,,
646,Le chat botté,Charles Perrault,Fantaisie,Enfants,,66,6.6,https://covers.openlibrary.org/b/id/4435421-L.jpg,,,
647,Le Centaure,Algernon Bois Noir,Fantaisie,Surnaturel,,65,6.5,https://covers.openlibrary.org/b/id/5562921-L.jpg,,,
648,Équipe de nuit,Stephen King,Fantaisie,euthanasie,,65,6.5,https://covers.openlibrary.org/b/id/14651337-L.jpg,,,
649,Le talisman,Stephen King,Fantaisie,Fantastique,,65,6.5,https://covers.openlibrary.org/b/id/14651566-L.jpg,,,
650,Les yeux du dragon,Stephen King,Fantaisie,attente,,65,6.5,https://covers.openlibrary.org/b/id/8524085-L.jpg,,,
651,"La vie, l'univers et tout",Douglas Adams,Fantaisie,canapés,,64,6.4,https://covers.openlibrary.org/b/id/8569244-L.jpg,,,
652,Le péage fantôme,Norton Juster,Fantaisie,courrier,,64,6.4,https://covers.openlibrary.org/b/id/8578174-L.jpg,,,
653,Le nom du vent,Patrick Rothfuss,Fantaisie,orphelins,,64,6.4,https://covers.openlibrary.org/b/id/11480483-L.jpg,,,
654,Artemis Fowl et le code de l'éternité,Eoin Colfer,Fantaisie,Best-seller du New York Times,,63,6.3,https://covers.openlibrary.org/b/id/12636263-L.jpg,,,
655,La rive la plus éloignée,Ursula K. Le Guin,Fantaisie,Magie,,62,6.2,https://covers.openlibrary.org/b/id/6498990-L.jpg,,,
656,Les Chroniques de Narnia,CS Lewis,Fantaisie,Fiction fantastique,,61,6.1,https://covers.openlibrary.org/b/id/9321656-L.jpg,,,
657,Poussière d'étoile,Neil Gaiman,Fantaisie,Jeunes hommes,,61,6.1,https://covers.openlibrary.org/b/id/8216379-L.jpg,,,
658,La malédiction du Titan,Rick Riordan,Fantaisie,Série:Percy_Jackson_and_the_Olympians,,61,6.1,https://covers.openlibrary.org/b/id/14601475-L.jpg,,,
659,La bataille du labyrinthe,Rick Riordan,Fantaisie,Série:Percy_Jackson_and_the_Olympians,,61,6.1,https://covers.openlibrary.org/b/id/6274739-L.jpg,,,
660,La Lumière Fantastique,Terry Pratchett,Fantaisie,Fiction,,60,6,https://covers.openlibrary.org/b/id/6531015-L.jpg,,,
661,Tout est éventuel. 14 contes sombres,Stephen King,Fantaisie,Ordinateurs Apple,,60,6,https://covers.openlibrary.org/b/id/8585782-L.jpg,,,
662,mort,Terry Pratchett,Fantaisie,La mort,,60,6,https://covers.openlibrary.org/b/id/14648805-L.jpg,,,
663,Quelque chose de méchant arrive de cette façon,Ray Bradbury,Fantaisie,Garçons,,60,6,https://covers.openlibrary.org/b/id/9346340-L.jpg,,,
664,Yu-Gi-Oh!,Kazuki Takahashi,Fantaisie,Histoires de fantômes,,59,5.9,https://covers.openlibrary.org/b/id/863639-L.jpg,,,
665,Mur rouge,Brian Jacques,Fantaisie,Fiction pour enfants,,59,5.9,https://covers.openlibrary.org/b/id/2325082-L.jpg,,,
666,Dinosaures avant la nuit,Marie Pape Osborne,Fantaisie,Fiction,,58,5.8,https://covers.openlibrary.org/b/id/14390457-L.jpg,,,
667,La machine à écrire enchantée,John Kendrick Frange,Fantaisie,Fantaisie,,58,5.8,https://covers.openlibrary.org/b/id/5811385-L.jpg,,,
668,L'obscurité se lève,Susan Cooper,Fantaisie,Fiction,,58,5.8,https://covers.openlibrary.org/b/id/9363540-L.jpg,,,
669,Marie Poppins,P. L. Travers,Fantaisie,Magie,,57,5.7,https://covers.openlibrary.org/b/id/7421-L.jpg,,,
670,Maison noire,Stephen King,Fantaisie,Fiction,,57,5.7,https://covers.openlibrary.org/b/id/14652973-L.jpg,,,
671,Gardes ! Gardes !,Terry Pratchett,Fantaisie,Fiction en espagnol,,56,5.6,https://covers.openlibrary.org/b/id/13095550-L.jpg,,,
672,Quête du Dragon,Anne McCaffrey,Fantaisie,Pern,,56,5.6,https://covers.openlibrary.org/b/id/12077053-L.jpg,,,
673,Rose de Garance,Stephen King,Fantaisie,rose de garance,,56,5.6,https://covers.openlibrary.org/b/id/8578049-L.jpg,,,
674,Die interminable Geschichte,Michael Endé,Fantaisie,Voyages Imaginaires,,56,5.6,https://covers.openlibrary.org/b/id/7383413-L.jpg,,,
675,Le jardin de minuit de Tom,Philippa Pearce,Fantaisie,Livres à gros caractères,,56,5.6,https://covers.openlibrary.org/b/id/3077039-L.jpg,,,
676,Le dernier olympien,Rick Riordan,Fantaisie,Série:Percy_Jackson_and_the_Olympians,,56,5.6,https://covers.openlibrary.org/b/id/6624107-L.jpg,,,
677,Les régulateurs,Stephen King,Fantaisie,la science-fiction,,55,5.5,https://covers.openlibrary.org/b/id/14651906-L.jpg,,,
678,Le jardin du Docteur Dolittle,Hugh Lofting,Fantaisie,Fiction juvénile,,55,5.5,https://covers.openlibrary.org/b/id/9244265-L.jpg,,,
679,Une tempête d'épées,George R. R. Martin,Fantaisie,Best-seller du New York Times,,55,5.5,https://covers.openlibrary.org/b/id/15124196-L.jpg,,,
680,Bible,Bible,Biographie,Manuscrits,Latin (médiéval et moderne),3172,317.2,https://covers.openlibrary.org/b/id/12707846-L.jpg,,,
681,Les voyages de Gulliver,Jonathan Swift,Biographie,Oui,,1809,180.9,https://covers.openlibrary.org/b/id/12717083-L.jpg,,,
682,Don Quichotte de la Manche,Miguel de Cervantes Saavedra,Biographie,Don Quichotte (Cervantes Saavedra,Miguel de),1589,158.9,https://covers.openlibrary.org/b/id/14428305-L.jpg,,,
683,Divina Commedia,Dante Alighieri,Biographie,Poésie (œuvres poétiques d'un auteur),,1334,133.4,https://covers.openlibrary.org/b/id/11621024-L.jpg,,,
684,Анна Каренина,Lev Tolstoï,Biographie,Fiction,,1314,131.4,https://covers.openlibrary.org/b/id/2560652-L.jpg,,,
685,Anne… la maison aux pignons verts,Lucy Maud Montgomery,Biographie,Fiction,,1299,129.9,https://covers.openlibrary.org/b/id/14641084-L.jpg,,,
686,Jules César,Guillaume Shakespeare,Biographie,Antoine (Marcus Antonius),,1222,122.2,https://covers.openlibrary.org/b/id/7901303-L.jpg,,,
687,Walden,Henri David Thoreau,Biographie,Biographie,,1136,113.6,https://covers.openlibrary.org/b/id/11248037-L.jpg,,,
688,Récit de la vie de Frederick Douglass,Frédéric Douglass,Biographie,Douglas,Frédéric,1032,103.2,https://covers.openlibrary.org/b/id/8247724-L.jpg,1818-1895,,
689,Douze ans d'esclave,Salomon Northup,Biographie,Esclavage,,1029,102.9,https://covers.openlibrary.org/b/id/14856045-L.jpg,,,
690,Les Dublinois,James Joyce,Biographie,Express quotidien,,995,99.5,https://covers.openlibrary.org/b/id/8216412-L.jpg,,,
691,Capitaines courageux,Rudyard Kipling,Biographie,Adolescents,,990,99,https://covers.openlibrary.org/b/id/12819857-L.jpg,,,
692,Feuilles d'herbe,Walt Whitman,Biographie,Manuscrits,,755,75.5,https://covers.openlibrary.org/b/id/9000447-L.jpg,,,
693,Troïlus et Cressida,Guillaume Shakespeare,Biographie,Drame,,732,73.2,https://covers.openlibrary.org/b/id/8789523-L.jpg,,,
694,Les Contes de Cantorbéry,Geoffrey Chaucer,Biographie,La mort,,722,72.2,https://covers.openlibrary.org/b/id/5767180-L.jpg,,,
695,Le progrès du pèlerin,John Bunyan,Biographie,Bibliographie,,683,68.3,https://covers.openlibrary.org/b/id/8229224-L.jpg,,,
696,L'autobiographie de Benjamin Franklin,Benjamin Franklin,Biographie,Testaments,,679,67.9,https://covers.openlibrary.org/b/id/5647361-L.jpg,,,
697,Le deuxième livre de la jungle,Rudyard Kipling,Biographie,Romains,,611,61.1,https://covers.openlibrary.org/b/id/2140514-L.jpg,,,
698,Sonnets,Guillaume Shakespeare,Biographie,Sonnets anglais,,579,57.9,https://covers.openlibrary.org/b/id/8222090-L.jpg,,,
699,Le locataire de Wildfell Hall,Anne Brontë,Biographie,Fiction,,558,55.8,https://covers.openlibrary.org/b/id/1023552-L.jpg,,,
700,Conditions ab urbe,Titus Livius,Biographie,Antiquités,,558,55.8,https://covers.openlibrary.org/b/id/6657951-L.jpg,,,
701,Orthodoxie,Gilbert Keith Chesterton,Biographie,Apologétiques,,551,55.1,https://covers.openlibrary.org/b/id/6268135-L.jpg,,,
702,Saint François d'Assise,Gilbert Keith Chesterton,Biographie,Biographie et autobiographie,,547,54.7,https://covers.openlibrary.org/b/id/502618-L.jpg,,,
703,Le livre de la jungle,Rudyard Kipling,Biographie,Jungles,,538,53.8,https://covers.openlibrary.org/b/id/3344204-L.jpg,,,
704,Le roi Henri V,Guillaume Shakespeare,Biographie,Drame,,527,52.7,https://covers.openlibrary.org/b/id/7420215-L.jpg,,,
705,Mon esclavage et ma liberté,Frédéric Douglass,Biographie,Douglas,Frédéric,509,50.9,https://covers.openlibrary.org/b/id/14847114-L.jpg,1818-1895,,
706,Métamorphoses,Ovide,Biographie,Poésie,,491,49.1,https://covers.openlibrary.org/b/id/7212118-L.jpg,,,
707,Une histoire de New York,Washington Irving,Biographie,Américains néerlandais,,472,47.2,https://covers.openlibrary.org/b/id/1991009-L.jpg,,,
708,L'homme qui serait roi,Rudyard Kipling,Biographie,Fiction,,460,46,https://covers.openlibrary.org/b/id/6021425-L.jpg,,,
709,Manifeste du Parti Communautaire,Karl Marx,Biographie,communisme,,458,45.8,https://covers.openlibrary.org/b/id/11048623-L.jpg,,,
710,Confessions,Augustin d'Hippone,Biographie,Aspects religieux de la vérité,,449,44.9,https://covers.openlibrary.org/b/id/9022521-L.jpg,,,
711,Sorti de l'esclavage,Booker T. Washington,Biographie,Washington,booker t.,430,43,https://covers.openlibrary.org/b/id/119317-L.jpg,1856-1915,,
712,À la dure,Marc Twain,Biographie,19ème siècle,,408,40.8,https://covers.openlibrary.org/b/id/9165528-L.jpg,,,
713,Paradis perdu,John Milton,Biographie,Bible,,393,39.3,https://covers.openlibrary.org/b/id/5992814-L.jpg,,,
714,Incidents dans la vie d'une esclave,Harriet A. Jacobs,Biographie,Femmes esclaves,,386,38.6,https://covers.openlibrary.org/b/id/411542-L.jpg,,,
715,L'Antéchrist,Frédéric Nietzsche,Biographie,Christianisme,,384,38.4,https://covers.openlibrary.org/b/id/1759313-L.jpg,,,
716,Les fleurs du mal,Charles Baudelaire,Biographie,Traductions en espagnol,,362,36.2,https://covers.openlibrary.org/b/id/8236412-L.jpg,,,
717,Seigneur Jim,Joseph Conrad,Biographie,Fiction,,345,34.5,https://covers.openlibrary.org/b/id/8236295-L.jpg,,,
718,Deux ans avant le mât,Richard Henry Dana,Biographie,Alerte (Brig : 1843-1862),,334,33.4,https://covers.openlibrary.org/b/id/8245243-L.jpg,,,
719,Vies,Plutarque,Biographie,Biographie,,322,32.2,https://covers.openlibrary.org/b/id/10679669-L.jpg,,,
720,"La vie d'Olaudah Equiano, ou Gustavus Vassa, l'Africain",Olaudah Equiano,Biographie,Esclavage,,298,29.8,https://covers.openlibrary.org/b/id/2074044-L.jpg,,,
721,Naviguer seul autour du monde,Josué Slocum,Biographie,Pulvérisation (Sloop),,294,29.4,https://covers.openlibrary.org/b/id/8247067-L.jpg,,,
722,Les œuvres poétiques complètes,Robert Brûlures,Biographie,Biographie,,293,29.3,https://covers.openlibrary.org/b/id/9048263-L.jpg,,,
723,Le magicien,William Somerset Maugham,Biographie,Fiction,,290,29,https://covers.openlibrary.org/b/id/2789948-L.jpg,,,
724,Het Achterhuis,Anne Frank,Biographie,autobiographies,,282,28.2,https://covers.openlibrary.org/b/id/8584021-L.jpg,,,
725,"Tom Sawyer, détective",Marc Twain,Biographie,Fiction,,276,27.6,https://covers.openlibrary.org/b/id/8923621-L.jpg,,,
726,Des hectares de diamants,Russell Herman Conwell,Biographie,Succès,,275,27.5,https://covers.openlibrary.org/b/id/5833160-L.jpg,,,
727,Erewhon,Samuel Butler,Biographie,Fiction,humoristique,272,27.2,https://covers.openlibrary.org/b/id/825789-L.jpg,général,,
728,"Marie ; ou, Les torts de la femme",Marie Wollstonecraft,Biographie,Fiction,,265,26.5,https://covers.openlibrary.org/b/id/314559-L.jpg,,,
729,Désobéissance civile,Henri David Thoreau,Biographie,Résistance au gouvernement,,261,26.1,https://covers.openlibrary.org/b/id/12679584-L.jpg,,,
730,Pièces (36),Guillaume Shakespeare,Biographie,sources,,257,25.7,https://covers.openlibrary.org/b/id/9023411-L.jpg,,,
731,Ἀνάβασις,Xénophon,Biographie,Histoire,,252,25.2,https://covers.openlibrary.org/b/id/6133592-L.jpg,,,
732,Captivité et restauration,Mary White Rowlandson,Biographie,Massachusetts,biographie,250,25,https://covers.openlibrary.org/b/id/1813688-L.jpg,,,
733,La Bibliothèque de biographie américaine,Jared Étincelles,Biographie,Biographie,,245,24.5,https://covers.openlibrary.org/b/id/13514238-L.jpg,,,
734,Les aveux,Jean-Jacques Rousseau,Biographie,Auteurs français,,244,24.4,https://covers.openlibrary.org/b/id/6371045-L.jpg,,,
735,Picasso,Pablo Picasso,Biographie,20e siècle,,240,24,https://covers.openlibrary.org/b/id/2238306-L.jpg,,,
736,Vie de Samuel Johnson,James Boswell,Biographie,Biographie,,238,23.8,https://covers.openlibrary.org/b/id/5785491-L.jpg,,,
737,Croquis d'hôpital,Louisa May Alcott,Biographie,Biographie,,237,23.7,https://covers.openlibrary.org/b/id/8029754-L.jpg,,,
738,Notes américaines,Charles Dickens,Biographie,Description et voyage,,233,23.3,https://covers.openlibrary.org/b/id/8236357-L.jpg,,,
739,Poèmes,Samuel Taylor Coleridge,Biographie,Poésie (œuvres poétiques d'un auteur),,232,23.2,https://covers.openlibrary.org/b/id/11696250-L.jpg,,,
740,L'ascension de Silas Lapham,William Dean Howells,Biographie,Les riches,,226,22.6,https://covers.openlibrary.org/b/id/8240382-L.jpg,,,
741,"L'histoire de Rasselas, prince d'Abyssinie",Samuel Johnson,Biographie,Ethiopie,fiction,224,22.4,https://covers.openlibrary.org/b/id/2035834-L.jpg,,,
742,"Œuvres [37 pièces de théâtre, 6 poèmes, sonnets]",Guillaume Shakespeare,Biographie,Drame anglais moderne et élisabéthain,,213,21.3,https://covers.openlibrary.org/b/id/8779054-L.jpg,,,
743,Moralité,Plutarque,Biographie,Éthique ancienne,,211,21.1,https://covers.openlibrary.org/b/id/5788251-L.jpg,,,
744,Moi,Evgeni Ivanovitch Zamyatin,Biographie,Littérature : textes,,210,21,https://covers.openlibrary.org/b/id/5484189-L.jpg,,,
745,Flush,Virginie Woolf,Biographie,Fiction,,206,20.6,https://covers.openlibrary.org/b/id/116161-L.jpg,,,
746,Apologie pro vita sua,John Henry Newman,Biographie,200,,204,20.4,https://covers.openlibrary.org/b/id/8242161-L.jpg,,,
747,Ben Hur,Lew Wallace,Biographie,Fiction,,201,20.1,https://covers.openlibrary.org/b/id/6456470-L.jpg,,,
748,Poèmes de John Keats,John Keats,Biographie,poésie anglaise,,200,20,https://covers.openlibrary.org/b/id/5635209-L.jpg,,,
749,Tapez,Herman Melville,Biographie,Fiction,,198,19.8,https://covers.openlibrary.org/b/id/9341648-L.jpg,,,
750,Un clochard à l'étranger,Marc Twain,Biographie,Auteurs américains,,197,19.7,https://covers.openlibrary.org/b/id/9168741-L.jpg,,,
751,L'homme sans pays,Edward Everett Hale,Biographie,Fiction,,189,18.9,https://covers.openlibrary.org/b/id/8239495-L.jpg,,,
752,Mon Kampf,Adolf Hitler,Biographie,Politique et gouvernement,,184,18.4,https://covers.openlibrary.org/b/id/12724015-L.jpg,,,
753,Autobiographie d'un Yogi,Yogananda Paramahansa,Biographie,Autobiographie,,182,18.2,https://covers.openlibrary.org/b/id/805448-L.jpg,,,
754,L'éducation d'Henry Adams,Henri Adams,Biographie,Biographie,,181,18.1,https://covers.openlibrary.org/b/id/8232012-L.jpg,,,
755,Robert Browning,Gilbert Keith Chesterton,Biographie,Biographie,,176,17.6,https://covers.openlibrary.org/b/id/1758204-L.jpg,,,
756,Les œuvres poétiques de John Dryden,John Dryden,Biographie,Critique et interprétation,,176,17.6,https://covers.openlibrary.org/b/id/1817022-L.jpg,,,
757,Ma vie et mon travail,"Ford, Henri",Biographie,Compagnie automobile Ford,,166,16.6,https://covers.openlibrary.org/b/id/1200056-L.jpg,,,
758,Agenda,Samuel Pépys,Biographie,Sources,,166,16.6,https://covers.openlibrary.org/b/id/12742285-L.jpg,,,
759,Le château,Franz Kafka,Biographie,Fiction,,165,16.5,https://covers.openlibrary.org/b/id/12605605-L.jpg,,,
760,Dei delitte et dele pene,César Beccaria,Biographie,Punition,,164,16.4,https://covers.openlibrary.org/b/id/8553099-L.jpg,,,
761,Mademoiselle Fifi,Guy de Maupassant,Biographie,Traductions en anglais,,162,16.2,https://covers.openlibrary.org/b/id/6468088-L.jpg,,,
762,John maïs d'orge,Jack Londres,Biographie,Alcooliques,,161,16.1,https://covers.openlibrary.org/b/id/11954493-L.jpg,,,
763,La Compagnie de la Baie d'Hudson,Robert Michael Ballantyne,Biographie,Compagnie de la Baie d'Hudson,,161,16.1,https://covers.openlibrary.org/b/id/1802733-L.jpg,,,
764,La vie sur le Mississippi,Marc Twain,Biographie,Auteurs américains,,157,15.7,https://covers.openlibrary.org/b/id/9164717-L.jpg,,,
765,Kokuritsu Kokkai Toshokan shozō Meijiki kankō tosho maikuro-ban shūsei,Kokuritsu Kokkai Toshokan (Japon),Biographie,Art,,156,15.6,,,,
766,Sept piliers de la sagesse,T.E. Lawrence,Biographie,Arabes,,152,15.2,https://covers.openlibrary.org/b/id/1448352-L.jpg,,,
767,Paul Klee,Paul Klee,Biographie,Catalogues raisonnés,,150,15,https://covers.openlibrary.org/b/id/13174486-L.jpg,,,
768,Henri Moore,David Sylvestre,Biographie,Sculpture,britannique,146,14.6,https://covers.openlibrary.org/b/id/1604103-L.jpg,,,
769,"Les aventures du capitaine Bonneville, U.S.A.",Washington Irving,Biographie,Description et voyage,,145,14.5,https://covers.openlibrary.org/b/id/8233401-L.jpg,,,
770,Exercice spirituel,Saint Ignace de Loyola,Biographie,Exercices spirituels,,145,14.5,https://covers.openlibrary.org/b/id/8027976-L.jpg,,,
771,Paul et Virginie,Bernardin de Saint-Pierre,Biographie,Botanique,,142,14.2,https://covers.openlibrary.org/b/id/8243325-L.jpg,,,
772,Elizabeth et son jardin allemand,Elizabeth von Arnim,Biographie,Fiction,,141,14.1,https://covers.openlibrary.org/b/id/652095-L.jpg,,,
773,L'histoire de la philosophie,Will Durant,Biographie,Philosophes,,141,14.1,https://covers.openlibrary.org/b/id/405360-L.jpg,,,
774,Une autobiographie,Mohandas Karamchand Gandhi,Biographie,Biographie et autobiographie,,140,14,https://covers.openlibrary.org/b/id/108086-L.jpg,,,
775,Histoire d'Alexandre le Grand,Jacob Abbott,Biographie,Littérature jeunesse,,137,13.7,https://covers.openlibrary.org/b/id/6946256-L.jpg,,,
776,Adolphe,Benjamin Constant,Biographie,Fiction,,134,13.4,https://covers.openlibrary.org/b/id/2154092-L.jpg,,,
777,Olivier Goldsmith,Washington Irving,Biographie,Poètes américains,,133,13.3,https://covers.openlibrary.org/b/id/8242982-L.jpg,,,
778,Un esprit qui s'est retrouvé,Bières Clifford Whittingham,Biographie,1876-1943,,130,13,https://covers.openlibrary.org/b/id/10857476-L.jpg,,,
779,De officiis,Cicéron,Biographie,Éthique ancienne,,129,12.9,https://covers.openlibrary.org/b/id/6487218-L.jpg,,,
780,Margaret Ogilvy et d'autres,J.M. Barrie,Biographie,Université d'Édimbourg,,128,12.8,https://covers.openlibrary.org/b/id/5748062-L.jpg,,,
781,"Houghton Mifflin, le choix de la nation",Personnel de la société Houghton Mifflin,Biographie,Dauphins,,127,12.7,https://covers.openlibrary.org/b/id/13518382-L.jpg,,,
782,Les vies du XII. Césars,Suétone,Biographie,Empereurs romains,,126,12.6,https://covers.openlibrary.org/b/id/8242755-L.jpg,,,
783,Εὐθύφρων / Κρίτων / Φαίδων / Ἀπολογία Σωκράτους,Πλάτων,Biographie,Philosophes,,126,12.6,https://covers.openlibrary.org/b/id/14390287-L.jpg,,,
784,La vie de Charlotte Brontë,Elizabeth Cleghorn Gaskell,Biographie,Romanciers anglais,,125,12.5,https://covers.openlibrary.org/b/id/2748823-L.jpg,,,
785,Dictionnaire de biographie nationale,George Murray Smith,Biographie,Biographie,,122,12.2,https://covers.openlibrary.org/b/id/1276873-L.jpg,,,
786,La Seconde Guerre mondiale,Winston S.Churchill,Biographie,Récits personnels,britannique,122,12.2,https://covers.openlibrary.org/b/id/7347623-L.jpg,,,
787,Cyropédie,Xénophon,Biographie,Biographie,,122,12.2,https://covers.openlibrary.org/b/id/6062894-L.jpg,,,
788,Grâce abondante pour le chef des pécheurs,John Bunyan,Biographie,Biographie,,121,12.1,https://covers.openlibrary.org/b/id/8241323-L.jpg,,,
789,Terre des hommes,Antoine de Saint-Exupéry,Biographie,20e siècle,,120,12,https://covers.openlibrary.org/b/id/967072-L.jpg,,,
790,Leur parcours de mariage,William Dean Howells,Biographie,Littérature classique,,118,11.8,https://covers.openlibrary.org/b/id/14822344-L.jpg,,,
791,"Les journaux d'André Gide, 1889-1949",André Gide,Biographie,Auteurs,,117,11.7,https://covers.openlibrary.org/b/id/6519760-L.jpg,,,
792,Colomb,Washington Irving,Biographie,Expéditions d'exploration,,115,11.5,https://covers.openlibrary.org/b/id/5890614-L.jpg,,,
793,Satires,Horace,Biographie,Satire en vers latins,,115,11.5,https://covers.openlibrary.org/b/id/8237873-L.jpg,,,
794,20 ans à Hull House,Jane Addams,Biographie,Addams,Jeanne,115,11.5,https://covers.openlibrary.org/b/id/700557-L.jpg,1860-1935,,
795,Max Ernst,Max Ernst,Biographie,Amis et associés,,114,11.4,https://covers.openlibrary.org/b/id/7879121-L.jpg,,,
796,Les voyages de Marco Polo,Marco Polo,Biographie,Description et voyage,,114,11.4,https://covers.openlibrary.org/b/id/8237917-L.jpg,,,
797,Vincent van Gogh,Vincent van Gogh,Biographie,Catalogues raisonnés,,114,11.4,https://covers.openlibrary.org/b/id/4703873-L.jpg,,,
798,Sanctuaire,William Faulkner,Biographie,Manuscrits américains,,113,11.3,https://covers.openlibrary.org/b/id/13105623-L.jpg,,,
799,Les bois du Maine,Henri David Thoreau,Biographie,Description et voyage,,112,11.2,https://covers.openlibrary.org/b/id/10873097-L.jpg,,,
800,... Trotzdem Ja zum Leben sagen,Viktor E. Frankl,Biographie,Camps de concentration nazis,,111,11.1,https://covers.openlibrary.org/b/id/8516506-L.jpg,,,
801,Aus mon Leben,Johann Wolfgang von Goethe,Biographie,Plantes,,111,11.1,https://covers.openlibrary.org/b/id/8237921-L.jpg,,,
802,Si cette question est une personne,Primo Levi,Biographie,Auschwitz (camp de concentration),,111,11.1,https://covers.openlibrary.org/b/id/1049023-L.jpg,,,
803,Œuvres complètes de W. R. Bion,W.R. Bion,Biographie,Psychologie,,108,10.8,https://covers.openlibrary.org/b/id/13227090-L.jpg,,,
804,Bambi,Félix Salten,Biographie,Cerf,,108,10.8,https://covers.openlibrary.org/b/id/7153939-L.jpg,,,
805,Beauté noire,Anna Sewell,Biographie,Beauté noire,,107,10.7,https://covers.openlibrary.org/b/id/5007492-L.jpg,,,
806,Les forêts du Canada,Catherine Parr Traill,Biographie,Description et voyage,,106,10.6,https://covers.openlibrary.org/b/id/2879771-L.jpg,,,
807,Histoires amérindiennes,Zitkala-Šá,Biographie,Biographie,,106,10.6,https://covers.openlibrary.org/b/id/574909-L.jpg,,,
808,Terribles révélations de Maria Monk,Marie Monk,Biographie,Anti-catholicisme,,105,10.5,https://covers.openlibrary.org/b/id/5595700-L.jpg,,,
809,Les travaux de Goethe,Johann Wolfgang von Goethe,Biographie,Traductions en anglais,,105,10.5,https://covers.openlibrary.org/b/id/5760460-L.jpg,,,
810,La vie militaire dans un régiment noir,Thomas Wentworth Higginson,Biographie,33e infanterie,,104,10.4,https://covers.openlibrary.org/b/id/6124732-L.jpg,,,
811,Les œuvres de Robert Burns,Robert Brûlures,Biographie,Biographie,,104,10.4,https://covers.openlibrary.org/b/id/5792560-L.jpg,,,
812,Mémoires,Giacomo Casanova,Biographie,Biographie,,104,10.4,https://covers.openlibrary.org/b/id/9556873-L.jpg,,,
813,Les mardis avec Morrie,Mitch Albom,Biographie,mémoire,,104,10.4,https://covers.openlibrary.org/b/id/12560417-L.jpg,,,
814,Vitae excellentium imperatorum,Corneille Nepos,Biographie,Biographie,,102,10.2,https://covers.openlibrary.org/b/id/9158291-L.jpg,,,
815,Souvenirs,Xénophon,Biographie,Philosophes anciens,,102,10.2,https://covers.openlibrary.org/b/id/6828030-L.jpg,,,
816,Hommage à la Catalogne,Georges Orwell,Biographie,Récits personnels en anglais,,101,10.1,https://covers.openlibrary.org/b/id/7282177-L.jpg,,,
817,Quo Vadis?,Henryk Sienkiewicz,Biographie,Fiction,,101,10.1,https://covers.openlibrary.org/b/id/8238855-L.jpg,,,
818,Les cendres d'Angèle,Frank McCourt,Biographie,Américains irlandais,,101,10.1,https://covers.openlibrary.org/b/id/8231802-L.jpg,,,
819,La vie de Washington,Mason Locke Weems,Biographie,Présidents,,100,10,https://covers.openlibrary.org/b/id/5903584-L.jpg,,,
820,Un adieu aux armes,Ernest Hemingway,Biographie,Comptes de guerre,,100,10,https://covers.openlibrary.org/b/id/7226599-L.jpg,,,
821,Biographie littéraire,Samuel Taylor Coleridge,Biographie,Critique,,100,10,https://covers.openlibrary.org/b/id/1813198-L.jpg,,,
822,Photos d'Italie,Charles Dickens,Biographie,Vie sociale et coutumes,,99,9.9,https://covers.openlibrary.org/b/id/9280483-L.jpg,,,
823,Décision; Отрочество; Юность,"Tolstoï, Léon, graf, 1828-1910",Biographie,Conditions sociales,,98,9.8,https://covers.openlibrary.org/b/id/8240391-L.jpg,,,
824,Gorin pas de sho,Miyamoto Musashi,Biographie,Biographie,,97,9.7,https://covers.openlibrary.org/b/id/6621293-L.jpg,,,
825,Le Diable amoureux,Jacques Cazotte,Biographie,Correspondance,,97,9.7,https://covers.openlibrary.org/b/id/11335668-L.jpg,,,
826,Marc Chagall,Marc Chagall,Biographie,ID de collection : EarlyArt,,97,9.7,https://covers.openlibrary.org/b/id/723472-L.jpg,,,
827,Vies des dames galantes,"Pierre de Bourdeille, seigneur de Brantôme",Biographie,Biographie,,96,9.6,https://covers.openlibrary.org/b/id/5750631-L.jpg,,,
828,Légende dorée,Jacobus de Voragine,Biographie,Saints chrétiens,,96,9.6,https://covers.openlibrary.org/b/id/6284843-L.jpg,,,
829,Vie et époque de Frederick Douglass,Frédéric Douglass,Biographie,Mouvements anti-esclavagistes,,95,9.5,https://covers.openlibrary.org/b/id/14811915-L.jpg,,,
830,Souvenirs et lettres de Robert E. Lee,Robert E. Lee,Biographie,Correspondance,,95,9.5,https://covers.openlibrary.org/b/id/6053381-L.jpg,,,
831,Vita di Benvenuto Cellini,Benvenuto Cellini,Biographie,Art,,95,9.5,https://covers.openlibrary.org/b/id/9230254-L.jpg,,,
832,Histoire verdadera de la conquista de la Nueva España,Bernal Díaz del Castillo,Biographie,Histoire,,94,9.4,https://covers.openlibrary.org/b/id/5858039-L.jpg,,,
833,"Le nègre du ""Narcisse""",Joseph Conrad,Biographie,Fiction,,94,9.4,https://covers.openlibrary.org/b/id/8235355-L.jpg,,,
834,Van Gogh,Federico Zéri,Biographie,Impressionnisme (Art),,91,9.1,https://covers.openlibrary.org/b/id/773443-L.jpg,,,
835,"Vite de' più eccellenti pittori, sculpteurs et architectes",Giorgio Vasari,Biographie,Histoire,,91,9.1,https://covers.openlibrary.org/b/id/5883089-L.jpg,,,
836,L'histoire de sa propre vie du père Henson,Josiah Henson,Biographie,Esclavage,,90,9,https://covers.openlibrary.org/b/id/5590858-L.jpg,,,
837,Histoire de Charles XII,Voltaire,Biographie,Histoire,,90,9,https://covers.openlibrary.org/b/id/8242944-L.jpg,,,
838,Henri Matisse,Henri Matisse,Biographie,ID de collection : EarlyArt,,90,9,https://covers.openlibrary.org/b/id/1025777-L.jpg,,,
839,Les œuvres de Washington Irving,Washington Irving,Biographie,Auteurs américains,,89,8.9,https://covers.openlibrary.org/b/id/8242347-L.jpg,,,
840,Actes et monuments,John Foxe,Biographie,Martyrs,,89,8.9,https://covers.openlibrary.org/b/id/5948997-L.jpg,,,
841,Léonard,Léonard de Vinci,Biographie,Expositions,,89,8.9,https://covers.openlibrary.org/b/id/919361-L.jpg,,,
842,Picasso,William S. Lieberman,Biographie,Les animaux dans l'art,,88,8.8,https://covers.openlibrary.org/b/id/2238081-L.jpg,,,
843,Архипелаг ГУЛАГ,Alexandre Isaac Solitaire,Biographie,Prisonniers politiques,,88,8.8,https://covers.openlibrary.org/b/id/12715912-L.jpg,,,
844,Edvard Munch,Edvard Munch,Biographie,Art,,88,8.8,https://covers.openlibrary.org/b/id/6748093-L.jpg,,,
845,Chemin vers la richesse,Benjamin Franklin,Biographie,Maximes américaines,,87,8.7,https://covers.openlibrary.org/b/id/6112107-L.jpg,,,
846,De bello judaico,Flavius ​​Josèphe,Biographie,Juifs,,87,8.7,https://covers.openlibrary.org/b/id/9805925-L.jpg,,,
847,Conversations de Goethe avec Eckermann et Soret,Johann Wolfgang von Goethe,Biographie,Biographie,,86,8.6,https://covers.openlibrary.org/b/id/9041638-L.jpg,,,
848,Papillon,Henri Charrière,Biographie,Prisonniers,biographie,86,8.6,https://covers.openlibrary.org/b/id/8752-L.jpg,,,
849,"Histoire de Cléopâtre, reine d'Egypte",Jacob Abbott,Biographie,Littérature jeunesse,,85,8.5,https://covers.openlibrary.org/b/id/6131048-L.jpg,,,
850,Un chant de Noël,Charles Dickens,Art,Histoires de fantômes,,2727,272.7,https://covers.openlibrary.org/b/id/13299222-L.jpg,,,
851,Macbeth,Guillaume Shakespeare,Art,Drame,,955,95.5,https://covers.openlibrary.org/b/id/872432-L.jpg,,,
852,Énée,Publius Vergilius Maro,Art,Poésie,,456,45.6,https://covers.openlibrary.org/b/id/6968564-L.jpg,,,
853,Poétique,Aristote,Art,Premiers travaux vers 1800,,251,25.1,https://covers.openlibrary.org/b/id/6528920-L.jpg,,,
854,Picasso,Pablo Picasso,Art,20e siècle,,240,24,https://covers.openlibrary.org/b/id/2238306-L.jpg,,,
855,Évangéline,Henry Wadsworth Longfellow,Art,Acadiens,,177,17.7,https://covers.openlibrary.org/b/id/6153860-L.jpg,,,
856,Salome,Oscar Wilde,Art,Drame,,174,17.4,https://covers.openlibrary.org/b/id/8246115-L.jpg,,,
857,"La Renaissance, études d'art et de poésie",Walter Pater,Art,Arts de la Renaissance,,156,15.6,https://covers.openlibrary.org/b/id/1803572-L.jpg,,,
858,Kokuritsu Kokkai Toshokan shozō Meijiki kankō tosho maikuro-ban shūsei,Kokuritsu Kokkai Toshokan (Japon),Art,Art,,156,15.6,,,,
859,Paul Klee,Paul Klee,Art,Catalogues raisonnés,,150,15,https://covers.openlibrary.org/b/id/13174486-L.jpg,,,
860,Henri Moore,David Sylvestre,Art,Sculpture,britannique,146,14.6,https://covers.openlibrary.org/b/id/1604103-L.jpg,,,
861,Mise en œuvre des accords d'Helsinki,États-Unis. Congrès. Commission sur la sécurité et la coopération en Europe,Art,Admission des non-immigrants,,144,14.4,https://covers.openlibrary.org/b/id/5939619-L.jpg,,,
862,Contes racontés deux fois,Nathaniel Hawthorne,Art,Surnaturel,,129,12.9,https://covers.openlibrary.org/b/id/10223473-L.jpg,,,
863,Sozialgeschichte der Kunst und Literatur,Arnold Hauser,Art,Art et société,,128,12.8,https://covers.openlibrary.org/b/id/8388010-L.jpg,,,
864,Max Ernst,Max Ernst,Art,Amis et associés,,114,11.4,https://covers.openlibrary.org/b/id/7879121-L.jpg,,,
865,Vincent van Gogh,Vincent van Gogh,Art,Catalogues raisonnés,,114,11.4,https://covers.openlibrary.org/b/id/4703873-L.jpg,,,
866,Sur le sublime,Longin,Art,Rhétorique ancienne,,113,11.3,https://covers.openlibrary.org/b/id/8235184-L.jpg,,,
867,Georg Baselitz,Georg Baselitz,Art,Expositions,,113,11.3,https://covers.openlibrary.org/b/id/3026795-L.jpg,,,
868,Un témoin silencieux,R.Austin Freeman,Art,Fiction,mystère et détective,111,11.1,https://covers.openlibrary.org/b/id/502736-L.jpg,général,,
869,Sésame et lys,John Ruskin,Art,Livres et lecture,,105,10.5,https://covers.openlibrary.org/b/id/10672278-L.jpg,,,
870,Un chien des Flandres,Ouida,Art,Fiction,général,105,10.5,https://covers.openlibrary.org/b/id/14434819-L.jpg,,,
871,Les travaux de Goethe,Johann Wolfgang von Goethe,Art,Traductions en anglais,,105,10.5,https://covers.openlibrary.org/b/id/5760460-L.jpg,,,
872,Histoire naturelle,Pline l'Ancien,Art,Géographie ancienne,,100,10,https://covers.openlibrary.org/b/id/6543272-L.jpg,,,
873,Les pierres de Venise,John Ruskin,Art,Venise,,99,9.9,https://covers.openlibrary.org/b/id/8239410-L.jpg,,,
874,La nausée,Jean-Paul Sartre,Art,Existentialisme,,98,9.8,https://covers.openlibrary.org/b/id/9393973-L.jpg,,,
875,Marc Chagall,Marc Chagall,Art,ID de collection : EarlyArt,,97,9.7,https://covers.openlibrary.org/b/id/723472-L.jpg,,,
876,Sophocle,Sophocle,Art,Drame,,96,9.6,https://covers.openlibrary.org/b/id/295684-L.jpg,,,
877,Vita di Benvenuto Cellini,Benvenuto Cellini,Art,Art,,95,9.5,https://covers.openlibrary.org/b/id/9230254-L.jpg,,,
878,Rembrandt,Rembrandt Harmenszoon van Rijn,Art,Gravure,,93,9.3,https://covers.openlibrary.org/b/id/8242272-L.jpg,,,
879,Série de livres de coloriage New Creations,Thérèse Davis,Art,Art,,92,9.2,https://covers.openlibrary.org/b/id/12102183-L.jpg,,,
880,Van Gogh,Federico Zéri,Art,Impressionnisme (Art),,91,9.1,https://covers.openlibrary.org/b/id/773443-L.jpg,,,
881,Le dépanneur,Robert Louis Stevenson,Art,Fiction,,91,9.1,https://covers.openlibrary.org/b/id/8242977-L.jpg,,,
882,"Vite de' più eccellenti pittori, sculpteurs et architectes",Giorgio Vasari,Art,Histoire,,91,9.1,https://covers.openlibrary.org/b/id/5883089-L.jpg,,,
883,Léonard,Léonard de Vinci,Art,Expositions,,89,8.9,https://covers.openlibrary.org/b/id/919361-L.jpg,,,
884,Picasso,William S. Lieberman,Art,Les animaux dans l'art,,88,8.8,https://covers.openlibrary.org/b/id/2238081-L.jpg,,,
885,Edvard Munch,Edvard Munch,Art,Art,,88,8.8,https://covers.openlibrary.org/b/id/6748093-L.jpg,,,
886,La tentation de saint Antoine,Gustave Flaubert,Art,Saints chrétiens,,86,8.6,https://covers.openlibrary.org/b/id/230512-L.jpg,,,
887,Joan Miro,Joan Miro,Art,Fondation Pilar et Joan Miró à Majorque,,85,8.5,https://covers.openlibrary.org/b/id/2241129-L.jpg,,,
888,La cathédrale,Joris-Karl Huysmans,Art,Art,,84,8.4,https://covers.openlibrary.org/b/id/5392487-L.jpg,,,
889,Andy Warhol,Andy Warhol,Art,Voyage,,84,8.4,https://covers.openlibrary.org/b/id/1027207-L.jpg,,,
890,Les oiseaux d'Amérique,John James Audubon,Art,Peinture à l'aquarelle américaine,,83,8.3,https://covers.openlibrary.org/b/id/8245338-L.jpg,,,
891,Neuf histoires,J.D. Salinger,Art,Fiction,,82,8.2,https://covers.openlibrary.org/b/id/392623-L.jpg,,,
892,Émile Noldé,Émile Noldé,Art,Peinture à l'aquarelle,Allemand,81,8.1,https://covers.openlibrary.org/b/id/2237617-L.jpg,,,
893,Max Beckmann,Max Beckmann,Art,Catalogues raisonnés,,80,8,https://covers.openlibrary.org/b/id/4321953-L.jpg,,,
894,Alberto Giacometti,Alberto Giacometti,Art,Art,,79,7.9,https://covers.openlibrary.org/b/id/8242268-L.jpg,,,
895,Arnulf Rainer,Arnulf Rainer,Art,Dans l'art,,76,7.6,https://covers.openlibrary.org/b/id/5534748-L.jpg,,,
896,Vénus et Adonis,Guillaume Shakespeare,Art,Poésie,,74,7.4,https://covers.openlibrary.org/b/id/8982674-L.jpg,,,
897,L'art à travers les âges,Hélène Gardner,Art,Histoire,,73,7.3,https://covers.openlibrary.org/b/id/8974653-L.jpg,,,
898,Le Corbusier,Le Corbusier,Art,Correspondance,,72,7.2,https://covers.openlibrary.org/b/id/2258962-L.jpg,,,
899,Illusions perdues,Honoré de Balzac,Art,Vie sociale et coutumes,,71,7.1,https://covers.openlibrary.org/b/id/5752320-L.jpg,,,
900,Les lettres d'Horace Walpole,Horace Walpole,Art,Art,,71,7.1,https://covers.openlibrary.org/b/id/8241374-L.jpg,,,
901,Jean Dubuffet,Jean Dubuffet,Art,Esthétique,,71,7.1,https://covers.openlibrary.org/b/id/7007200-L.jpg,,,
902,Documents collectés,Sigmond Freud,Art,Adresses,essais,69,6.9,https://covers.openlibrary.org/b/id/8242841-L.jpg,conférences,,
903,Joseph Beuys,Joseph Beuys,Art,Bibliographie,,68,6.8,https://covers.openlibrary.org/b/id/4878439-L.jpg,,,
904,"Traités, etc.",France,Art,Relations extérieures,,68,6.8,https://covers.openlibrary.org/b/id/5990864-L.jpg,,,
905,Délicieux,Andy Rivera,Art,Bandes dessinées et romans graphiques,général,65,6.5,,,,
906,"Le ""génie""",Théodore Dreiser,Art,fiction américaine,,62,6.2,https://covers.openlibrary.org/b/id/8369941-L.jpg,,,
907,Rodin,Auguste Rodin,Art,Expositions,,62,6.2,https://covers.openlibrary.org/b/id/1026898-L.jpg,,,
908,Toulouse-Lautrec,Henri de Toulouse-Lautrec,Art,Bibliothèque nationale (France),,62,6.2,https://covers.openlibrary.org/b/id/1030644-L.jpg,,,
909,Matins à Florence,John Ruskin,Art,Art chrétien et symbolisme,,60,6,https://covers.openlibrary.org/b/id/8229257-L.jpg,,,
910,Matisse,Henri Matisse,Art,Correspondance,,60,6,https://covers.openlibrary.org/b/id/2178063-L.jpg,,,
911,Giorgio Morandi,Giorgio Morandi,Art,ID de collection : EarlyArt,,59,5.9,https://covers.openlibrary.org/b/id/1026983-L.jpg,,,
912,Auguste Rodin,Rainer Maria Rilke,Art,Correspondance,,59,5.9,https://covers.openlibrary.org/b/id/6885148-L.jpg,,,
913,Le bol d'or,Henri James,Art,Fiction,,58,5.8,https://covers.openlibrary.org/b/id/8246120-L.jpg,,,
914,Grave et magnifique,José Varèse,Art,Bandes dessinées et romans graphiques,général,57,5.7,https://covers.openlibrary.org/b/id/14772705-L.jpg,,,
915,Julien Schnabel,Julien Schnabel,Art,Peinture technique mixte,,57,5.7,https://covers.openlibrary.org/b/id/4018669-L.jpg,,,
916,Goya,François Goya,Art,Catalogues raisonnés,,57,5.7,https://covers.openlibrary.org/b/id/8235173-L.jpg,,,
917,Rose de Garance,Stephen King,Art,rose de garance,,56,5.6,https://covers.openlibrary.org/b/id/8578049-L.jpg,,,
918,Sam François,Sam François,Art,art,,56,5.6,https://covers.openlibrary.org/b/id/2256437-L.jpg,,,
919,Fernand Léger,Fernand Léger,Art,Catalogues raisonnés,,56,5.6,https://covers.openlibrary.org/b/id/2139016-L.jpg,,,
920,Ernst Ludwig Kirchner,Ernst Ludwig Kirchner,Art,Dans l'art,,56,5.6,https://covers.openlibrary.org/b/id/5366231-L.jpg,,,
921,Miró,Joan Miro,Art,Catalogues,,54,5.4,https://covers.openlibrary.org/b/id/1534153-L.jpg,,,
922,Kandinsky,Vassily Kandinsky,Art,Art abstrait,,54,5.4,https://covers.openlibrary.org/b/id/8246223-L.jpg,,,
923,Anselme Kiefer,Anselme Kiefer,Art,La cosmologie dans l'art,,54,5.4,https://covers.openlibrary.org/b/id/720696-L.jpg,,,
924,Le Cloître et le Foyer,Charles Lire,Art,Choix du personnel de la bibliothèque ouverte,,54,5.4,https://covers.openlibrary.org/b/id/8239508-L.jpg,,,
925,Otto Dix,Otto Dix,Art,Art,,53,5.3,https://covers.openlibrary.org/b/id/1025594-L.jpg,,,
926,Poèmes,Oscar Wilde,Art,Préraphaélitisme,,53,5.3,https://covers.openlibrary.org/b/id/2003146-L.jpg,,,
927,Lyonel Feininger,Lyonel Feininger,Art,Peinture à l'aquarelle américaine,,53,5.3,https://covers.openlibrary.org/b/id/4500574-L.jpg,,,
928,Meus Artigos,Jacob Burckhardt,Art,Renaissance,,53,5.3,https://covers.openlibrary.org/b/id/7187258-L.jpg,,,
929,Michel-Ange,Michel-Ange Buonarroti,Art,Art,,52,5.2,https://covers.openlibrary.org/b/id/8244489-L.jpg,,,
930,Alex Katz,Alex Katz,Art,Catalogues,,52,5.2,https://covers.openlibrary.org/b/id/4993094-L.jpg,,,
931,Jusqu'à ce dernier,John Ruskin,Art,Économie,,51,5.1,https://covers.openlibrary.org/b/id/8244595-L.jpg,,,
932,Œuvres littéraires de Léonard de Vinci,Léonard de Vinci,Art,Carnets,carnets de croquis,51,5.1,https://covers.openlibrary.org/b/id/7139836-L.jpg,,,
933,Christo,Christo,Art,Art,,51,5.1,https://covers.openlibrary.org/b/id/4899103-L.jpg,,,
934,La couronne d'olivier sauvage,John Ruskin,Art,Architecture,,51,5.1,https://covers.openlibrary.org/b/id/8244557-L.jpg,,,
935,Rouault,Georges Rouault,Art,Art,,50,5,https://covers.openlibrary.org/b/id/7390963-L.jpg,,,
936,Gerhard Richter,"Richter, Gerhard",Art,Expositions,,50,5,https://covers.openlibrary.org/b/id/4875183-L.jpg,,,
937,La femme sage,Georges MacDonald,Art,Conduite de la vie dans la fiction,,49,4.9,https://covers.openlibrary.org/b/id/14361880-L.jpg,,,
938,Benim Adım Kırmızı,Orhan Pamuk,Art,Littérature et théâtre du Moyen-Orient,,48,4.8,https://covers.openlibrary.org/b/id/1054459-L.jpg,,,
939,Cy Twombly,Cy Twombly,Art,Catalogues raisonnés,,48,4.8,https://covers.openlibrary.org/b/id/2078531-L.jpg,,,
940,Cézanne,André. Leclerc,Art,ID de collection : EarlyArt,,48,4.8,https://covers.openlibrary.org/b/id/8273271-L.jpg,,,
941,La table des Flandres,Arturo Pérez-Reverte,Art,Femmes historiennes de l’art,,47,4.7,https://covers.openlibrary.org/b/id/7413238-L.jpg,,,
942,Botero : La corrida,Fernando Botero,Art,Expositions,,47,4.7,https://covers.openlibrary.org/b/id/643954-L.jpg,,,
943,Histoire de l'art,H.W. Janson,Art,Art,histoire,47,4.7,https://covers.openlibrary.org/b/id/10075231-L.jpg,,,
944,Egon Schiele,Egon Schiele,Art,Art,,47,4.7,https://covers.openlibrary.org/b/id/317113-L.jpg,,,
945,Chagal,Marc Chagall,Art,Art,,47,4.7,https://covers.openlibrary.org/b/id/1255947-L.jpg,,,
946,Alain Davie,Alain Davie,Art,Art britannique,,47,4.7,https://covers.openlibrary.org/b/id/4775740-L.jpg,,,
947,Histoire des arts,Marilyn Stokstad,Art,Art,,46,4.6,https://covers.openlibrary.org/b/id/596109-L.jpg,,,
948,A.R. Penck,A.R. Penck,Art,Expositions,,46,4.6,,,,
949,Willem de Kooning,Willem De Kooning,Art,Expressionnisme abstrait,,46,4.6,https://covers.openlibrary.org/b/id/3811034-L.jpg,,,
950,Richard Serra,Richard Serra,Art,Catalogues raisonnés,,46,4.6,https://covers.openlibrary.org/b/id/2258094-L.jpg,,,
951,Donald Judd,Donald Judd,Art,Expositions,,46,4.6,https://covers.openlibrary.org/b/id/4875322-L.jpg,,,
952,Lettres de remarque,Shaun Usher,Art,Correspondance,,45,4.5,https://covers.openlibrary.org/b/id/11502972-L.jpg,,,
953,"""Vous plaisantez sûrement, M. Feynman""",Richard Phillips Feynman,Art,Anecdotes,,45,4.5,https://covers.openlibrary.org/b/id/9274698-L.jpg,,,
954,Chto takoe iskusstvo ? / Qu'est-ce que l'art ?,"Tolstoï, Léon, graf, 1828-1910",Art,Art,,44,4.4,https://covers.openlibrary.org/b/id/6968217-L.jpg,,,
955,David Smith,David Smith,Art,Photographie artistique,,44,4.4,https://covers.openlibrary.org/b/id/7151551-L.jpg,,,
956,Karel Appel,Karel Appel,Art,Art et maladie mentale,,44,4.4,https://covers.openlibrary.org/b/id/2288521-L.jpg,,,
957,L'histoire de l'art,E.H. Gombrich,Art,Art,,44,4.4,https://covers.openlibrary.org/b/id/538390-L.jpg,,,
958,Hans Hartung,Hans Hartung,Art,Bibliographie,,44,4.4,https://covers.openlibrary.org/b/id/10001499-L.jpg,,,
959,Ernst Barlach,Ernst Barlach,Art,Collections d'art,,43,4.3,https://covers.openlibrary.org/b/id/2239133-L.jpg,,,
960,Richard Prince,Richard Prince,Art,Photographie artistique,,43,4.3,https://covers.openlibrary.org/b/id/2251845-L.jpg,,,
961,Le meurtre au cinéma,Edward Phillips Oppenheim,Art,Fiction,mystère et détective,43,4.3,https://covers.openlibrary.org/b/id/2752550-L.jpg,général,,
962,Sigmar Polke,Sigmar Polke,Art,Civilisation dans l'art,,43,4.3,https://covers.openlibrary.org/b/id/4024791-L.jpg,,,
963,Sämtliche Werke,Johann Wolfgang von Goethe,Art,Traductions en anglais,,43,4.3,https://covers.openlibrary.org/b/id/2476300-L.jpg,,,
964,Fernando Botero,Fernando Botero,Art,Catalogues raisonnés,,43,4.3,https://covers.openlibrary.org/b/id/5253386-L.jpg,,,
965,Sean Scully,Sean Scully,Art,Catalogues,,42,4.2,https://covers.openlibrary.org/b/id/1261361-L.jpg,,,
966,Espoirs et craintes pour l'art,William Morris,Art,Mouvement des arts et métiers,,42,4.2,https://covers.openlibrary.org/b/id/10677896-L.jpg,,,
967,Inspection après 16 ans,Ofsted.,Art,Agriculture,,42,4.2,,,,
968,Les deux chemins,John Ruskin,Art,Art,,42,4.2,https://covers.openlibrary.org/b/id/10673435-L.jpg,,,
969,Le Chardonneret,Donna Tartt,Art,chardonneret,,42,4.2,https://covers.openlibrary.org/b/id/8771366-L.jpg,,,
970,Albrecht Dürer,Albrecht Dürer,Art,Kunsthalle de Brême,,42,4.2,https://covers.openlibrary.org/b/id/2238204-L.jpg,,,
971,Traqueurs,Sarah Fleming,Art,Comportement animal,,41,4.1,https://covers.openlibrary.org/b/id/2331660-L.jpg,,,
972,Roy Lichtenstein,Roy Lichtenstein,Art,Sculpture américaine,,41,4.1,https://covers.openlibrary.org/b/id/2078546-L.jpg,,,
973,Giotto,Giotto,Art,Bible,,41,4.1,https://covers.openlibrary.org/b/id/6296581-L.jpg,,,
974,Lignes serrées,José Varèse,Art,Bandes dessinées et romans graphiques,général,41,4.1,,,,
975,Le Gedichte de Schiller,Frédéric Schiller,Art,Textes,,41,4.1,https://covers.openlibrary.org/b/id/8792022-L.jpg,,,
976,Édition 1,Thomas Gale,Art,ARTS ET DISCIPLINES DU LANGAGE,,40,4,https://covers.openlibrary.org/b/id/8146664-L.jpg,,,
977,Tirukkur̲aḷ,Tiruvaḷḷuvar.,Art,Citations,maximes,40,4,https://covers.openlibrary.org/b/id/4885401-L.jpg,,,
978,Louise Bourgeois,Louise Bourgeois,Art,Expositions,,40,4,https://covers.openlibrary.org/b/id/596355-L.jpg,,,
979,Le Greco,Greco,Art,Expositions,,40,4,https://covers.openlibrary.org/b/id/7004887-L.jpg,,,
980,Kenneth Noland,Kenneth Noland,Art,Art américain,,40,4,https://covers.openlibrary.org/b/id/5481731-L.jpg,,,
981,La vie de notre Seigneur Jésus-Christ,James Jacques Joseph Tissot,Art,Art,,39,3.9,https://covers.openlibrary.org/b/id/6960338-L.jpg,,,
982,La philosophie de l'art moderne,Herbert Edward Lire,Art,Esthétique,,39,3.9,https://covers.openlibrary.org/b/id/9678943-L.jpg,,,
983,Le Royaume de Dieu est en vous,Lev Tolstoï,Art,Art,,39,3.9,https://covers.openlibrary.org/b/id/767594-L.jpg,,,
984,Le caméléon mélangé,Éric Carlé,Art,Livres jouets et mobiles,,39,3.9,https://covers.openlibrary.org/b/id/3153851-L.jpg,,,
985,Culture libre,Laurent Lesig,Art,Propriété intellectuelle,,37,3.7,https://covers.openlibrary.org/b/id/872235-L.jpg,,,
986,James Ensor,James Ensor,Art,Catalogues,,37,3.7,https://covers.openlibrary.org/b/id/2238339-L.jpg,,,
987,Intérieur de l'enfance de Léonard de Vinci,Sigmond Freud,Art,Biographie,,37,3.7,https://covers.openlibrary.org/b/id/10839945-L.jpg,,,
988,Richard Diebenkorn,Richard Diebenkorn,Art,Peinture,péruvien,37,3.7,https://covers.openlibrary.org/b/id/4366519-L.jpg,,,
989,Kathe Kollwitz,Kathe Kollwitz,Art,La couleur dans l'art,,37,3.7,https://covers.openlibrary.org/b/id/2249361-L.jpg,,,
990,Raphaël,Raphaël,Art,Etudes préparatoires aux artistes,,37,3.7,https://covers.openlibrary.org/b/id/5890900-L.jpg,,,
991,Lucien Freud,Lucien Freud,Art,Gravure,,37,3.7,https://covers.openlibrary.org/b/id/3252945-L.jpg,,,
992,Henri de Toulouse-Lautrec,Henri de Toulouse-Lautrec,Art,Impressions,,37,3.7,https://covers.openlibrary.org/b/id/4791413-L.jpg,,,
993,Art,Frédéric Hartt,Art,Art,,37,3.7,https://covers.openlibrary.org/b/id/6793480-L.jpg,,,
994,"Ces feuilles stériles, un roman",Aldous Huxley,Art,Artistes et mécènes,,36,3.6,https://covers.openlibrary.org/b/id/801514-L.jpg,,,
995,Cas cruciaux,Edith Wharton,Art,Littérature classique,,36,3.6,https://covers.openlibrary.org/b/id/9328985-L.jpg,,,
996,Ellsworth Kelly,Ellsworth Kelly,Art,Estampes américaines,,36,3.6,https://covers.openlibrary.org/b/id/1026799-L.jpg,,,
997,Antoine Gormley,Antoine Gormley,Art,Sculpture britannique,,35,3.5,https://covers.openlibrary.org/b/id/4875748-L.jpg,,,
998,Calder,Alexandre Calder,Art,Sculpture américaine,,35,3.5,https://covers.openlibrary.org/b/id/8425906-L.jpg,,,
999,Harry Potter et l'enfant maudit,Jack Thorne,Art,Drame,,35,3.5,https://covers.openlibrary.org/b/id/8763851-L.jpg,,,
1000,Georgia O'Keeffe,Georgia O'Keeffe,Art,Peinture,Abstrait,35,3.5,https://covers.openlibrary.org/b/id/4653766-L.jpg,,,
1001,Représentation du monde chez l'enfant,Jean Piaget,Art,Congrès,,35,3.5,https://covers.openlibrary.org/b/id/7147659-L.jpg,,,
1002,Gerhard Richter,Gerhard Richter,Art,Expositions,,34,3.4,https://covers.openlibrary.org/b/id/927973-L.jpg,,,
1003,Horst Janssen,"Janssen, Horst",Art,Artistes,,34,3.4,https://covers.openlibrary.org/b/id/2257157-L.jpg,,,
1004,Niki de Saint Phalle,Niki de Saint-Phalle,Art,Catalogues,,34,3.4,https://covers.openlibrary.org/b/id/2240737-L.jpg,,,
1005,La Sonrisa De Mona Ratisa,Elisabetta Dami,Art,Fiction pour enfants,,33,3.3,https://covers.openlibrary.org/b/id/3324757-L.jpg,,,
1006,[Relief d'Emile M. Blum.],États-Unis. Congrès. Sénat. Commission de la bibliothèque,Art,Anniversaires,,33,3.3,,,,
1007,Terreurs nocturnes,José Varèse,Art,Bandes dessinées et romans graphiques,général,33,3.3,,,,
1008,Quand un homme se marie,Mary Roberts Rinehart,Art,Fiction,,33,3.3,https://covers.openlibrary.org/b/id/6285649-L.jpg,,,
1009,De ne pas pouvoir peindre,Marion Milner,Art,Création (littéraire,artistique,33,3.3,https://covers.openlibrary.org/b/id/9780773-L.jpg,etc.),,
1010,Robert Rauschenberg,Robert Rauschenberg,Art,Assemblages (Arts),,33,3.3,https://covers.openlibrary.org/b/id/4208993-L.jpg,,,
1011,Stéphane Balkenhol,Stéphane Balkenhol,Art,Expositions,,33,3.3,https://covers.openlibrary.org/b/id/3159758-L.jpg,,,
1012,Bruce Nauman,Bruce Nauman,Art,Art,Moderne,33,3.3,https://covers.openlibrary.org/b/id/5166986-L.jpg,,,
1013,Les principes de l'art,R.G. Collingwood,Art,Esthétique,,32,3.2,https://covers.openlibrary.org/b/id/7989914-L.jpg,,,
1014,Dante Gabriel Rossetti,Dante Gabriel Rossetti,Art,Correspondance,,32,3.2,https://covers.openlibrary.org/b/id/1792433-L.jpg,,,
1015,Odilon Redon,Odilon Redon,Art,Art,,31,3.1,https://covers.openlibrary.org/b/id/2238413-L.jpg,,,
1016,Le mystère D'Arblay,R.Austin Freeman,Art,Thorndyke,docteur (personnage fictif),31,3.1,https://covers.openlibrary.org/b/id/502719-L.jpg,fiction,,
1017,La voie de l'artiste,Julia Cameron,Art,Problèmes,exercices,31,3.1,https://covers.openlibrary.org/b/id/10840008-L.jpg,,,
1018,Art maintenant,Herbert Edward Lire,Art,Histoire,,31,3.1,https://covers.openlibrary.org/b/id/9551074-L.jpg,,,
1019,Juste des enfants,Patti Smith,Art,Femmes poètes,,31,3.1,https://covers.openlibrary.org/b/id/6671097-L.jpg,,,
1020,Les aventures d'Alice au pays des merveilles,Lewis Carroll,Enfants,Alice (personnage fictif : Carroll),fiction,3546,354.6,https://covers.openlibrary.org/b/id/10527843-L.jpg,,,
1021,Bible,Bible,Enfants,Manuscrits,Latin (médiéval et moderne),3172,317.2,https://covers.openlibrary.org/b/id/12707846-L.jpg,,,
1022,Olivier Twist,Charles Dickens,Enfants,Bildungsromans,,2209,220.9,https://covers.openlibrary.org/b/id/13300802-L.jpg,,,
1023,Le merveilleux magicien d'Oz,L. Frank Baum,Enfants,Sorcières,,2052,205.2,https://covers.openlibrary.org/b/id/552443-L.jpg,,,
1024,Le jardin secret,Frances Hodgson Burnett,Enfants,Fiction,général,1594,159.4,https://covers.openlibrary.org/b/id/12622062-L.jpg,,,
1025,À travers le miroir,Lewis Carroll,Enfants,Fantaisie,,1378,137.8,https://covers.openlibrary.org/b/id/11272464-L.jpg,,,
1026,Cinq enfants et ça,Edith Nesbit,Enfants,Fiction,,950,95,https://covers.openlibrary.org/b/id/28174-L.jpg,,,
1027,Les aventures de Tom Sawyer,Marc Twain,Enfants,Les aventures de Tom Sawyer,,879,87.9,https://covers.openlibrary.org/b/id/12043351-L.jpg,,,
1028,David Copperfield,Charles Dickens,Enfants,Drame britannique et irlandais (œuvres dramatiques d'un auteur),,846,84.6,https://covers.openlibrary.org/b/id/1048892-L.jpg,,,
1029,L'ancienne boutique de curiosités,Charles Dickens,Enfants,Fiction,,825,82.5,https://covers.openlibrary.org/b/id/13119794-L.jpg,,,
1030,Le monde perdu,Arthur Conan Doyle,Enfants,Histoires d'aventure,,747,74.7,https://covers.openlibrary.org/b/id/8231444-L.jpg,,,
1031,L'histoire des chercheurs de trésors,Edith Nesbit,Enfants,Fiction,,653,65.3,https://covers.openlibrary.org/b/id/13241364-L.jpg,,,
1032,Le tour de vis,Henri James,Enfants,Gouvernantes,fiction,564,56.4,https://covers.openlibrary.org/b/id/181493-L.jpg,,,
1033,Les aventures d'Alice au pays des merveilles / De l'autre côté du miroir,Lewis Carroll,Enfants,aventure et aventuriers,,542,54.2,https://covers.openlibrary.org/b/id/8595966-L.jpg,,,
1034,Petits hommes,Louisa May Alcott,Enfants,Louisa May Alcott,,517,51.7,https://covers.openlibrary.org/b/id/8043576-L.jpg,,,
1035,Le château enchanté,Edith Nesbit,Enfants,Fiction,,478,47.8,https://covers.openlibrary.org/b/id/6644514-L.jpg,,,
1036,Le éclaireur,James Fenimore Cooper,Enfants,Littérature classique,,427,42.7,https://covers.openlibrary.org/b/id/8980913-L.jpg,,,
1037,Jude l'Obscur,Thomas Hardy,Enfants,Vie sociale et coutumes,,425,42.5,https://covers.openlibrary.org/b/id/12973053-L.jpg,,,
1038,Tom Sawyer à l'étranger,Marc Twain,Enfants,Ascensions en ballon,,333,33.3,https://covers.openlibrary.org/b/id/9162125-L.jpg,,,
1039,Petit Seigneur Fauntleroy,Frances Hodgson Burnett,Enfants,Littérature classique,,332,33.2,https://covers.openlibrary.org/b/id/29376-L.jpg,,,
1040,Des jours de rêve,Kenneth Grahame,Enfants,Fiction,,303,30.3,https://covers.openlibrary.org/b/id/5915025-L.jpg,,,
1041,Ce que Katy a fait,Susan Coolidge,Enfants,Fiction pour enfants,,286,28.6,https://covers.openlibrary.org/b/id/2324467-L.jpg,,,
1042,Het Achterhuis,Anne Frank,Enfants,autobiographies,,282,28.2,https://covers.openlibrary.org/b/id/8584021-L.jpg,,,
1043,Contes de Shakespeare [20 contes],Charles Lamb,Enfants,Adaptations,,255,25.5,https://covers.openlibrary.org/b/id/12569842-L.jpg,,,
1044,"[William Wheeler Hubbell, autorisé à déposer des brevets.]",États-Unis. Congrès. Sénat. Comité des brevets,Enfants,Administration de la justice,,241,24.1,https://covers.openlibrary.org/b/id/10200621-L.jpg,,,
1045,Notes américaines,Charles Dickens,Enfants,Description et voyage,,233,23.3,https://covers.openlibrary.org/b/id/8236357-L.jpg,,,
1046,Otto à la Main d'Argent,Howard Pyle,Enfants,Moyen-âge,,226,22.6,https://covers.openlibrary.org/b/id/7263483-L.jpg,,,
1047,Jack et Jill : une histoire de village,Louisa May Alcott,Enfants,Fiction,,208,20.8,https://covers.openlibrary.org/b/id/5922002-L.jpg,,,
1048,Médecine domestique,"William Buchan, M.D.",Enfants,Enfants,,201,20.1,https://covers.openlibrary.org/b/id/6129497-L.jpg,,,
1049,Seigneur des mouches,William Golding,Enfants,fiction,,191,19.1,https://covers.openlibrary.org/b/id/8684447-L.jpg,,,
1050,Les bébés d'eau,Charles Kingsley,Enfants,Ramoneurs,,185,18.5,https://covers.openlibrary.org/b/id/8785097-L.jpg,,,
1051,Sylvie et Bruno,Lewis Carroll,Enfants,Fantaisie,,180,18,https://covers.openlibrary.org/b/id/8243045-L.jpg,,,
1052,Heidi,Johanna Spyri,Enfants,Johanna Spyri,,180,18,https://covers.openlibrary.org/b/id/2668686-L.jpg,,,
1053,"Le petit oiseau blanc, ou Aventures dans les jardins de Kensington",J.M. Barrie,Enfants,Fiction,,172,17.2,https://covers.openlibrary.org/b/id/2808666-L.jpg,,,
1054,"Le lion, la sorcière et l'armoire magique",CS Lewis,Enfants,le Blitz,,158,15.8,https://covers.openlibrary.org/b/id/8441376-L.jpg,,,
1055,James et la pêche géante,Roald Dahl,Enfants,Livres chrétiens,,150,15,https://covers.openlibrary.org/b/id/8252454-L.jpg,,,
1056,Mathilde,Roald Dahl,Enfants,fiction juvénile,,149,14.9,https://covers.openlibrary.org/b/id/12889769-L.jpg,,,
1057,Les petits gens queer,Harriet Beecher-Stowe,Enfants,Fiction juvénile,,145,14.5,https://covers.openlibrary.org/b/id/756617-L.jpg,,,
1058,Les chasseurs de gorilles,Robert Michael Ballantyne,Enfants,Gorille,,144,14.4,https://covers.openlibrary.org/b/id/2754310-L.jpg,,,
1059,La Perle,John Steinbeck,Enfants,Fiction américaine (œuvres de fiction d'un auteur),,143,14.3,https://covers.openlibrary.org/b/id/2523104-L.jpg,,,
1060,Aurores boréales,Philippe Pullman,Enfants,Théologie politique,,142,14.2,https://covers.openlibrary.org/b/id/8747028-L.jpg,,,
1061,Le fou et le pirate,Robert Michael Ballantyne,Enfants,Enfants,,127,12.7,https://covers.openlibrary.org/b/id/2754321-L.jpg,,,
1062,Une histoire enchevêtrée,Lewis Carroll,Enfants,Récréations mathématiques,,126,12.6,https://covers.openlibrary.org/b/id/11272092-L.jpg,,,
1063,Harry Potter et les Reliques de la Mort,J.K. Rowling,Enfants,la baguette de sureau,,126,12.6,https://covers.openlibrary.org/b/id/10110415-L.jpg,,,
1064,Où sont les choses sauvages,Maurice Sendak,Enfants,Médaille Caldecott,,125,12.5,https://covers.openlibrary.org/b/id/50842-L.jpg,,,
1065,Le puits du bout du monde,William Morris,Enfants,Quêtes (Expéditions),,119,11.9,https://covers.openlibrary.org/b/id/2404583-L.jpg,,,
1066,Gascoyne,Robert Michael Ballantyne,Enfants,Fiction,histoires de mer,117,11.7,https://covers.openlibrary.org/b/id/5850043-L.jpg,,,
1067,Un jardin de vers d'enfant,Robert Louis Stevenson,Enfants,Poésie pour enfants,écossais,115,11.5,https://covers.openlibrary.org/b/id/8777530-L.jpg,,,
1068,Trèfle,Susan Coolidge,Enfants,Fiction pour enfants,,113,11.3,https://covers.openlibrary.org/b/id/2751516-L.jpg,,,
1069,Contes de Tanglewood,Nathaniel Hawthorne,Enfants,Mythologie classique,,113,11.3,https://covers.openlibrary.org/b/id/8243662-L.jpg,,,
1070,Sartor Resartus,Thomas Carlyle,Enfants,Fiction,,113,11.3,https://covers.openlibrary.org/b/id/8246199-L.jpg,,,
1071,Beauté noire,Anna Sewell,Enfants,Beauté noire,,107,10.7,https://covers.openlibrary.org/b/id/5007492-L.jpg,,,
1072,Un chien des Flandres,Ouida,Enfants,Fiction,général,105,10.5,https://covers.openlibrary.org/b/id/14434819-L.jpg,,,
1073,Constitution politique (1917),Mexique.,Enfants,Droit administratif,,104,10.4,https://covers.openlibrary.org/b/id/5407253-L.jpg,,,
1074,Le couteau subtil,Philippe Pullman,Enfants,Fantaisie,,104,10.4,https://covers.openlibrary.org/b/id/12614549-L.jpg,,,
1075,Pont vers Terabithia,Katherine Paterson,Enfants,Amistad,,103,10.3,https://covers.openlibrary.org/b/id/12627341-L.jpg,,,
1076,Les malheurs de Sophie,"Sophie, comtesse de Ségur",Enfants,Fiction,,103,10.3,https://covers.openlibrary.org/b/id/1668432-L.jpg,,,
1077,Les idiots,Roald Dahl,Enfants,histoires humoristiques,,101,10.1,https://covers.openlibrary.org/b/id/14838233-L.jpg,,,
1078,Les cendres d'Angèle,Frank McCourt,Enfants,Américains irlandais,,101,10.1,https://covers.openlibrary.org/b/id/8231802-L.jpg,,,
1079,La merveilleuse médecine de George,Roald Dahl,Enfants,Roald Dahl,,99,9.9,https://covers.openlibrary.org/b/id/11388220-L.jpg,,,
1080,Le garçon au pyjama rayé,John Boyne,Enfants,Fiction pour adolescents et jeunes adultes,,97,9.7,https://covers.openlibrary.org/b/id/12720687-L.jpg,,,
1081,Les jumeaux Bobbsey,Laura Lee Espoir,Enfants,Laura Lee Espoir,,94,9.4,https://covers.openlibrary.org/b/id/9330264-L.jpg,,,
1082,La journée de classe de Kitty et autres histoires,Louisa May Alcott,Enfants,Littérature classique,,93,9.3,https://covers.openlibrary.org/b/id/2812701-L.jpg,,,
1083,Artémis Poule,Eoin Colfer,Enfants,Artémis Poule,,93,9.3,https://covers.openlibrary.org/b/id/10212689-L.jpg,,,
1084,La petite maison dans la prairie,Laura Ingalls-Wilder,Enfants,Nation Osage,,90,9,https://covers.openlibrary.org/b/id/11277564-L.jpg,,,
1085,Neuf petits oisons,Susan Coolidge,Enfants,Enfants,,90,9,https://covers.openlibrary.org/b/id/5768185-L.jpg,,,
1086,Aide étrangère,États-Unis. Bureau de la Comptabilité Générale,Enfants,Aide économique américaine,,89,8.9,,,,
1087,L'Almanach du monde pour les enfants,Judith S.Levey,Enfants,Almanachs,,89,8.9,https://covers.openlibrary.org/b/id/6576905-L.jpg,,,
1088,Paraboles de la nature,Marguerite Gatty,Enfants,Comportement animal,,89,8.9,https://covers.openlibrary.org/b/id/5664541-L.jpg,,,
1089,Les enfants du wagon couvert,Gertrude Chandler Warner,Enfants,Orphelins,,87,8.7,https://covers.openlibrary.org/b/id/11349395-L.jpg,,,
1090,Histoires de rouet,Louisa May Alcott,Enfants,Littérature jeunesse,,82,8.2,https://covers.openlibrary.org/b/id/5662873-L.jpg,,,
1091,Le sac à ferraille de tante Jo,Louisa May Alcott,Enfants,Histoires pour enfants,Américain,81,8.1,https://covers.openlibrary.org/b/id/10708698-L.jpg,,,
1092,La longue-vue ambrée,Philippe Pullman,Enfants,Fantaisie,,79,7.9,https://covers.openlibrary.org/b/id/12613246-L.jpg,,,
1093,Allume-feu,Stephen King,Enfants,Génie génétique,,77,7.7,https://covers.openlibrary.org/b/id/12015446-L.jpg,,,
1094,L'homme illustré,Ray Bradbury,Enfants,Science-fiction américaine,,77,7.7,https://covers.openlibrary.org/b/id/9345484-L.jpg,,,
1095,Cinq petits poivrons à l'étranger,Marguerite Sidney,Enfants,Fiction pour enfants,,77,7.7,https://covers.openlibrary.org/b/id/1846091-L.jpg,,,
1096,Fleurs dans le grenier,VC Andrews,Enfants,Fiction gothique,,73,7.3,https://covers.openlibrary.org/b/id/14598487-L.jpg,,,
1097,Les soins et l'alimentation des enfants,"Holt, L. Emmett",Enfants,Soins et hygiène,,72,7.2,https://covers.openlibrary.org/b/id/10679907-L.jpg,,,
1098,L'ami des enfans,Arnaud Berquin,Enfants,Anthologies,,70,7,https://covers.openlibrary.org/b/id/11895498-L.jpg,,,
1099,"Ramona Quimby, 8 ans",Beverly Cleary,Enfants,Histoires humoristiques,,70,7,https://covers.openlibrary.org/b/id/15064600-L.jpg,,,
1100,Les neuf tailleurs,Dorothy L. Sayers,Enfants,Fiction,,69,6.9,https://covers.openlibrary.org/b/id/482463-L.jpg,,,
1101,Oeil de chat,Marguerite Atwood,Enfants,fiction moderne et contemporaine,,67,6.7,https://covers.openlibrary.org/b/id/12506526-L.jpg,,,
1102,Une grande urgence et autres contes,Juliana Horatia Gatty Ewing,Enfants,Fiction,nouvelles (un seul auteur),67,6.7,https://covers.openlibrary.org/b/id/2890026-L.jpg,,,
1103,Jeton pour les enfants,James Janeway,Enfants,Enfants,,67,6.7,https://covers.openlibrary.org/b/id/5574088-L.jpg,,,
1104,Le chat botté,Charles Perrault,Enfants,Enfants,,66,6.6,https://covers.openlibrary.org/b/id/4435421-L.jpg,,,
1105,Toute la lumière que nous ne pouvons pas voir,Anthony Doerr,Enfants,Aveugle,,66,6.6,https://covers.openlibrary.org/b/id/14559680-L.jpg,,,
1106,Devenir majeur aux Samoa,Marguerite Mead,Enfants,Adolescence,,65,6.5,https://covers.openlibrary.org/b/id/430219-L.jpg,,,
1107,Perdu dans le brouillard,James De Mille,Enfants,Fiction,action et aventure,64,6.4,https://covers.openlibrary.org/b/id/5678195-L.jpg,,,
1108,Quand nous étions très jeunes,A.A. Milne,Enfants,Poésie pour enfants,,63,6.3,https://covers.openlibrary.org/b/id/101956-L.jpg,,,
1109,Les Chroniques de Narnia,CS Lewis,Enfants,Fiction fantastique,,61,6.1,https://covers.openlibrary.org/b/id/9321656-L.jpg,,,
1110,Le livre des bêtes du mauvais enfant,Hilaire Belloc,Enfants,Animaux,,61,6.1,https://covers.openlibrary.org/b/id/8244596-L.jpg,,,
1111,L'histoire du petit Sambo noir,Hélène Bannerman,Enfants,Enfants,,61,6.1,https://covers.openlibrary.org/b/id/2974467-L.jpg,,,
1112,Cinq petits poivrons ont grandi,Marguerite Sidney,Enfants,Famille,,60,6,https://covers.openlibrary.org/b/id/1845054-L.jpg,,,
1113,La Nuit,Elie Wiesel,Enfants,Littérature sur l'Holocauste,,59,5.9,https://covers.openlibrary.org/b/id/9154540-L.jpg,,,
1114,Fièvre de la cabine,Jeff Kinney,Enfants,Best-seller du New York Times,,59,5.9,https://covers.openlibrary.org/b/id/7247522-L.jpg,,,
1115,La dernière paille,Jeff Kinney,Enfants,Agendas,,58,5.8,https://covers.openlibrary.org/b/id/12685121-L.jpg,,,
1116,"Le panier de fleurs ; ou, Piété et vérité triomphantes",Christophe von Schmid,Enfants,Fiction juvénile,,57,5.7,https://covers.openlibrary.org/b/id/5778794-L.jpg,,,
1117,Zazie dans le métro,Raymond Queneau,Enfants,Fiction,,56,5.6,https://covers.openlibrary.org/b/id/4667336-L.jpg,,,
1118,Ramona et sa mère,Beverly Cleary,Enfants,Fiction,,54,5.4,https://covers.openlibrary.org/b/id/12858569-L.jpg,,,
1119,La Petite Sirene (Contes français bien-aimés),Hans Christian Andersen,Enfants,Contes danois,,54,5.4,https://covers.openlibrary.org/b/id/10563313-L.jpg,,,
1120,Le héros perdu,Rick Riordan,Enfants,Série:Les_Héros_de_l'Olympe,,53,5.3,https://covers.openlibrary.org/b/id/12848687-L.jpg,,,
1121,Le gardien de ma sœur,Jodi Picoult,Enfants,Jodi Picoult,,50,5,https://covers.openlibrary.org/b/id/12643437-L.jpg,,,
1122,La visite du petit ours,Sinon Holmelund Minarik,Enfants,4-8 ans,,50,5,https://covers.openlibrary.org/b/id/3092492-L.jpg,,,
1123,Le cadeau,Danielle Acier,Enfants,Fiction,,49,4.9,https://covers.openlibrary.org/b/id/4918038-L.jpg,,,
1124,L'histoire du petit Henry et de son porteur,Mme Mary Martha (Fesse) Sherwood,Enfants,Enfants,,49,4.9,https://covers.openlibrary.org/b/id/11298921-L.jpg,,,
1125,Voyage innocent,Richard Hughes,Enfants,Fiction,,48,4.8,https://covers.openlibrary.org/b/id/717537-L.jpg,,,
1126,"Les veillées du château, ou, Cours de morale à l'usage des enfans","Stéphanie Félicité, comtesse de Genlis",Enfants,Éducation morale,,48,4.8,https://covers.openlibrary.org/b/id/5748201-L.jpg,,,
1127,Autrement connue sous le nom de Sheila la Grande,Judy Blume,Enfants,Livres pour enfants de niveau intermédiaire,,47,4.7,https://covers.openlibrary.org/b/id/10830248-L.jpg,,,
1128,La steppe sans fin,Esther Rudomin Hautzig,Enfants,Description et voyage,,46,4.6,https://covers.openlibrary.org/b/id/52034-L.jpg,,,
1129,Chialer,Judy Blume,Enfants,Fiction pour la jeunesse,,46,4.6,https://covers.openlibrary.org/b/id/9268207-L.jpg,,,
1130,L'épée d'argent,Ian Serraillier,Enfants,Fiction juvénile,,46,4.6,https://covers.openlibrary.org/b/id/383863-L.jpg,,,
1131,Nageur,Léo Lionni,Enfants,Fiction pour enfants,,45,4.5,https://covers.openlibrary.org/b/id/5017594-L.jpg,,,
1132,La vie des enfants à l'époque coloniale / écrit par Alice Morse Earle,Alice Morse Earle,Enfants,Vie sociale et coutumes,,44,4.4,https://covers.openlibrary.org/b/id/6073413-L.jpg,,,
1133,"Monsieur Dieu, voici Anna",Fyn,Enfants,Biographie,,44,4.4,https://covers.openlibrary.org/b/id/7034566-L.jpg,,,
1134,Où sont les enfants ?,Mary Higgins-Clark,Enfants,Fiction,thrillers,43,4.3,https://covers.openlibrary.org/b/id/4796285-L.jpg,général,,
1135,Hymnes en prose pour enfants,Anna Laetitia Barbauld,Enfants,Chapbooks,,43,4.3,https://covers.openlibrary.org/b/id/5894543-L.jpg,,,
1136,Le jugement moral chez l'enfant,Jean Piaget,Enfants,Caractère,Tests de,43,4.3,https://covers.openlibrary.org/b/id/972550-L.jpg,,,
1137,"Parti, bébé, parti",Denis Lehane,Enfants,Fiction,,43,4.3,https://covers.openlibrary.org/b/id/235422-L.jpg,,,
1138,Le coffret cadeau Polar Express,Chris Van Allsburg,Enfants,Saint Nicolas,,43,4.3,https://covers.openlibrary.org/b/id/394670-L.jpg,,,
1139,Noir comme moi,John Howard Griffin,Enfants,Afro-Américains,,42,4.2,https://covers.openlibrary.org/b/id/6383648-L.jpg,,,
1140,La variation des animaux et des plantes sous domestication,Charles Darwin,Enfants,Plantes cultivées,,41,4.1,https://covers.openlibrary.org/b/id/9000377-L.jpg,,,
1141,Les loups de Willoughby Chase (Loups #1),Joan Aiken,Enfants,Fiction juvénile,,41,4.1,https://covers.openlibrary.org/b/id/239726-L.jpg,,,
1142,Le premier homme,Albert Camus,Enfants,Matériel en français,,40,4,https://covers.openlibrary.org/b/id/14434985-L.jpg,,,
1143,Les portes entrouvertes,Elizabeth Stuart Phelps,Enfants,Fiction,général,40,4,https://covers.openlibrary.org/b/id/5676073-L.jpg,,,
1144,"Mesures douces dans la gestion et la formation des jeunes ; ou, Les principes sur lesquels une autorité parentale ferme peut être établie et maintenue",Jacob Abbott,Enfants,Éducation,,40,4,https://covers.openlibrary.org/b/id/6037800-L.jpg,,,
1145,Une ville de garçons,William Dean Howells,Enfants,Vie sociale et coutumes,,40,4,https://covers.openlibrary.org/b/id/14822347-L.jpg,,,
1146,"Le jeune hors-la-loi, ou À la dérive dans les rues","Horatio Alger, Jr.",Enfants,Fiction,,39,3.9,https://covers.openlibrary.org/b/id/5681400-L.jpg,,,
1147,Le touriste accidentel,Anne Tyler,Enfants,La mort,,39,3.9,https://covers.openlibrary.org/b/id/4150580-L.jpg,,,
1148,Le sauvetage de Madeline,Louis Bemelmans,Enfants,Histoires pour enfants,Américain,39,3.9,https://covers.openlibrary.org/b/id/973931-L.jpg,,,
1149,Adieu à Manzanar,Jeanne Wakatsuki Houston,Enfants,Camps de concentration,,38,3.8,https://covers.openlibrary.org/b/id/6897134-L.jpg,,,
1150,La grande Gilly Hopkins (M Books),Katherine Paterson,Enfants,Enfants,,38,3.8,https://covers.openlibrary.org/b/id/2292779-L.jpg,,,
1151,Capitaine janvier,Laura Elizabeth Howe Richards,Enfants,Littérature jeunesse,,37,3.7,https://covers.openlibrary.org/b/id/1761223-L.jpg,,,
1152,Le garçon fouetteur,Sid Fleischman,Enfants,Enfants,,37,3.7,https://covers.openlibrary.org/b/id/27023-L.jpg,,,
1153,L'été des Reines-Gauches,Rumer Godden,Enfants,Fiction en anglais,,37,3.7,https://covers.openlibrary.org/b/id/195973-L.jpg,,,
1154,Louisa invincible,Cornelia Meigs,Enfants,Auteurs américains,,37,3.7,https://covers.openlibrary.org/b/id/7271719-L.jpg,,,
1155,Droit de la famille,Grande-Bretagne. Commission du droit.,Enfants,Pension,,37,3.7,https://covers.openlibrary.org/b/id/4952835-L.jpg,,,
1156,Lille cochon avec svovlstikkerne,Hans Christian Andersen,Enfants,Contes de fées,,37,3.7,https://covers.openlibrary.org/b/id/446553-L.jpg,,,
1157,La princesse et le petit pois,Hans Christian Andersen,Enfants,Contes de fées,,36,3.6,https://covers.openlibrary.org/b/id/11698786-L.jpg,,,
1158,Les oeuvres complètes de Lewis Carroll,Lewis Carroll,Enfants,Littérature anglaise,,36,3.6,https://covers.openlibrary.org/b/id/13615191-L.jpg,,,
1159,Rollo en jeu,Jacob Abbott,Enfants,Histoires pour enfants,Américain,35,3.5,https://covers.openlibrary.org/b/id/5914358-L.jpg,,,
1160,Représentation du monde chez l'enfant,Jean Piaget,Enfants,Congrès,,35,3.5,https://covers.openlibrary.org/b/id/7147659-L.jpg,,,
1161,Zlatin Dnevnik,Zlata Filipovic,Enfants,Les enfants et la guerre,,34,3.4,https://covers.openlibrary.org/b/id/3899848-L.jpg,,,
1162,Pippi Långstrump donne son avis,Astrid Lindgren,Enfants,Fiction pour enfants,,34,3.4,https://covers.openlibrary.org/b/id/117450-L.jpg,,,
1163,Pesticides,États-Unis. Bureau de la Comptabilité Générale,Enfants,Pesticides,,33,3.3,,,,
1164,L'écolier Hoosier,Edward Eggleston,Enfants,Enfants,,33,3.3,https://covers.openlibrary.org/b/id/5556009-L.jpg,,,
1165,Manoeuvres agréables,Derek Landy,Enfants,Fiction,,33,3.3,https://covers.openlibrary.org/b/id/48006-L.jpg,,,
1166,Rapport annuel du conseil scolaire,Conseil de l'éducation du Massachusetts,Enfants,école,,33,3.3,https://covers.openlibrary.org/b/id/5996084-L.jpg,,,
1167,Privé paisible,Michael Morpurgo,Enfants,Guerre mondiale,1914-1918,33,3.3,https://covers.openlibrary.org/b/id/10875-L.jpg,,,
1168,Rollo à Paris,Jacob Abbott,Enfants,Description et voyage,,33,3.3,https://covers.openlibrary.org/b/id/5789686-L.jpg,,,
1169,La porte dans le mur,Marguerite d'Angéli,Enfants,Influences bibliques,,33,3.3,https://covers.openlibrary.org/b/id/238160-L.jpg,,,
1170,Le mystère de la Maison Jaune,Gertrude Chandler Warner,Enfants,Fiction juvénile,,33,3.3,https://covers.openlibrary.org/b/id/6577272-L.jpg,,,
1171,Le vol de Pony Baker,William Dean Howells,Enfants,Enfants,,32,3.2,https://covers.openlibrary.org/b/id/14822102-L.jpg,,,
1172,Une cloche pour Ursli,Selina Chönz,Enfants,Traductions de textes rhéto-romans/romanches,,32,3.2,https://covers.openlibrary.org/b/id/3177892-L.jpg,,,
1173,Lieux sombres,Gillian Flynn,Enfants,Littérature,,32,3.2,https://covers.openlibrary.org/b/id/5728115-L.jpg,,,
1174,L'horloge à coucou,Mary Louisa Molesworth,Enfants,Fiction fantastique,,32,3.2,https://covers.openlibrary.org/b/id/5903298-L.jpg,,,
1175,La façon dont vole le corbeau,Anne-Marie MacDonald,Enfants,Fiction,historique,32,3.2,https://covers.openlibrary.org/b/id/31067-L.jpg,général,,
1176,Comment les enfants se développent,Robert S. Siegler,Enfants,Développement de l'enfant,,32,3.2,https://covers.openlibrary.org/b/id/4262023-L.jpg,,,
1177,L'île de l'aventure,Enid Blyton,Enfants,Histoires pour enfants,,32,3.2,https://covers.openlibrary.org/b/id/14596605-L.jpg,,,
1178,Les aventures d'Ulysse d'Agneau,Charles Lamb,Enfants,Ulysse (mythologie grecque),,32,3.2,https://covers.openlibrary.org/b/id/6121773-L.jpg,,,
1179,Grandir en Nouvelle-Guinée,Marguerite Mead,Enfants,Enfants,,31,3.1,https://covers.openlibrary.org/b/id/4656833-L.jpg,,,
1180,Un livre d'absurdités,Édouard Lear,Enfants,Versets absurdes en anglais,,31,3.1,https://covers.openlibrary.org/b/id/417635-L.jpg,,,
1181,"L'histoire de la famille Fairchid, ou le manuel de l'enfant",Mme Mary Martha (Fesse) Sherwood,Enfants,La vie chrétienne,,31,3.1,https://covers.openlibrary.org/b/id/6054445-L.jpg,,,
1182,Rebecca de la ferme Sunnybrook,Kate Douglas Smith Wiggin,Enfants,Vie sociale et coutumes,,31,3.1,https://covers.openlibrary.org/b/id/102172-L.jpg,,,
1183,Renard en chaussettes,Dr Seuss,Enfants,Choix du personnel de la bibliothèque ouverte,,31,3.1,https://covers.openlibrary.org/b/id/8832133-L.jpg,,,
1184,L'arc de bronze,Elizabeth George Speare,Enfants,Fiction juvénile,,31,3.1,https://covers.openlibrary.org/b/id/255407-L.jpg,,,
1185,La maison de la sieste (La Casa Adormecida),Audrey Bois,Enfants,Fiction,,31,3.1,https://covers.openlibrary.org/b/id/114437-L.jpg,,,
1186,Code civil (1984),Pérou,Enfants,Droit civil,,31,3.1,,,,
1187,Promenade,James Vance Marshall,Enfants,Australiens aborigènes,,31,3.1,https://covers.openlibrary.org/b/id/8659516-L.jpg,,,
1188,Objets pointus,Gillian Flynn,Enfants,Fiction,,31,3.1,https://covers.openlibrary.org/b/id/167973-L.jpg,,,
1189,Écrit pour les enfants : un aperçu de la littérature jeunesse anglaise,John Rowe Townsend,Enfants,Livres et lecture,,31,3.1,https://covers.openlibrary.org/b/id/5291025-L.jpg,,,
1190,Le Chien des Baskerville,Arthur Conan Doyle,Mystère,roman policier,,1308,130.8,https://covers.openlibrary.org/b/id/8063264-L.jpg,,,
1191,Les Aventures de Sherlock Holmes [12 histoires],Arthur Conan Doyle,Mystère,Littérature classique,,1132,113.2,https://covers.openlibrary.org/b/id/6717853-L.jpg,,,
1192,L'homme qui était jeudi,Gilbert Keith Chesterton,Mystère,Anarchistes,,1105,110.5,https://covers.openlibrary.org/b/id/8242857-L.jpg,,,
1193,La mystérieuse affaire de Styles,Agathe Christie,Mystère,Fiction,,1017,101.7,https://covers.openlibrary.org/b/id/13699667-L.jpg,,,
1194,L'adversaire secret,Agathe Christie,Mystère,Littérature classique,,735,73.5,https://covers.openlibrary.org/b/id/14590159-L.jpg,,,
1195,Le mystère d'Edwin Drood,Charles Dickens,Mystère,Personnes disparues,,598,59.8,https://covers.openlibrary.org/b/id/8243336-L.jpg,,,
1196,Son dernier arc [8 histoires],Arthur Conan Doyle,Mystère,histoires courtes,,583,58.3,https://covers.openlibrary.org/b/id/8243267-L.jpg,,,
1197,L'énigme des sables,Erskine Childers,Mystère,Grande-Bretagne,fiction,531,53.1,https://covers.openlibrary.org/b/id/2293974-L.jpg,,,
1198,Cœur des Ténèbres,Joseph Conrad,Mystère,Fiction,,464,46.4,https://covers.openlibrary.org/b/id/12307847-L.jpg,,,
1199,Présupplétion et mise en attente,Фёдор Михайлович Достоевский,Mystère,Traductions anglaises,,409,40.9,https://covers.openlibrary.org/b/id/9411873-L.jpg,,,
1200,Manteau vert,John Buchan,Mystère,Fiction,thrillers,363,36.3,https://covers.openlibrary.org/b/id/93023-L.jpg,espionnage,,
1201,Harry Potter et la pierre philosophale,J.K. Rowling,Mystère,Spectres,,357,35.7,https://covers.openlibrary.org/b/id/10521270-L.jpg,,,
1202,Le dernier cas de Trent,E.C. Bentley,Mystère,Fiction,général,353,35.3,https://covers.openlibrary.org/b/id/118583-L.jpg,,,
1203,Prêtre Jean,John Buchan,Mystère,Fiction,,332,33.2,https://covers.openlibrary.org/b/id/5981967-L.jpg,,,
1204,À qui appartient le corps ?,Dorothy L. Sayers,Mystère,Mystère,,319,31.9,https://covers.openlibrary.org/b/id/8311819-L.jpg,,,
1205,Basilic,Wilkie Collins,Mystère,Fiction,,305,30.5,https://covers.openlibrary.org/b/id/12968342-L.jpg,,,
1206,La robe noire,Wilkie Collins,Mystère,Littérature classique,,299,29.9,https://covers.openlibrary.org/b/id/1759983-L.jpg,,,
1207,Meurtre sur les liens,Agathe Christie,Mystère,Fiction,,261,26.1,https://covers.openlibrary.org/b/id/14582832-L.jpg,,,
1208,Cinquante bougies,Earl Derr Biggers,Mystère,Mystère,,258,25.8,https://covers.openlibrary.org/b/id/1956467-L.jpg,,,
1209,Le crackman amateur,E. W. Hornung,Mystère,Littérature classique,,223,22.3,https://covers.openlibrary.org/b/id/2895793-L.jpg,,,
1210,Meurtre à l'Orient Express,Agathe Christie,Mystère,Agathe Christie,,221,22.1,https://covers.openlibrary.org/b/id/11100465-L.jpg,,,
1211,Poirot enquête,Agathe Christie,Mystère,Hercule Poirot (personnage fictif),,205,20.5,https://covers.openlibrary.org/b/id/13670505-L.jpg,,,
1212,Le meurtre de Roger Ackroyd,Agathe Christie,Mystère,fiction policière,,205,20.5,https://covers.openlibrary.org/b/id/13151356-L.jpg,,,
1213,La maison d'après,Mary Roberts Rinehart,Mystère,Littérature classique,,203,20.3,https://covers.openlibrary.org/b/id/2757973-L.jpg,,,
1214,L'Ange de la Terreur,Edgar Wallace,Mystère,Fiction,,197,19.7,https://covers.openlibrary.org/b/id/1814681-L.jpg,,,
1215,Le Da Vinci Code,Dan Brun,Mystère,Suspense et thriller,,197,19.7,https://covers.openlibrary.org/b/id/9255229-L.jpg,,,
1216,L'homme au costume marron,Agathe Christie,Mystère,Fiction,,192,19.2,https://covers.openlibrary.org/b/id/11153508-L.jpg,,,
1217,L'escalier circulaire,Mary Roberts Rinehart,Mystère,Littérature classique,,182,18.2,https://covers.openlibrary.org/b/id/2761207-L.jpg,,,
1218,Contes de terreur et de mystère,Arthur Conan Doyle,Mystère,Littérature classique,,168,16.8,https://covers.openlibrary.org/b/id/8311421-L.jpg,,,
1219,Mort sur le Nil,Agathe Christie,Mystère,Belges,,165,16.5,https://covers.openlibrary.org/b/id/14066646-L.jpg,,,
1220,La loi et la dame,Wilkie Collins,Mystère,Littérature classique,,164,16.4,https://covers.openlibrary.org/b/id/6396941-L.jpg,,,
1221,Le locataire,Marie Belloc Lowndes,Mystère,Littérature classique,,161,16.1,https://covers.openlibrary.org/b/id/696674-L.jpg,,,
1222,R.Holmes & Co.,John Kendrick Frange,Mystère,Criminels,,156,15.6,https://covers.openlibrary.org/b/id/5716647-L.jpg,,,
1223,L'affaire Lerouge,Émile Gaboriau,Mystère,Fiction,,148,14.8,https://covers.openlibrary.org/b/id/4486242-L.jpg,,,
1224,Le meurtre de la jonquille,Edgar Wallace,Mystère,Fiction,,135,13.5,https://covers.openlibrary.org/b/id/2895230-L.jpg,,,
1225,L'A.B.C. Meurtres,Agathe Christie,Mystère,Fiction,,132,13.2,https://covers.openlibrary.org/b/id/14573514-L.jpg,,,
1226,16h50 de Paddington,Agathe Christie,Mystère,Fiction,,131,13.1,https://covers.openlibrary.org/b/id/13151352-L.jpg,,,
1227,La clé mystérieuse et ce qu'elle a ouvert,Louisa May Alcott,Mystère,Fiction,,129,12.9,https://covers.openlibrary.org/b/id/1815112-L.jpg,,,
1228,Les hommes morts ne racontent aucune histoire,E. W. Hornung,Mystère,Fiction,,128,12.8,https://covers.openlibrary.org/b/id/2890645-L.jpg,,,
1229,Harry Potter et les Reliques de la Mort,J.K. Rowling,Mystère,la baguette de sureau,,126,12.6,https://covers.openlibrary.org/b/id/10110415-L.jpg,,,
1230,Le secret mort,Wilkie Collins,Mystère,Fiction,,122,12.2,https://covers.openlibrary.org/b/id/14305247-L.jpg,,,
1231,Un meurtre est annoncé,Agathe Christie,Mystère,Fiction,,119,11.9,https://covers.openlibrary.org/b/id/14578204-L.jpg,,,
1232,Le meurtre au presbytère,Agathe Christie,Mystère,Femmes détectives,,118,11.8,https://covers.openlibrary.org/b/id/12996560-L.jpg,,,
1233,La maison près du cimetière,Sheridan Le Fanu,Mystère,L'Irlande dans la fiction,,118,11.8,https://covers.openlibrary.org/b/id/3950063-L.jpg,,,
1234,Le mystère du train bleu,Agathe Christie,Mystère,Crimes contre,,117,11.7,https://covers.openlibrary.org/b/id/14575533-L.jpg,,,
1235,De sang-froid,Truman Capote,Mystère,Vrai,,116,11.6,https://covers.openlibrary.org/b/id/228066-L.jpg,,,
1236,Le mal sous le soleil,Agathe Christie,Mystère,Hercule Poirot (personnage fictif),,114,11.4,https://covers.openlibrary.org/b/id/13671433-L.jpg,,,
1237,Le secret des cheminées,Agathe Christie,Mystère,Fiction,,112,11.2,https://covers.openlibrary.org/b/id/12996574-L.jpg,,,
1238,Le corps dans la bibliothèque,Agathe Christie,Mystère,Fiction,,111,11.1,https://covers.openlibrary.org/b/id/12855259-L.jpg,,,
1239,Les quatre grands,Agathe Christie,Mystère,Fiction,,111,11.1,https://covers.openlibrary.org/b/id/12996529-L.jpg,,,
1240,Le miroir fissuré d'un côté à l'autre,Agathe Christie,Mystère,Fiction,,111,11.1,https://covers.openlibrary.org/b/id/10561150-L.jpg,,,
1241,Le doigt qui bouge,Agathe Christie,Mystère,Fiction,,109,10.9,https://covers.openlibrary.org/b/id/13672855-L.jpg,,,
1242,Maison tordue,Agathe Christie,Mystère,Mystère,,109,10.9,https://covers.openlibrary.org/b/id/14570595-L.jpg,,,
1243,Après les funérailles,Agathe Christie,Mystère,Fiction,,109,10.9,https://covers.openlibrary.org/b/id/12996535-L.jpg,,,
1244,À l'hôtel Bertram,Agathe Christie,Mystère,Fiction,,108,10.8,https://covers.openlibrary.org/b/id/6379981-L.jpg,,,
1245,Ils le font avec des miroirs,Agathe Christie,Mystère,Fiction,,108,10.8,https://covers.openlibrary.org/b/id/10249524-L.jpg,,,
1246,Le mystère du paradis,Joseph Smith Fletcher,Mystère,Littérature classique,,107,10.7,https://covers.openlibrary.org/b/id/1814712-L.jpg,,,
1247,Péril à End House,Agathe Christie,Mystère,Capitaine Hastings (personnage fictif),,107,10.7,https://covers.openlibrary.org/b/id/12996556-L.jpg,,,
1248,Seigneur Edgware décède,Agathe Christie,Mystère,Hercule Poirot (personnage fictif),,106,10.6,https://covers.openlibrary.org/b/id/9492111-L.jpg,,,
1249,Un mystère caribéen,Agathe Christie,Mystère,Agathe Christie,,105,10.5,https://covers.openlibrary.org/b/id/14578132-L.jpg,,,
1250,L'affaire de la franchise (inspecteur Alan Grant #3),Joséphine Tey,Mystère,Fiction,,105,10.5,https://covers.openlibrary.org/b/id/14104-L.jpg,,,
1251,Rideau,Agathe Christie,Mystère,Fiction,,105,10.5,https://covers.openlibrary.org/b/id/12387503-L.jpg,,,
1252,Rendez-vous avec la mort,Agathe Christie,Mystère,Belges,,103,10.3,https://covers.openlibrary.org/b/id/14561660-L.jpg,,,
1253,Le Noël d'Hercule Poirot,Agathe Christie,Mystère,Hercule Poirot (personnage fictif),,103,10.3,https://covers.openlibrary.org/b/id/12855074-L.jpg,,,
1254,Meurtre endormi,Agathe Christie,Mystère,Fiction,,103,10.3,https://covers.openlibrary.org/b/id/10247294-L.jpg,,,
1255,La mort dans les nuages,Agathe Christie,Mystère,Histoires policières et mystérieuses,,103,10.3,https://covers.openlibrary.org/b/id/11433305-L.jpg,,,
1256,Le creux,Agathe Christie,Mystère,Fiction,,102,10.2,https://covers.openlibrary.org/b/id/13679064-L.jpg,,,
1257,Le curieux incident du chien pendant la nuit,Marc Haddon,Mystère,Angleterre,fiction,102,10.2,https://covers.openlibrary.org/b/id/7890719-L.jpg,,,
1258,Meurtre en Mésopotamie,Agathe Christie,Mystère,Fiction,,102,10.2,https://covers.openlibrary.org/b/id/12855104-L.jpg,,,
1259,Cinq petits cochons,Agathe Christie,Mystère,Hercule Poirot (personnage fictif),,101,10.1,https://covers.openlibrary.org/b/id/14578138-L.jpg,,,
1260,Meurtre en trois actes,Agathe Christie,Mystère,Fiction,,100,10,https://covers.openlibrary.org/b/id/6874620-L.jpg,,,
1261,Les éléphants peuvent se souvenir,Agathe Christie,Mystère,Fiction,,99,9.9,https://covers.openlibrary.org/b/id/11165070-L.jpg,,,
1262,Némésis,Agathe Christie,Mystère,Fiction,,99,9.9,https://covers.openlibrary.org/b/id/10249139-L.jpg,,,
1263,Cartes sur la table,Agathe Christie,Mystère,Fiction,,98,9.8,https://covers.openlibrary.org/b/id/6469172-L.jpg,,,
1264,Le mystère des quatre piscines,Jean Webster,Mystère,Fiction,mystère et détective,98,9.8,https://covers.openlibrary.org/b/id/2981587-L.jpg,général,,
1265,"Un, deux, boucle ma chaussure",Agathe Christie,Mystère,Fiction,,98,9.8,https://covers.openlibrary.org/b/id/14586349-L.jpg,,,
1266,L'héritage de Caïn,Wilkie Collins,Mystère,Fiction,,96,9.6,https://covers.openlibrary.org/b/id/494040-L.jpg,,,
1267,Le Cabinet,John Grisham,Mystère,Experts-comptables agréés,,94,9.4,https://covers.openlibrary.org/b/id/9330593-L.jpg,,,
1268,Les jumeaux Bobbsey,Laura Lee Espoir,Mystère,Laura Lee Espoir,,94,9.4,https://covers.openlibrary.org/b/id/9330264-L.jpg,,,
1269,La folie du mort,Agathe Christie,Mystère,Fiction,,94,9.4,https://covers.openlibrary.org/b/id/6985969-L.jpg,,,
1270,Fête d'Halloween,Agathe Christie,Mystère,Fiction,,93,9.3,https://covers.openlibrary.org/b/id/11160095-L.jpg,,,
1271,Ils sont venus à Bagdad,Agathe Christie,Mystère,Histoires d'espionnage en anglais,,92,9.2,https://covers.openlibrary.org/b/id/12846782-L.jpg,,,
1272,Les horloges,Agathe Christie,Mystère,Fiction,,91,9.1,https://covers.openlibrary.org/b/id/12996554-L.jpg,,,
1273,La ligne verte,Stephen King,Mystère,fiction d'horreur,,91,9.1,https://covers.openlibrary.org/b/id/9334567-L.jpg,,,
1274,Chat parmi les pigeons,Agathe Christie,Mystère,Fiction,,90,9,https://covers.openlibrary.org/b/id/12852588-L.jpg,,,
1275,Pas de nom,Wilkie Collins,Mystère,Fiction,,90,9,https://covers.openlibrary.org/b/id/103261-L.jpg,,,
1276,Témoin muet,Agathe Christie,Mystère,Fiction,,90,9,https://covers.openlibrary.org/b/id/14578123-L.jpg,,,
1277,Troisième fille,Agathe Christie,Mystère,Fiction,,89,8.9,https://covers.openlibrary.org/b/id/14577913-L.jpg,,,
1278,Les travaux d'Hercule,Agathe Christie,Mystère,Fiction,,88,8.8,https://covers.openlibrary.org/b/id/10247192-L.jpg,,,
1279,Les treize problèmes,Agathe Christie,Mystère,Jane Marple (personnage fictif),,87,8.7,https://covers.openlibrary.org/b/id/11163587-L.jpg,,,
1280,Les enfants du wagon couvert,Gertrude Chandler Warner,Mystère,Orphelins,,87,8.7,https://covers.openlibrary.org/b/id/11349395-L.jpg,,,
1281,Mme McGinty est morte,Agathe Christie,Mystère,Fiction,,86,8.6,https://covers.openlibrary.org/b/id/10249324-L.jpg,,,
1282,La reine de coeur,Wilkie Collins,Mystère,Fiction,,84,8.4,https://covers.openlibrary.org/b/id/1861500-L.jpg,,,
1283,Le docteur du diable,Sax Rohmer,Mystère,Docteur Fu Manchu (Personnage fictif),,84,8.4,https://covers.openlibrary.org/b/id/2011138-L.jpg,,,
1284,Le mystère Sittaford,Agathe Christie,Mystère,Histoires policières et mystérieuses en anglais,,84,8.4,https://covers.openlibrary.org/b/id/13151831-L.jpg,,,
1285,Un shilling pour des bougies (Inspecteur Alan Grant #2),Joséphine Tey,Mystère,Police,,84,8.4,https://covers.openlibrary.org/b/id/14357-L.jpg,,,
1286,La mort vient comme la fin,Agathe Christie,Mystère,Fiction,,83,8.3,https://covers.openlibrary.org/b/id/6486149-L.jpg,,,
1287,Le dossier Pélican,John Grisham,Mystère,Chef de cabinet de la Maison Blanche,,82,8.2,https://covers.openlibrary.org/b/id/10578479-L.jpg,,,
1288,Le jury des fuyards,John Grisham,Mystère,Fiction,,82,8.2,https://covers.openlibrary.org/b/id/9322902-L.jpg,,,
1289,Le mystère des sept cadrans,Agathe Christie,Mystère,Histoires policières et mystérieuses en anglais,,81,8.1,https://covers.openlibrary.org/b/id/14575632-L.jpg,,,
1290,Nuit sans fin,Agathe Christie,Mystère,Fiction,,80,8,https://covers.openlibrary.org/b/id/12855084-L.jpg,,,
1291,Pris lors du déluge,Agathe Christie,Mystère,Hercule Poirot (personnage fictif),,80,8,https://covers.openlibrary.org/b/id/13670254-L.jpg,,,
1292,Le Client,John Grisham,Mystère,suicide,,80,8,https://covers.openlibrary.org/b/id/8443273-L.jpg,,,
1293,Par la piqûre de mes pouces,Agathe Christie,Mystère,Fiction,,78,7.8,https://covers.openlibrary.org/b/id/6522833-L.jpg,,,
1294,Partenaires dans le crime,Agathe Christie,Mystère,Histoires policières et mystérieuses en anglais,,78,7.8,https://covers.openlibrary.org/b/id/14577916-L.jpg,,,
1295,Cyprès triste,Agathe Christie,Mystère,Fiction,,76,7.6,https://covers.openlibrary.org/b/id/6559532-L.jpg,,,
1296,La Chambre,John Grisham,Mystère,alcoolisme,,75,7.5,https://covers.openlibrary.org/b/id/9255662-L.jpg,,,
1297,Destination inconnue,Agathe Christie,Mystère,Histoires policières et mystérieuses en anglais,,74,7.4,https://covers.openlibrary.org/b/id/6487762-L.jpg,,,
1298,N ou M ?,Agathe Christie,Mystère,Fiction,,72,7.2,https://covers.openlibrary.org/b/id/14589804-L.jpg,,,
1299,Le partenaire,John Grisham,Mystère,Juges,,72,7.2,https://covers.openlibrary.org/b/id/9323420-L.jpg,,,
1300,Mort contre nature,Dorothy L. Sayers,Mystère,Détectives privés,,70,7,https://covers.openlibrary.org/b/id/6572555-L.jpg,,,
1301,Le mystérieux M. Quin,Agathe Christie,Mystère,Mystère,,69,6.9,https://covers.openlibrary.org/b/id/14586400-L.jpg,,,
1302,Les neuf tailleurs,Dorothy L. Sayers,Mystère,Fiction,,69,6.9,https://covers.openlibrary.org/b/id/482463-L.jpg,,,
1303,La trilogie new-yorkaise,Paul Auster,Mystère,Fiction,,69,6.9,https://covers.openlibrary.org/b/id/1013756-L.jpg,,,
1304,"A la Villa Rose, en quatre actes",AEW Mason,Mystère,Inspecteur Hanaud (personnage fictif),,68,6.8,https://covers.openlibrary.org/b/id/2009344-L.jpg,,,
1305,Le cheval pâle,Agathe Christie,Mystère,Histoires policières et mystérieuses en anglais,,68,6.8,https://covers.openlibrary.org/b/id/12996562-L.jpg,,,
1306,Contes de Chinatown,Sax Rohmer,Mystère,Chinois,,67,6.7,https://covers.openlibrary.org/b/id/2838553-L.jpg,,,
1307,Parker Pyne enquête,Agathe Christie,Mystère,Histoires policières et mystérieuses,,67,6.7,https://covers.openlibrary.org/b/id/11171205-L.jpg,,,
1308,Équipe de nuit,Stephen King,Mystère,euthanasie,,65,6.5,https://covers.openlibrary.org/b/id/14651337-L.jpg,,,
1309,Armadale,Wilkie Collins,Mystère,Littérature classique,,64,6.4,https://covers.openlibrary.org/b/id/780215-L.jpg,,,
1310,Le nom du vent,Patrick Rothfuss,Mystère,orphelins,,64,6.4,https://covers.openlibrary.org/b/id/11480483-L.jpg,,,
1311,Les premiers cas de Poirot,Agathe Christie,Mystère,Hercule Poirot (personnage fictif),,60,6,https://covers.openlibrary.org/b/id/7884978-L.jpg,,,
1312,Un travail inadapté à une femme,P.D. James,Mystère,Fiction,,60,6,https://covers.openlibrary.org/b/id/2010897-L.jpg,,,
1313,Homme som hatar kvinnor,Stieg Larsson,Mystère,Fiction : Littérature,,59,5.9,https://covers.openlibrary.org/b/id/9274740-L.jpg,,,
1314,L'avocat de rue,John Grisham,Mystère,Fiction,,59,5.9,https://covers.openlibrary.org/b/id/9323391-L.jpg,,,
1315,Maison noire,Stephen King,Mystère,Fiction,,57,5.7,https://covers.openlibrary.org/b/id/14652973-L.jpg,,,
1316,"Adieu, ma belle",Raymond Chandler,Mystère,Fiction,,57,5.7,https://covers.openlibrary.org/b/id/6460991-L.jpg,,,
1317,La maison de Lordship Lane,AEW Mason,Mystère,Inspecteur Hanaud (personnage fictif),,56,5.6,https://covers.openlibrary.org/b/id/8134660-L.jpg,,,
1318,La Tour Noire,P.D. James,Mystère,Adam Dalgliesh (personnage fictif),,56,5.6,https://covers.openlibrary.org/b/id/4483041-L.jpg,,,
1319,La convocation,John Grisham,Mystère,Le Mississippi dans la fiction,,55,5.5,https://covers.openlibrary.org/b/id/9323409-L.jpg,,,
1320,Roseanna,Maj Sjöwall,Mystère,Meurtre,,55,5.5,https://covers.openlibrary.org/b/id/420683-L.jpg,,,
1321,Le tigre dans la fumée,Margery Allingham,Mystère,Albert Campion (Personnage fictif),,54,5.4,https://covers.openlibrary.org/b/id/76297-L.jpg,,,
1322,Une certaine justice,P.D. James,Mystère,Mystère,,54,5.4,https://covers.openlibrary.org/b/id/5076647-L.jpg,,,
1323,Tuer le sol,Lee Enfant,Mystère,Fiction,,54,5.4,https://covers.openlibrary.org/b/id/14425084-L.jpg,,,
1324,Linceul pour un rossignol,P.D. James,Mystère,Adam Dalgliesh (personnage fictif),,53,5.3,https://covers.openlibrary.org/b/id/95080-L.jpg,,,
1325,Rivière mystique,Denis Lehane,Mystère,Mystère,,53,5.3,https://covers.openlibrary.org/b/id/432349-L.jpg,,,
1326,Le génie maléfique. Une histoire de Domestis,Wilkie Collins,Mystère,Mystère,,53,5.3,https://covers.openlibrary.org/b/id/2739893-L.jpg,,,
1327,2e chance,James Patterson,Mystère,Fiction,,51,5.1,https://covers.openlibrary.org/b/id/189671-L.jpg,,,
1328,La rivière coupable,Wilkie Collins,Mystère,Fiction,,51,5.1,https://covers.openlibrary.org/b/id/5723048-L.jpg,,,
1329,"Tirages au sort, nouvelles aventures du crackman amateur",E. W. Hornung,Mystère,Criminels,,51,5.1,https://covers.openlibrary.org/b/id/5962788-L.jpg,,,
1330,Le crâne sous la peau,P.D. James,Mystère,Fiction,,51,5.1,https://covers.openlibrary.org/b/id/13472030-L.jpg,,,
1331,Brise-tempête,Antoine Horowitz,Mystère,Fiction pour la jeunesse,,50,5,https://covers.openlibrary.org/b/id/5081706-L.jpg,,,
1332,Un goût pour la mort,P.D. James,Mystère,Le New York Times examiné,,50,5,https://covers.openlibrary.org/b/id/2203594-L.jpg,,,
1333,Une araignée est arrivée,James Patterson,Mystère,Fiction,,50,5,https://covers.openlibrary.org/b/id/189680-L.jpg,,,
1334,Point-Blanc,Antoine Horowitz,Mystère,Fiction pour jeunes adultes,,49,4.9,https://covers.openlibrary.org/b/id/259930-L.jpg,,,
1335,Un esprit de meurtre,P.D. James,Mystère,Romain criminel,,49,4.9,https://covers.openlibrary.org/b/id/3217302-L.jpg,,,
1336,Un instrument contondant,Georgette Heyer,Mystère,années 1930,,49,4.9,https://covers.openlibrary.org/b/id/6924145-L.jpg,,,
1337,Les profondeurs gelées,Wilkie Collins,Mystère,Histoires policières et mystérieuses en anglais,,48,4.8,https://covers.openlibrary.org/b/id/892414-L.jpg,,,
1338,L'arbre magique lointain,Enid Blyton,Mystère,Histoires pour enfants,,48,4.8,https://covers.openlibrary.org/b/id/14605635-L.jpg,,,
1339,M. Mercedes,Stephen King,Mystère,horreur,,47,4.7,https://covers.openlibrary.org/b/id/14653120-L.jpg,,,
1340,L'aventure du pudding de Noël,Agathe Christie,Mystère,Fiction,,46,4.6,https://covers.openlibrary.org/b/id/12855353-L.jpg,,,
1341,Les deux destins,Wilkie Collins,Mystère,Fiction,,46,4.6,https://covers.openlibrary.org/b/id/2037146-L.jpg,,,
1342,Je dis non ou la réponse à la lettre d'amour et autres histoires,Wilkie Collins,Mystère,Vie sociale et coutumes,,46,4.6,https://covers.openlibrary.org/b/id/2866196-L.jpg,,,
1343,La mort dans les ordres sacrés,P.D. James,Mystère,Mystère,,45,4.5,https://covers.openlibrary.org/b/id/2203586-L.jpg,,,
1344,Le témoin de la défense,AEW Mason,Mystère,Drame en salle d'audience,,45,4.5,https://covers.openlibrary.org/b/id/5642735-L.jpg,,,
1345,Divulgation,Michael Crichton,Mystère,Fiction policière et policière,,44,4.4,https://covers.openlibrary.org/b/id/9253430-L.jpg,,,
1346,Joueur de piano,Kurt Vonnegut,Mystère,Fiction,,44,4.4,https://covers.openlibrary.org/b/id/280246-L.jpg,,,
1347,Allongez-vous avec les Lions,Ken Follett,Mystère,Ken Follett,,44,4.4,https://covers.openlibrary.org/b/id/4147865-L.jpg,,,
1348,Le crime à Black Dudley (Albert Campion #1),Margery Allingham,Mystère,Fiction,,44,4.4,https://covers.openlibrary.org/b/id/9285668-L.jpg,,,
1349,Le tonneau,Freeman Wills Crofts,Mystère,Fiction britannique et irlandaise (œuvres de fiction d'un seul auteur),,43,4.3,https://covers.openlibrary.org/b/id/14857416-L.jpg,,,
1350,"Parti, bébé, parti",Denis Lehane,Mystère,Fiction,,43,4.3,https://covers.openlibrary.org/b/id/235422-L.jpg,,,
1351,Drogue,Sax Rohmer,Mystère,Fiction,,42,4.2,https://covers.openlibrary.org/b/id/2980898-L.jpg,,,
1352,Mördare utan ansikte,Henning Mankel,Mystère,Fiction,,42,4.2,https://covers.openlibrary.org/b/id/10826467-L.jpg,,,
1353,Mannen som gick upp i rök,Maj Sjöwall,Mystère,La police dans la fiction,,42,4.2,https://covers.openlibrary.org/b/id/420682-L.jpg,,,
1354,Mort en double,Georgette Heyer,Mystère,années 1950,,41,4.1,https://covers.openlibrary.org/b/id/7002657-L.jpg,,,
1355,Doux danger,Margery Allingham,Mystère,Fiction,,40,4,https://covers.openlibrary.org/b/id/7152605-L.jpg,,,
1356,Pourquoi tirer sur un majordome ?,Georgette Heyer,Mystère,années 1930,,40,4,https://covers.openlibrary.org/b/id/6921909-L.jpg,,,
1357,La salle du meurtre,P.D. James,Mystère,Mystère,,40,4,https://covers.openlibrary.org/b/id/3328948-L.jpg,,,
1358,Un millionnaire africain,Grant Allen,Mystère,voyou criminel,,40,4,https://covers.openlibrary.org/b/id/4486194-L.jpg,,,
1359,La maison sur la falaise,Franklin W. Dixon,Mystère,Fiction,,40,4,https://covers.openlibrary.org/b/id/13180440-L.jpg,,,
1360,Orgueil et préjugés,Jane Austen,Drame,Fiction,Romance,4036,403.6,https://covers.openlibrary.org/b/id/14348537-L.jpg,Historique,Régence,
1361,Les Hauts de Hurlevent,Emily Brontë,Drame,Fiction britannique et irlandaise (œuvres de fiction d'un seul auteur),,2850,285,https://covers.openlibrary.org/b/id/12818862-L.jpg,,,
1362,Un chant de Noël,Charles Dickens,Drame,Histoires de fantômes,,2727,272.7,https://covers.openlibrary.org/b/id/13299222-L.jpg,,,
1363,Olivier Twist,Charles Dickens,Drame,Bildungsromans,,2209,220.9,https://covers.openlibrary.org/b/id/13300802-L.jpg,,,
1364,Une histoire de deux villes,Charles Dickens,Drame,britannique,,2059,205.9,https://covers.openlibrary.org/b/id/13301713-L.jpg,,,
1365,Le merveilleux magicien d'Oz,L. Frank Baum,Drame,Sorcières,,2052,205.2,https://covers.openlibrary.org/b/id/552443-L.jpg,,,
1366,Hamlet,Guillaume Shakespeare,Drame,arts du spectacle,,1988,198.8,https://covers.openlibrary.org/b/id/8281954-L.jpg,,,
1367,Petites femmes,Louisa May Alcott,Drame,Romains,,1887,188.7,https://covers.openlibrary.org/b/id/8775559-L.jpg,,,
1368,Le roi Lear,Guillaume Shakespeare,Drame,Drame,,1542,154.2,https://covers.openlibrary.org/b/id/7420452-L.jpg,,,
1369,De grandes attentes,Charles Dickens,Drame,Auteurs,,1489,148.9,https://covers.openlibrary.org/b/id/13322313-L.jpg,,,
1370,Le Songe d'une nuit d'été,Guillaume Shakespeare,Drame,Drame,,1485,148.5,https://covers.openlibrary.org/b/id/7205924-L.jpg,,,
1371,Анна Каренина,Lev Tolstoï,Drame,Fiction,,1314,131.4,https://covers.openlibrary.org/b/id/2560652-L.jpg,,,
1372,Le Chien des Baskerville,Arthur Conan Doyle,Drame,roman policier,,1308,130.8,https://covers.openlibrary.org/b/id/8063264-L.jpg,,,
1373,Jules César,Guillaume Shakespeare,Drame,Antoine (Marcus Antonius),,1222,122.2,https://covers.openlibrary.org/b/id/7901303-L.jpg,,,
1374,Le magnifique Gatsby,F. Scott Fitzgerald,Drame,Personnes mariées,fiction,1174,117.4,https://covers.openlibrary.org/b/id/10590366-L.jpg,,,
1375,Jane Eyre,Charlotte Brontë,Drame,Fiction,,1170,117,https://covers.openlibrary.org/b/id/8235363-L.jpg,,,
1376,Moby Dick,Herman Melville,Drame,Histoires de la mer d'Amérique,,1118,111.8,https://covers.openlibrary.org/b/id/10544254-L.jpg,,,
1377,Parc Mansfield,Jane Austen,Drame,Histoires d'amour,Anglais,1107,110.7,https://covers.openlibrary.org/b/id/14618737-L.jpg,,,
1378,L'homme qui était jeudi,Gilbert Keith Chesterton,Drame,Anarchistes,,1105,110.5,https://covers.openlibrary.org/b/id/8242857-L.jpg,,,
1379,Ὀδύσσεια,Όμηρος,Drame,great_books_of_the_western_world,,1061,106.1,https://covers.openlibrary.org/b/id/9045853-L.jpg,,,
1380,Les enfants des chemins de fer,Edith Nesbit,Drame,Frères et sœurs,,985,98.5,https://covers.openlibrary.org/b/id/13241123-L.jpg,,,
1381,Roméo et Juliette,Guillaume Shakespeare,Drame,Littérature classique,,973,97.3,https://covers.openlibrary.org/b/id/8257991-L.jpg,,,
1382,Macbeth,Guillaume Shakespeare,Drame,Drame,,955,95.5,https://covers.openlibrary.org/b/id/872432-L.jpg,,,
1383,Le dernier des Mohicans,James Fenimore Cooper,Drame,Histoires d'aventure,,862,86.2,https://covers.openlibrary.org/b/id/8236937-L.jpg,,,
1384,David Copperfield,Charles Dickens,Drame,Drame britannique et irlandais (œuvres dramatiques d'un auteur),,846,84.6,https://covers.openlibrary.org/b/id/1048892-L.jpg,,,
1385,Le roi Richard II,Guillaume Shakespeare,Drame,Drame,,814,81.4,https://covers.openlibrary.org/b/id/9069548-L.jpg,,,
1386,La tempête,Guillaume Shakespeare,Drame,Littérature anglaise : critique de Shakespeare,,804,80.4,https://covers.openlibrary.org/b/id/8155661-L.jpg,,,
1387,Le Marchand de Venise,Guillaume Shakespeare,Drame,Drame,,781,78.1,https://covers.openlibrary.org/b/id/7182819-L.jpg,,,
1388,Dracula,Bram Stoker,Drame,Littérature anglaise,,733,73.3,https://covers.openlibrary.org/b/id/12216503-L.jpg,,,
1389,Troïlus et Cressida,Guillaume Shakespeare,Drame,Drame,,732,73.2,https://covers.openlibrary.org/b/id/8789523-L.jpg,,,
1390,Le Condé de Montecristo,Alexandre Dumas,Drame,France -- Histoire -- 19e siècle -- Fiction,,732,73.2,https://covers.openlibrary.org/b/id/14566393-L.jpg,,,
1391,Trois hommes dans un bateau (sans parler du chien),Jérôme Klapka Jérôme,Drame,Histoires humoristiques,,728,72.8,https://covers.openlibrary.org/b/id/8243006-L.jpg,,,
1392,Othello,Guillaume Shakespeare,Drame,Drame,,702,70.2,https://covers.openlibrary.org/b/id/7165018-L.jpg,,,
1393,La maison de la joie,Edith Wharton,Drame,Fiction,,684,68.4,https://covers.openlibrary.org/b/id/9329539-L.jpg,,,
1394,L'autobiographie de Benjamin Franklin,Benjamin Franklin,Drame,Testaments,,679,67.9,https://covers.openlibrary.org/b/id/5647361-L.jpg,,,
1395,Douzième nuit,Guillaume Shakespeare,Drame,Drame,,649,64.9,https://covers.openlibrary.org/b/id/9119932-L.jpg,,,
1396,La Pierre de Lune,Wilkie Collins,Drame,Fiction,,637,63.7,https://covers.openlibrary.org/b/id/8237041-L.jpg,,,
1397,Faust,Johann Wolfgang von Goethe,Drame,Le bien et le mal,,633,63.3,https://covers.openlibrary.org/b/id/6499459-L.jpg,,,
1398,Moll Flandre,Daniel Defoe,Drame,Fiction,,565,56.5,https://covers.openlibrary.org/b/id/12997559-L.jpg,,,
1399,Terrain plat,Edwin Abbott Abbott,Drame,Quatrième dimension,,544,54.4,https://covers.openlibrary.org/b/id/10069547-L.jpg,,,
1400,Le roi Henri VIII,Guillaume Shakespeare,Drame,Drame,,538,53.8,https://covers.openlibrary.org/b/id/7897086-L.jpg,,,
1401,Le roi Henri V,Guillaume Shakespeare,Drame,Drame,,527,52.7,https://covers.openlibrary.org/b/id/7420215-L.jpg,,,
1402,"Villette, un roman",Charlotte Brontë,Drame,Fiction,,518,51.8,https://covers.openlibrary.org/b/id/5737854-L.jpg,,,
1403,Le tueur de cerfs,James Fenimore Cooper,Drame,Les États-Unis dans la fiction,,504,50.4,https://covers.openlibrary.org/b/id/8237593-L.jpg,,,
1404,Cranford,Elizabeth Cleghorn Gaskell,Drame,Fiction,,473,47.3,https://covers.openlibrary.org/b/id/5188445-L.jpg,,,
1405,Comme vous l'aimez,Guillaume Shakespeare,Drame,Drame,,467,46.7,https://covers.openlibrary.org/b/id/7338874-L.jpg,,,
1406,Cœur des Ténèbres,Joseph Conrad,Drame,Fiction,,464,46.4,https://covers.openlibrary.org/b/id/12307847-L.jpg,,,
1407,Énée,Publius Vergilius Maro,Drame,Poésie,,456,45.6,https://covers.openlibrary.org/b/id/6968564-L.jpg,,,
1408,La dame aux camélias [roman],Alexandre Dumas fils,Drame,Littérature classique,,451,45.1,https://covers.openlibrary.org/b/id/14565226-L.jpg,,,
1409,L’importance d’être sérieux,Oscar Wilde,Drame,Drame britannique et irlandais (œuvres dramatiques d'un auteur),,445,44.5,https://covers.openlibrary.org/b/id/1260453-L.jpg,,,
1410,Dix-neuf quatre-vingt-quatre,Georges Orwell,Drame,futurologie,,437,43.7,https://covers.openlibrary.org/b/id/9267242-L.jpg,,,
1411,Le roi Henri IV. Partie 1,Guillaume Shakespeare,Drame,Drame,,431,43.1,https://covers.openlibrary.org/b/id/116833-L.jpg,,,
1412,Peter Pan,J.M. Barrie,Drame,Choix du personnel de la bibliothèque ouverte,,429,42.9,https://covers.openlibrary.org/b/id/8237052-L.jpg,,,
1413,Antoine et Cléopâtre,Guillaume Shakespeare,Drame,Antoine,Marc,422,42.2,https://covers.openlibrary.org/b/id/8222096-L.jpg,,,
1414,Richard III,Guillaume Shakespeare,Drame,Drame,,401,40.1,https://covers.openlibrary.org/b/id/9020720-L.jpg,,,
1415,Beaucoup de bruit pour rien,Guillaume Shakespeare,Drame,des identités erronées,,399,39.9,https://covers.openlibrary.org/b/id/8290853-L.jpg,,,
1416,Les forestiers,Thomas Hardy,Drame,Fiction,,392,39.2,https://covers.openlibrary.org/b/id/8243078-L.jpg,,,
1417,Le petit prince,Antoine de Saint-Exupéry,Drame,aventure,,371,37.1,https://covers.openlibrary.org/b/id/10708272-L.jpg,,,
1418,Hedda Gabler,Henrik Ibsen,Drame,Drame européen continental (œuvres dramatiques d'un auteur),,371,37.1,https://covers.openlibrary.org/b/id/12481427-L.jpg,,,
1419,Conte d'hiver,Guillaume Shakespeare,Drame,Drame,,362,36.2,https://covers.openlibrary.org/b/id/7405847-L.jpg,,,
1420,La Mégère apprivoisée,Guillaume Shakespeare,Drame,Drame,,362,36.2,https://covers.openlibrary.org/b/id/7889534-L.jpg,,,
1421,Le roi Henri IV. Partie 2,Guillaume Shakespeare,Drame,Drame,,360,36,https://covers.openlibrary.org/b/id/7339581-L.jpg,,,
1422,Deux messieurs de Vérone,Guillaume Shakespeare,Drame,Drame,,346,34.6,https://covers.openlibrary.org/b/id/8791306-L.jpg,,,
1423,Le travail de l'amour est perdu,Guillaume Shakespeare,Drame,Drame,,328,32.8,https://covers.openlibrary.org/b/id/9020738-L.jpg,,,
1424,Le Ritt des Walkuren,Richard Wagner,Drame,Livrets,,328,32.8,https://covers.openlibrary.org/b/id/8243672-L.jpg,,,
1425,Hamlet,Guillaume Shakespeare,Drame,Hamlet (personnage légendaire),,316,31.6,https://covers.openlibrary.org/b/id/12292870-L.jpg,,,
1426,Coriolan,Guillaume Shakespeare,Drame,Drame,,314,31.4,https://covers.openlibrary.org/b/id/8222112-L.jpg,,,
1427,Cyrano de Bergerac,Edmond Rostand,Drame,Drame,,308,30.8,https://covers.openlibrary.org/b/id/8236320-L.jpg,,,
1428,Papa-Longues-Jambes,Jean Webster,Drame,Philanthropes,,299,29.9,https://covers.openlibrary.org/b/id/8266414-L.jpg,,,
1429,Elle s'abaisse pour conquérir,Olivier Goldsmith,Drame,Drame britannique et irlandais (œuvres dramatiques d'un auteur),,294,29.4,https://covers.openlibrary.org/b/id/251839-L.jpg,,,
1430,L'âge de l'innocence,Edith Wharton,Drame,Fiction,,285,28.5,https://covers.openlibrary.org/b/id/11196262-L.jpg,,,
1431,Mesure pour mesure,Guillaume Shakespeare,Drame,Drame,,285,28.5,https://covers.openlibrary.org/b/id/7339281-L.jpg,,,
1432,Des souris et des hommes,John Steinbeck,Drame,fiction contemporaine,,262,26.2,https://covers.openlibrary.org/b/id/14319003-L.jpg,,,
1433,Pièces (36),Guillaume Shakespeare,Drame,sources,,257,25.7,https://covers.openlibrary.org/b/id/9023411-L.jpg,,,
1434,Le roi Jean,Guillaume Shakespeare,Drame,Drame,,257,25.7,https://covers.openlibrary.org/b/id/7340949-L.jpg,,,
1435,Fahrenheit451,Ray Bradbury,Drame,Chien mécanique,,257,25.7,https://covers.openlibrary.org/b/id/12993656-L.jpg,,,
1436,Kenilworth,Monsieur Walter Scott,Drame,Fiction,,256,25.6,https://covers.openlibrary.org/b/id/8239394-L.jpg,,,
1437,Une maison de poupée,Henrik Ibsen,Drame,Drame,,255,25.5,https://covers.openlibrary.org/b/id/879914-L.jpg,,,
1438,L'agent secret,Joseph Conrad,Drame,Anarchistes,fiction,255,25.5,https://covers.openlibrary.org/b/id/8239401-L.jpg,,,
1439,Poétique,Aristote,Drame,Premiers travaux vers 1800,,251,25.1,https://covers.openlibrary.org/b/id/6528920-L.jpg,,,
1440,Marguerite Miller,Henri James,Drame,Fiction,,244,24.4,https://covers.openlibrary.org/b/id/6482238-L.jpg,,,
1441,La comédie des erreurs,Guillaume Shakespeare,Drame,Drame,,244,24.4,https://covers.openlibrary.org/b/id/5561040-L.jpg,,,
1442,Autant en emporte le vent,Marguerite Mitchell,Drame,survie,,244,24.4,https://covers.openlibrary.org/b/id/14817133-L.jpg,,,
1443,Cymbeline,Guillaume Shakespeare,Drame,Drame,,242,24.2,https://covers.openlibrary.org/b/id/8997203-L.jpg,,,
1444,Les Joyeuses Commères de Windsor,Guillaume Shakespeare,Drame,Drame,,239,23.9,https://covers.openlibrary.org/b/id/7165252-L.jpg,,,
1445,Harry Potter et la coupe de feu,J.K. Rowling,Drame,orphelins,,231,23.1,https://covers.openlibrary.org/b/id/12059372-L.jpg,,,
1446,Дядя Ваня,Anton Pavlovitch Chekhov,Drame,langue russe,,222,22.2,https://covers.openlibrary.org/b/id/903963-L.jpg,,,
1447,Tout est bien qui finit bien,Guillaume Shakespeare,Drame,Drame,,218,21.8,https://covers.openlibrary.org/b/id/7338455-L.jpg,,,
1448,Périclès,Guillaume Shakespeare,Drame,Drame,,218,21.8,https://covers.openlibrary.org/b/id/7165070-L.jpg,,,
1449,"Œuvres [37 pièces de théâtre, 6 poèmes, sonnets]",Guillaume Shakespeare,Drame,Drame anglais moderne et élisabéthain,,213,21.3,https://covers.openlibrary.org/b/id/8779054-L.jpg,,,
1450,La Leyde des jeunes Werthers,Johann Wolfgang von Goethe,Drame,Traductions en anglais,,211,21.1,https://covers.openlibrary.org/b/id/7187281-L.jpg,,,
1451,Чайка,Anton Pavlovitch Chekhov,Drame,Œuvres dramatiques,,208,20.8,https://covers.openlibrary.org/b/id/2050811-L.jpg,,,
1452,Chant de Noël,Betty Ren Wright,Drame,Fiction pour enfants,,205,20.5,https://covers.openlibrary.org/b/id/12875748-L.jpg,,,
1453,Titus Andronicus,Guillaume Shakespeare,Drame,Bibliographie,,205,20.5,https://covers.openlibrary.org/b/id/9020748-L.jpg,,,
1454,Timon d'Athènes,Guillaume Shakespeare,Drame,Les riches,,202,20.2,https://covers.openlibrary.org/b/id/7329261-L.jpg,,,
1455,Ben Hur,Lew Wallace,Drame,Fiction,,201,20.1,https://covers.openlibrary.org/b/id/6456470-L.jpg,,,
1456,Antoine et Cléopâtre,Guillaume Shakespeare,Drame,César,jules,200,20,https://covers.openlibrary.org/b/id/11158305-L.jpg,drame,,
1457,Смерть Ивана Ильича,Léon Tolstoï,Drame,Littérature,,188,18.8,https://covers.openlibrary.org/b/id/419697-L.jpg,,,
1458,Οἰδίπους Τύραννος (Oidípous Týrannos),Sophocle,Drame,destin,,187,18.7,https://covers.openlibrary.org/b/id/764695-L.jpg,,,
1459,Rébecca,Daphné du Maurier,Drame,Femmes mariées,,183,18.3,https://covers.openlibrary.org/b/id/8238729-L.jpg,,,
1460,Une femme sans importance,Oscar Wilde,Drame,Fiction,,176,17.6,https://covers.openlibrary.org/b/id/8245246-L.jpg,,,
1461,Les œuvres poétiques de John Dryden,John Dryden,Drame,Critique et interprétation,,176,17.6,https://covers.openlibrary.org/b/id/1817022-L.jpg,,,
1462,La Voie du Monde,William Congrève,Drame,Drame britannique et irlandais (œuvres dramatiques d'un auteur),,174,17.4,https://covers.openlibrary.org/b/id/451937-L.jpg,,,
1463,Salome,Oscar Wilde,Drame,Drame,,174,17.4,https://covers.openlibrary.org/b/id/8246115-L.jpg,,,
1464,le roi Richard III,Guillaume Shakespeare,Drame,Drame,,173,17.3,https://covers.openlibrary.org/b/id/10548062-L.jpg,,,
1465,Proserpine et Midas,Marie Shelley,Drame,Drame,,172,17.2,https://covers.openlibrary.org/b/id/2784641-L.jpg,,,
1466,La reine Margot,Alexandre Dumas,Drame,Fiction,,172,17.2,https://covers.openlibrary.org/b/id/14557277-L.jpg,,,
1467,Tragédie de Macbeth,Guillaume Shakespeare,Drame,Tragédies,,168,16.8,https://covers.openlibrary.org/b/id/12673244-L.jpg,,,
1468,Richard Wagner sur Tristan et Isolde,Richard Wagner,Drame,Livrets,,165,16.5,https://covers.openlibrary.org/b/id/8242745-L.jpg,,,
1469,"L'école du scandale, 1780",Richard Brinsley Sheridan,Drame,Drame anglais,,164,16.4,https://covers.openlibrary.org/b/id/5853583-L.jpg,,,
1470,Lolita,Vladimir Nabokov,Drame,fiction érotique,,159,15.9,https://covers.openlibrary.org/b/id/12984540-L.jpg,,,
1471,Belles histoires de Shakespeare,Edith Nesbit,Drame,Histoires pour enfants,,157,15.7,https://covers.openlibrary.org/b/id/874631-L.jpg,,,
1472,Médée,Euripide,Drame,Dionysos (divinité grecque),,156,15.6,https://covers.openlibrary.org/b/id/6537700-L.jpg,,,
1473,La chanson de Hiawatha,Henry Wadsworth Longfellow,Drame,poésie américaine,,154,15.4,https://covers.openlibrary.org/b/id/8237825-L.jpg,,,
1474,Le roi Henri VI. Partie 3,Guillaume Shakespeare,Drame,Drame,,152,15.2,https://covers.openlibrary.org/b/id/7182904-L.jpg,,,
1475,Вишневый сад,Anton Pavlovitch Chekhov,Drame,Traductions en anglais,,152,15.2,https://covers.openlibrary.org/b/id/13420205-L.jpg,,,
1476,R.U.R. et Le jeu des insectes,Karel Capek,Drame,Drame tchèque,,147,14.7,https://covers.openlibrary.org/b/id/4291026-L.jpg,,,
1477,Agamemnon,Eschyle,Drame,Drame,,145,14.5,https://covers.openlibrary.org/b/id/5758927-L.jpg,,,
1478,Le roi Henri VI. Partie 2,Guillaume Shakespeare,Drame,Drame,,143,14.3,https://covers.openlibrary.org/b/id/9118899-L.jpg,,,
1479,"Une traduction anglaise de Parsifal, le drame sacré de la fête de Richard Wagner",Richard Wagner,Drame,Livrets,,143,14.3,https://covers.openlibrary.org/b/id/8243595-L.jpg,,,
1480,Pygmalion,George Bernard Shaw,Drame,Drame,,142,14.2,https://covers.openlibrary.org/b/id/9267223-L.jpg,,,
1481,Voie sans issue,Charles Dickens,Drame,Fiction,général,141,14.1,https://covers.openlibrary.org/b/id/1844225-L.jpg,,,
1482,Fuente Ovejuna,Lopé de Vega,Drame,Livres de langue espagnole,,139,13.9,https://covers.openlibrary.org/b/id/1047448-L.jpg,,,
1483,Les Chroniques martiennes,Ray Bradbury,Drame,Science-fiction américaine,,138,13.8,https://covers.openlibrary.org/b/id/9346537-L.jpg,,,
1484,Guillaume Tell,Frédéric Schiller,Drame,Drame,,136,13.6,https://covers.openlibrary.org/b/id/8974155-L.jpg,,,
1485,L'Abhijñānaśākuntalam de Kālidāsa,Kalidasa,Drame,Drame sanscrit,,134,13.4,https://covers.openlibrary.org/b/id/10073647-L.jpg,,,
1486,Apprivoiser la musaraigne,Guillaume Shakespeare,Drame,Sources,,134,13.4,https://covers.openlibrary.org/b/id/7220124-L.jpg,,,
1487,Catch-22,Joseph Heller,Drame,Choix du personnel de la bibliothèque ouverte,,134,13.4,https://covers.openlibrary.org/b/id/6468653-L.jpg,,,
1488,Le Cid,Pierre Corneille,Drame,Drame,,134,13.4,https://covers.openlibrary.org/b/id/8236984-L.jpg,,,
1489,Orestie,Eschyle,Drame,Agamemnon (mythologie grecque),,133,13.3,https://covers.openlibrary.org/b/id/6548168-L.jpg,,,
1490,Ouverture de Tannhauser,Richard Wagner,Drame,Ouvertures,,131,13.1,https://covers.openlibrary.org/b/id/8243271-L.jpg,,,
1491,Les armes et l'homme,George Bernard Shaw,Drame,Drame,,129,12.9,https://covers.openlibrary.org/b/id/6275582-L.jpg,,,
1492,L'Admirable Crichton,J.M. Barrie,Drame,Drame,,129,12.9,https://covers.openlibrary.org/b/id/6336288-L.jpg,,,
1493,Devine combien je t'aime,Sam McBratney,Drame,Fiction,,129,12.9,https://covers.openlibrary.org/b/id/13282906-L.jpg,,,
1494,"L'Alchimiste, 1612",Ben Jonson,Drame,Drame britannique et irlandais (œuvres dramatiques d'un auteur),,128,12.8,https://covers.openlibrary.org/b/id/7463992-L.jpg,,,
1495,Bacchantes,Euripide,Drame,Bacchantes,,127,12.7,https://covers.openlibrary.org/b/id/7172765-L.jpg,,,
1496,Retour à Mathusalem,George Bernard Shaw,Drame,Drame anglais,,123,12.3,https://covers.openlibrary.org/b/id/5588974-L.jpg,,,
1497,Le roi Henri VI. Partie 1,Guillaume Shakespeare,Drame,Drame,,122,12.2,https://covers.openlibrary.org/b/id/8202808-L.jpg,,,
1498,Le vilain petit canard,Hans Christian Andersen,Drame,Canetons,,122,12.2,https://covers.openlibrary.org/b/id/446546-L.jpg,,,
1499,Les rivaux,Richard Brinsley Sheridan,Drame,Drame britannique et irlandais (œuvres dramatiques d'un auteur),,122,12.2,https://covers.openlibrary.org/b/id/905015-L.jpg,,,
1500,Le coureur de cerf-volant,Khaled Hosseini,Drame,Best-seller du New York Times,,121,12.1,https://covers.openlibrary.org/b/id/14846827-L.jpg,,,
1501,Cela ne peut pas arriver ici,Sinclair Lewis,Drame,Mouvements antifascistes,,119,11.9,https://covers.openlibrary.org/b/id/12719018-L.jpg,,,
1502,Amour pour Amour,William Congrève,Drame,Drame britannique et irlandais (œuvres dramatiques d'un auteur),,118,11.8,https://covers.openlibrary.org/b/id/451696-L.jpg,,,
1503,Idylles du roi,Alfred Lord Tennyson,Drame,Poésie,,118,11.8,https://covers.openlibrary.org/b/id/102890-L.jpg,,,
1504,Hernani,Victor Hugo,Drame,Drame,,116,11.6,https://covers.openlibrary.org/b/id/10240221-L.jpg,,,
1505,Peer Gynt,Henrik Ibsen,Drame,Drame,,111,11.1,https://covers.openlibrary.org/b/id/3324275-L.jpg,,,
1506,Alceste,Euripide,Drame,Alceste (mythologie grecque),,111,11.1,https://covers.openlibrary.org/b/id/5747812-L.jpg,,,
1507,... Trotzdem Ja zum Leben sagen,Viktor E. Frankl,Drame,Camps de concentration nazis,,111,11.1,https://covers.openlibrary.org/b/id/8516506-L.jpg,,,
1508,Prométhée lié,Eschyle,Drame,Littérature classique,,111,11.1,https://covers.openlibrary.org/b/id/2012861-L.jpg,,,
1509,L'opéra du mendiant,John Gay,Drame,Opéras de ballade,,109,10.9,https://covers.openlibrary.org/b/id/8237929-L.jpg,,,
1510,Grenouilles,Aristophane,Drame,Dionysos (divinité grecque),,109,10.9,https://covers.openlibrary.org/b/id/128805-L.jpg,,,
1511,Maison tordue,Agathe Christie,Drame,Mystère,,109,10.9,https://covers.openlibrary.org/b/id/14570595-L.jpg,,,
1512,Le parrain,Mario Puzo,Drame,Histoires policières et mystérieuses,,109,10.9,https://covers.openlibrary.org/b/id/6507069-L.jpg,,,
1513,Don Giovanni,Wolfgang Amadeus Mozart,Drame,Extraits arrangés,,109,10.9,https://covers.openlibrary.org/b/id/453006-L.jpg,,,
1514,Phèdre,Jean Racine,Drame,Drame,,108,10.8,https://covers.openlibrary.org/b/id/6550667-L.jpg,,,
1515,Три сестры,Anton Pavlovitch Chekhov,Drame,Drame,,108,10.8,https://covers.openlibrary.org/b/id/14550081-L.jpg,,,
1516,Les sorcières,Roald Dahl,Drame,Fiction,,107,10.7,https://covers.openlibrary.org/b/id/12374442-L.jpg,,,
1517,L'écart dans le rideau,John Buchan,Drame,Fiction,thrillers,107,10.7,https://covers.openlibrary.org/b/id/922234-L.jpg,,,
1518,Beauté noire,Anna Sewell,Drame,Beauté noire,,107,10.7,https://covers.openlibrary.org/b/id/5007492-L.jpg,,,
1519,Hippolyte,Euripide,Drame,Drame grec,,105,10.5,https://covers.openlibrary.org/b/id/6496522-L.jpg,,,
1520,Cyrano de Bergerac,Edmond Rostand,Drame,Drame,,105,10.5,,,,
1521,Melmoth le Vagabond,Charles Robert Maturin,Drame,Fiction,,103,10.3,https://covers.openlibrary.org/b/id/104268-L.jpg,,,
1522,Marie Stuart,Frédéric Schiller,Drame,Drame,,103,10.3,https://covers.openlibrary.org/b/id/8247714-L.jpg,,,
1523,Les deux nobles parents,John Fletcher,Drame,Drame,,102,10.2,https://covers.openlibrary.org/b/id/7337998-L.jpg,,,
1524,Fröken Julie,Août Strindberg,Drame,Traductions en anglais,,101,10.1,https://covers.openlibrary.org/b/id/3856531-L.jpg,,,
1525,Nuages,Aristophane,Drame,Rhétorique,,99,9.9,https://covers.openlibrary.org/b/id/8240310-L.jpg,,,
1526,Luces de Bohême,Ramón del Valle Inclán,Drame,Valle-inclán,Ramón del,99,9.9,https://covers.openlibrary.org/b/id/12376215-L.jpg,1866-1936,,
1527,"Œuvres [37 pièces de théâtre, 5 poèmes, sonnets]",Guillaume Shakespeare,Drame,Tragédies,,98,9.8,https://covers.openlibrary.org/b/id/8774653-L.jpg,,,
1528,Meurtre dans la cathédrale,T.S. Eliot,Drame,Drame,,98,9.8,https://covers.openlibrary.org/b/id/376477-L.jpg,,,
1529,Antigone,Sophocle,Drame,Drame,,98,9.8,https://covers.openlibrary.org/b/id/4136578-L.jpg,,,
1530,Bible,Bible,Éducation,Manuscrits,Latin (médiéval et moderne),3172,317.2,https://covers.openlibrary.org/b/id/12707846-L.jpg,,,
1531,La photo de Dorian Gray,Oscar Wilde,Éducation,Fiction britannique et irlandaise (œuvres de fiction d'un seul auteur),,3006,300.6,https://covers.openlibrary.org/b/id/14314858-L.jpg,,,
1532,Devis de New York,Source du livre,Éducation,Éducation,,1488,148.8,,,,
1533,Le Songe d'une nuit d'été,Guillaume Shakespeare,Éducation,Drame,,1485,148.5,https://covers.openlibrary.org/b/id/7205924-L.jpg,,,
1534,Anne… la maison aux pignons verts,Lucy Maud Montgomery,Éducation,Fiction,,1299,129.9,https://covers.openlibrary.org/b/id/14641084-L.jpg,,,
1535,Jules César,Guillaume Shakespeare,Éducation,Antoine (Marcus Antonius),,1222,122.2,https://covers.openlibrary.org/b/id/7901303-L.jpg,,,
1536,Des temps difficiles,Charles Dickens,Éducation,Fiction,,1029,102.9,https://covers.openlibrary.org/b/id/8236916-L.jpg,,,
1537,Kim,Rudyard Kipling,Éducation,Fiction,,934,93.4,https://covers.openlibrary.org/b/id/1053011-L.jpg,,,
1538,La tempête,Guillaume Shakespeare,Éducation,Littérature anglaise : critique de Shakespeare,,804,80.4,https://covers.openlibrary.org/b/id/8155661-L.jpg,,,
1539,πολιτεία,Πλάτων,Éducation,Sciences politiques,,794,79.4,https://covers.openlibrary.org/b/id/14418448-L.jpg,,,
1540,Le Marchand de Venise,Guillaume Shakespeare,Éducation,Drame,,781,78.1,https://covers.openlibrary.org/b/id/7182819-L.jpg,,,
1541,L'autobiographie de Benjamin Franklin,Benjamin Franklin,Éducation,Testaments,,679,67.9,https://covers.openlibrary.org/b/id/5647361-L.jpg,,,
1542,Enfer,Dante Alighieri,Éducation,Poésie,,445,44.5,https://covers.openlibrary.org/b/id/6387077-L.jpg,,,
1543,Jude l'Obscur,Thomas Hardy,Éducation,Vie sociale et coutumes,,425,42.5,https://covers.openlibrary.org/b/id/12973053-L.jpg,,,
1544,À rebours,Joris-Karl Huysmans,Éducation,Esthétique,,332,33.2,https://covers.openlibrary.org/b/id/13170209-L.jpg,,,
1545,Une revendication des droits de la femme,Marie Wollstonecraft,Éducation,Droits des femmes,,309,30.9,https://covers.openlibrary.org/b/id/675852-L.jpg,,,
1546,Essais,"Montaigne, Michel de.",Éducation,Traductions en chinois,,294,29.4,https://covers.openlibrary.org/b/id/104154-L.jpg,,,
1547,Manon Lescaut,Abbé Prévost,Éducation,Fiction,,283,28.3,https://covers.openlibrary.org/b/id/8236918-L.jpg,,,
1548,Les éléments de style,"William Strunk, Jr.",Éducation,référence,,273,27.3,https://covers.openlibrary.org/b/id/10515358-L.jpg,,,
1549,La lumière qui a échoué,Rudyard Kipling,Éducation,Aveugle,,262,26.2,https://covers.openlibrary.org/b/id/8245186-L.jpg,,,
1550,Fahrenheit451,Ray Bradbury,Éducation,Chien mécanique,,257,25.7,https://covers.openlibrary.org/b/id/12993656-L.jpg,,,
1551,Périclès,Guillaume Shakespeare,Éducation,Drame,,218,21.8,https://covers.openlibrary.org/b/id/7165070-L.jpg,,,
1552,Moralité,Plutarque,Éducation,Éthique ancienne,,211,21.1,https://covers.openlibrary.org/b/id/5788251-L.jpg,,,
1553,Carmine,Horace,Éducation,Poésie élogieuse latine,,183,18.3,https://covers.openlibrary.org/b/id/5602118-L.jpg,,,
1554,Emile ou l'Éducation,Jean-Jacques Rousseau,Éducation,Éducation,,182,18.2,https://covers.openlibrary.org/b/id/989104-L.jpg,,,
1555,Kokuritsu Kokkai Toshokan shozō Meijiki kankō tosho maikuro-ban shūsei,Kokuritsu Kokkai Toshokan (Japon),Éducation,Art,,156,15.6,,,,
1556,L'assistant du maître d'école,Thomas Dilworth,Éducation,Arithmétique,,123,12.3,https://covers.openlibrary.org/b/id/8161746-L.jpg,,,
1557,Mamie,Émile Zola,Éducation,fiction française,,118,11.8,https://covers.openlibrary.org/b/id/8237804-L.jpg,,,
1558,De consolation philosophiae,Boèce,Éducation,Incunables,,118,11.8,https://covers.openlibrary.org/b/id/8237802-L.jpg,,,
1559,Lettres à son fils,"Philip Dormer Stanhope, 4e comte de Chesterfield",Éducation,Conduite de vie,,114,11.4,https://covers.openlibrary.org/b/id/5576267-L.jpg,,,
1560,Aréopagitique,John Milton,Éducation,Liberté de la presse,,113,11.3,https://covers.openlibrary.org/b/id/12707922-L.jpg,,,
1561,Παρμενίδης,Πλάτων,Éducation,Premiers travaux vers 1800,,111,11.1,https://covers.openlibrary.org/b/id/14412221-L.jpg,,,
1562,[Relief de C. J. Baronett.],États-Unis. Congrès. Sénat. Commission des territoires,Éducation,Administration de la justice,,110,11,,,,
1563,Poèmes,Matthieu Arnold,Éducation,Philosophie,,107,10.7,https://covers.openlibrary.org/b/id/8244561-L.jpg,,,
1564,Sésame et lys,John Ruskin,Éducation,Livres et lecture,,105,10.5,https://covers.openlibrary.org/b/id/10672278-L.jpg,,,
1565,Hippolyte,Euripide,Éducation,Drame grec,,105,10.5,https://covers.openlibrary.org/b/id/6496522-L.jpg,,,
1566,Projet de recherche sur la diffusion des connaissances aérospatiales NASA/DoD,Thomas E. Pinelli,Éducation,Ingénierie aéronautique,,101,10.1,https://covers.openlibrary.org/b/id/8936636-L.jpg,,,
1567,Déclin et chute,Evelyn Waugh,Éducation,Vie sociale et coutumes,,91,9.1,https://covers.openlibrary.org/b/id/908617-L.jpg,,,
1568,Aide étrangère,États-Unis. Bureau de la Comptabilité Générale,Éducation,Aide économique américaine,,89,8.9,,,,
1569,Circulaire au clergé,Église catholique. Archidiocèse de Québec. Archevêque (1870-1898 : Taschereau),Éducation,Administration,,87,8.7,https://covers.openlibrary.org/b/id/9123779-L.jpg,,,
1570,Nouvelle Atlantide,François Bacon,Éducation,Premiers travaux vers 1800,,84,8.4,https://covers.openlibrary.org/b/id/313890-L.jpg,,,
1571,L'amour et M. Lewisham,H.G. Wells,Éducation,Littérature classique,,80,8,https://covers.openlibrary.org/b/id/8243306-L.jpg,,,
1572,Poucette,Hans Christian Andersen,Éducation,Matériel en espagnol,,79,7.9,https://covers.openlibrary.org/b/id/1357775-L.jpg,,,
1573,Les jours d'école de Tom Brown,Thomas Hughes,Éducation,Les jours d'école de Tom Brown,,76,7.6,https://covers.openlibrary.org/b/id/8243346-L.jpg,,,
1574,Sur la cuisine,Sarah R. Labensky,Éducation,Recettes,,74,7.4,https://covers.openlibrary.org/b/id/92630-L.jpg,,,
1575,Seizième recensement des États-Unis,États-Unis. Bureau du recensement,Éducation,Allocations de superficie,,72,7.2,https://covers.openlibrary.org/b/id/7027008-L.jpg,,,
1576,Différencier l'enseignement avec les menus,Laurie E. Westphal,Éducation,Biologie,étude et enseignement,71,7.1,https://covers.openlibrary.org/b/id/2959802-L.jpg,,,
1577,"Ramona Quimby, 8 ans",Beverly Cleary,Éducation,Histoires humoristiques,,70,7,https://covers.openlibrary.org/b/id/15064600-L.jpg,,,
1578,L'idée d'une université,John Henry Newman,Éducation,Universités et collèges,,70,7,https://covers.openlibrary.org/b/id/153405-L.jpg,,,
1579,La mauvaise éducation du nègre,Carter Godwin Woodson,Éducation,Afro-Américains,,69,6.9,https://covers.openlibrary.org/b/id/799531-L.jpg,,,
1580,Comment parler et écrire correctement,Joseph Devlin,Éducation,Rhétorique,,68,6.8,https://covers.openlibrary.org/b/id/2758545-L.jpg,,,
1581,Le jour enneigé,Ezra Jack Keats,Éducation,Fiction,,66,6.6,https://covers.openlibrary.org/b/id/10134995-L.jpg,,,
1582,Le maître d'école,Roger Ascham,Éducation,Langues classiques,,66,6.6,https://covers.openlibrary.org/b/id/8245365-L.jpg,,,
1583,[Promouvoir l'éducation des aveugles.],États-Unis. Congrès. Sénat. Commission de l'éducation et du travail.,Éducation,Comptabilité,,65,6.5,,,,
1584,Kim,Rudyard Kipling,Éducation,Fiction,,65,6.5,https://covers.openlibrary.org/b/id/6655046-L.jpg,,,
1585,Un rapport du Texas School Performance Review,Examen des performances des écoles du Texas (Agence),Éducation,District scolaire indépendant du comté d'Aransas (comté d'Aransas,Texas.),64,6.4,,,,
1586,Freakonomics,Steven D. Levitt,Éducation,Économie,,63,6.3,https://covers.openlibrary.org/b/id/11172914-L.jpg,,,
1587,Hécube,Euripide,Éducation,Guerre de Troie,,63,6.3,https://covers.openlibrary.org/b/id/8242766-L.jpg,,,
1588,QuaverMusique,QuaverEd,Éducation,Éducation,,60,6,,,,
1589,Le premier de Miss Jean Brodie,Muriel Étincelle,Éducation,Relations enseignant-élève,,59,5.9,https://covers.openlibrary.org/b/id/40054-L.jpg,,,
1590,Institutions oratoires,Quintilien,Éducation,Rhétorique,,58,5.8,,,,
1591,L'actualité du transport maritime,Annie Proulx,Éducation,Fiction nationale,,57,5.7,https://covers.openlibrary.org/b/id/10522593-L.jpg,,,
1592,Payer pour les soins de longue durée,Jimi Lofinmakin,Éducation,Éducation,,56,5.6,https://covers.openlibrary.org/b/id/13628213-L.jpg,,,
1593,Sciences et éducation,Thomas Henry Huxley,Éducation,Adresses,essais,56,5.6,https://covers.openlibrary.org/b/id/5774684-L.jpg,conférences,,
1594,Méthode de pédagogie scientifique,Marie Montessori,Éducation,Méthode d'éducation Montessori,,54,5.4,https://covers.openlibrary.org/b/id/8242822-L.jpg,,,
1595,Réforme de la protection sociale,États-Unis. Bureau de la Comptabilité Générale,Éducation,États,,53,5.3,,,,
1596,Quelques réflexions concernant l'éducation,John Locke,Éducation,Éducation,,52,5.2,https://covers.openlibrary.org/b/id/6108786-L.jpg,,,
1597,L'amélioration de l'esprit,Isaac Watts,Éducation,Conduite de vie,,50,5,https://covers.openlibrary.org/b/id/5956664-L.jpg,,,
1598,Répertoire,Hauptstaatsarchiv Stuttgart,Éducation,Archives,,50,5,,,,
1599,Série de méthodes pour débutants,Sean Burdette,Éducation,Musique,,50,5,https://covers.openlibrary.org/b/id/13900514-L.jpg,,,
1600,LIVRE,Galeron Consulting LLC,Éducation,Éducation,,49,4.9,,,,
1601,LIVRE,Galeron Consulting LLC,Éducation,Éducation,,49,4.9,,,,
1602,LIVRE,Galeron Consulting LLC,Éducation,Éducation,,48,4.8,,,,
1603,L'histoire de ma vie,Hélène Keller,Éducation,Surdité,,48,4.8,https://covers.openlibrary.org/b/id/13893274-L.jpg,,,
1604,Sélections,Aristote,Éducation,Philosophie ancienne,,48,4.8,https://covers.openlibrary.org/b/id/1132819-L.jpg,,,
1605,Mauprat,Georges Sand,Éducation,Fiction,,48,4.8,https://covers.openlibrary.org/b/id/3065018-L.jpg,,,
1606,Le maître d'école anglais,Edmond Coote,Éducation,Catéchismes,,47,4.7,,,,
1607,LIVRE,Galeron Consulting LLC,Éducation,Éducation,,47,4.7,,,,
1608,Regarder dehors/regarder dedans,Ronald B.Adler,Éducation,Communication interpersonnelle,,47,4.7,https://covers.openlibrary.org/b/id/7126821-L.jpg,,,
1609,Quelle école ?,Derek Bingham,Éducation,Éducation,,46,4.6,https://covers.openlibrary.org/b/id/2683221-L.jpg,,,
1610,Le faiseur de miracles,William Gibson,Éducation,Drame,,46,4.6,https://covers.openlibrary.org/b/id/12819763-L.jpg,,,
1611,La philosophie de Hegel,Georg Wilhelm Friedrich Hegel,Éducation,Christianisme,,46,4.6,https://covers.openlibrary.org/b/id/8246260-L.jpg,,,
1612,Essais sur les réformateurs de l'éducation,Robert Hébert Quick,Éducation,Histoire,,46,4.6,https://covers.openlibrary.org/b/id/5681463-L.jpg,,,
1613,Un essai au service d'une grammaire de l'assentiment,John Henry Newman,Éducation,Foi,,45,4.5,https://covers.openlibrary.org/b/id/8246126-L.jpg,,,
1614,Voyages d’enquête,demandé,Éducation,Éducation,,44,4.4,,,,
1615,Conjectures et réfutations,Karl Popper,Éducation,Méthodologie,,44,4.4,https://covers.openlibrary.org/b/id/267020-L.jpg,,,
1616,L'histoire de ma vie,Hélène Keller,Éducation,Biographie,,44,4.4,https://covers.openlibrary.org/b/id/7101652-L.jpg,,,
1617,Lettres sur l'amélioration de l'esprit,Hester Chapone,Éducation,Conduite de vie,,43,4.3,https://covers.openlibrary.org/b/id/5647476-L.jpg,,,
1618,Carnet de composition,Tarte chérie,Éducation,Éducation,,42,4.2,https://covers.openlibrary.org/b/id/13557196-L.jpg,,,
1619,LIVRE,Galeron Consulting LLC,Éducation,Éducation,,42,4.2,,,,
1620,je suis Malala,Malala Yousafzaï,Éducation,Jeunes femmes,,42,4.2,https://covers.openlibrary.org/b/id/9358664-L.jpg,,,
1621,La vague,Todd Strasser,Éducation,Psychologie sociale,,41,4.1,https://covers.openlibrary.org/b/id/283478-L.jpg,,,
1622,Comment les enfants échouent,John Caldwell Holt,Éducation,Éducation,,41,4.1,https://covers.openlibrary.org/b/id/134942-L.jpg,,,
1623,LIVRE,Galeron Consulting LLC,Éducation,Éducation,,41,4.1,,,,
1624,Classification,Bibliothèque du Congrès. Division de catalogage par sujet.,Éducation,Classification,,41,4.1,https://covers.openlibrary.org/b/id/6698388-L.jpg,,,
1625,M. Britling y parvient,H.G. Wells,Éducation,Fiction,,41,4.1,https://covers.openlibrary.org/b/id/5719209-L.jpg,,,
1626,"Mesures douces dans la gestion et la formation des jeunes ; ou, Les principes sur lesquels une autorité parentale ferme peut être établie et maintenue",Jacob Abbott,Éducation,Éducation,,40,4,https://covers.openlibrary.org/b/id/6037800-L.jpg,,,
1627,Grundlagen des neunzehnten Jahrhunderts,Houston Stewart Chamberlain,Éducation,Antisémitisme,,40,4,https://covers.openlibrary.org/b/id/1611309-L.jpg,,,
1628,Recherche pédagogique,L.R. Gay,Éducation,Recherche,,40,4,https://covers.openlibrary.org/b/id/4957905-L.jpg,,,
1629,Démocratie et éducation,John Dewey,Éducation,Éducation,,40,4,https://covers.openlibrary.org/b/id/6738842-L.jpg,,,
1630,Succès avec la SV,Systèmes éducatifs Alpha Plus,Éducation,Arts du langage,,39,3.9,,,,
1631,Le guide du Collège,Rachel Winston,Éducation,Éducation,,39,3.9,,,,
1632,Voyages d’enquête,demandé,Éducation,Éducation,,39,3.9,,,,
1633,Les gens ordinaires,G.D.H. (George Douglas Howard) Cole,Éducation,Conditions économiques,,39,3.9,https://covers.openlibrary.org/b/id/9316478-L.jpg,,,
1634,Œuvres complètes de John Stuart Mill,John M. Robson,Éducation,Utilitarisme,,38,3.8,https://covers.openlibrary.org/b/id/10037005-L.jpg,,,
1635,Entre homme et homme,Martin Buber,Éducation,Éducation,,38,3.8,https://covers.openlibrary.org/b/id/1213675-L.jpg,,,
1636,Toits pointus. Pèlerinage,Dorothée Richardson,Éducation,Femmes,,38,3.8,https://covers.openlibrary.org/b/id/1760199-L.jpg,,,
1637,Les devins,Marguerite Laurence,Éducation,Fiction en anglais,,38,3.8,https://covers.openlibrary.org/b/id/7231940-L.jpg,,,
1638,Trois tasses de thé,Greg Mortenson,Éducation,New York:paperback_nonfiction=2007-01-28,,38,3.8,https://covers.openlibrary.org/b/id/6425044-L.jpg,,,
1639,LIVRE,Galeron Consulting LLC,Éducation,Éducation,,37,3.7,,,,
1640,Anatomie et physiologie humaines,Elaine Nicpon Marieb,Éducation,Anatomie humaine,,37,3.7,https://covers.openlibrary.org/b/id/13245920-L.jpg,,,
1641,La psychologie de l'apprentissage et de la motivation,Brian H.Ross,Éducation,Psychologie,,37,3.7,https://covers.openlibrary.org/b/id/9582207-L.jpg,,,
1642,Marie Erskine,Jacob Abbott,Éducation,La vie à la campagne,,36,3.6,https://covers.openlibrary.org/b/id/5772391-L.jpg,,,
1643,Unterm Rad,Hermann Hesse,Éducation,Fiction,,36,3.6,https://covers.openlibrary.org/b/id/14029720-L.jpg,,,
1644,Zhonghua da dian,"""Zhonghua da dian"" gong zuo wei yuan hui",Éducation,Littérature chinoise,,36,3.6,https://covers.openlibrary.org/b/id/13220645-L.jpg,,,
1645,Oraisons et discours à diverses occasions,Edward Everett,Éducation,Discours,adresses,36,3.6,https://covers.openlibrary.org/b/id/5882162-L.jpg,etc.,Américain,
1646,Discours,Fidel Castro,Éducation,communisme,,35,3.5,https://covers.openlibrary.org/b/id/5353626-L.jpg,,,
1647,Mission 2,Ministères du Sommet,Éducation,Éducation,,35,3.5,,,,
1648,Stratégies de motivation et d'apprentissage pour la réussite universitaire,Myron H.Dembo,Éducation,Motivation à la réussite,,35,3.5,https://covers.openlibrary.org/b/id/10859964-L.jpg,,,
1649,Iwanami Kihon Roppō,Japon.,Éducation,Victimes de la bombe atomique,,35,3.5,https://covers.openlibrary.org/b/id/5633621-L.jpg,,,
1650,La fête de Larry,Carol Boucliers,Éducation,Général,,35,3.5,https://covers.openlibrary.org/b/id/9157760-L.jpg,,,
1651,Programme de compréhension de lecture de l'échelle de Jacob,Joyce VanTassel-Baska,Éducation,Éducation,,34,3.4,https://covers.openlibrary.org/b/id/11756103-L.jpg,,,
1652,Circulaire,Église catholique. Archidiocèse de Québec. Administrateur (1855-1867 : Baillargeon),Éducation,Choléra asiatique,,34,3.4,https://covers.openlibrary.org/b/id/7032612-L.jpg,,,
1653,Le monde hanté par les démons,Carl Sagan,Éducation,Choix du personnel de la bibliothèque ouverte,,34,3.4,https://covers.openlibrary.org/b/id/13129044-L.jpg,,,
1654,Société de déscolarisation,Ivan Illich,Éducation,Éducation,,34,3.4,https://covers.openlibrary.org/b/id/5417356-L.jpg,,,
1655,L'enseignement supérieur en Amérique,Thorstein Veblen,Éducation,Enseignement supérieur,,34,3.4,https://covers.openlibrary.org/b/id/3997235-L.jpg,,,
1656,"L'enseignant, ou, Influences morales employées dans l'instruction et le gouvernement des jeunes",Jacob Abbott,Éducation,Enseignement,,34,3.4,https://covers.openlibrary.org/b/id/5698994-L.jpg,,,
1657,Minima moralia ; reflets d'une vie endommagée,Theodor W. Adorno,Éducation,Adorno,Théodore W.,33,3.3,https://covers.openlibrary.org/b/id/5264242-L.jpg,1903-1969,,
1658,Mariage,H.G. Wells,Éducation,Fiction,,33,3.3,https://covers.openlibrary.org/b/id/5551051-L.jpg,,,
1659,Leçons de vie,Max Lucado,Éducation,Commentaires,,32,3.2,https://covers.openlibrary.org/b/id/1798224-L.jpg,,,
1660,Mon éducation plus large,Booker T. Washington,Éducation,Biographie,,32,3.2,https://covers.openlibrary.org/b/id/1972743-L.jpg,,,
1661,Applications et innovations de l'intelligence artificielle,Lazaros S. Iliadis,Éducation,Intelligence artificielle,,32,3.2,https://covers.openlibrary.org/b/id/9336633-L.jpg,,,
1662,L'âme d'un évêque,H.G. Wells,Éducation,Littérature classique,,32,3.2,https://covers.openlibrary.org/b/id/5837901-L.jpg,,,
1663,L'école moderne,Francisco Ferrer Guardia,Éducation,Éducation,,32,3.2,https://covers.openlibrary.org/b/id/4464967-L.jpg,,,
1664,Grandir en Nouvelle-Guinée,Marguerite Mead,Éducation,Enfants,,31,3.1,https://covers.openlibrary.org/b/id/4656833-L.jpg,,,
1665,"L'Antisémitisme, son histoire et ses causes",Bernard Lazare,Éducation,Antisémitisme,,31,3.1,https://covers.openlibrary.org/b/id/1447726-L.jpg,,,
1666,Rebecca de la ferme Sunnybrook,Kate Douglas Smith Wiggin,Éducation,Vie sociale et coutumes,,31,3.1,https://covers.openlibrary.org/b/id/102172-L.jpg,,,
1667,Colline d'été,A. S. Neill,Éducation,Développement de l'enfant,,31,3.1,https://covers.openlibrary.org/b/id/6566975-L.jpg,,,
1668,MATHSPACE TENNESSEE,Espace mathématique,Éducation,Éducation,,30,3,https://covers.openlibrary.org/b/id/14762056-L.jpg,,,
1669,Fondamentaux,Pivot Point International,Éducation,Éducation,,30,3,,,,
1670,Apprendre les compétences de vie avec Mya,E.Moore,Éducation,Fiction pour enfants,,30,3,,,,
1671,"Sésame et Lys, trois conférences",John Ruskin,Éducation,Livres et lecture,,30,3,https://covers.openlibrary.org/b/id/526624-L.jpg,,,
1672,Introduction à la biologie végétale,Kingsley R. Stern,Éducation,Botanique,,30,3,https://covers.openlibrary.org/b/id/3862240-L.jpg,,,
1673,"Histoire de Pestalozzi, de sa pensée et de son œuvre","Guimps, Roger de Baron.",Éducation,Biographie,,29,2.9,https://covers.openlibrary.org/b/id/5710858-L.jpg,,,
1674,Je suis fier de qui je suis,B. Woster,Éducation,Fiction pour enfants,,29,2.9,https://covers.openlibrary.org/b/id/14778478-L.jpg,,,
1675,L'école et la société,John Dewey,Éducation,Buts et objectifs,,29,2.9,https://covers.openlibrary.org/b/id/313362-L.jpg,,,
1676,Mésalliance,George Bernard Shaw,Éducation,Drame,,29,2.9,https://covers.openlibrary.org/b/id/3221743-L.jpg,,,
1677,"Adèle et Théodore, ou, Lettres sur l'éducation","Stéphanie Félicité, comtesse de Genlis",Éducation,Éducation,,29,2.9,https://covers.openlibrary.org/b/id/6022767-L.jpg,,,
1678,Comment les enfants apprennent,John Caldwell Holt,Éducation,Éducation,,29,2.9,https://covers.openlibrary.org/b/id/4276905-L.jpg,,,
1679,Gestion globale de la classe,Vernon Jones,Éducation,Analyse des interactions en éducation,,29,2.9,https://covers.openlibrary.org/b/id/138024-L.jpg,,,
1680,"Une histoire scolaire de la race noire en Amérique, de 1619 à 1890",Edward Austin Johnson,Éducation,Afro-Américains,,29,2.9,https://covers.openlibrary.org/b/id/5697397-L.jpg,,,
1681,LIVRE 4,Galeron Consulting LLC,Éducation,Éducation,,29,2.9,,,,
1682,"Enseignants, écoles et société",Myra Sadker,Éducation,Éducation,,29,2.9,https://covers.openlibrary.org/b/id/1082661-L.jpg,,,
1683,Critique de la psychanalyse,Carl Gustav Jung,Éducation,Psychanalyse,,29,2.9,https://covers.openlibrary.org/b/id/442957-L.jpg,,,
1684,Éducation multiculturelle,James A. Banks,Éducation,Éducation multiculturelle,,29,2.9,https://covers.openlibrary.org/b/id/12360512-L.jpg,,,
1685,Les couleurs des animaux de Brian Wildsmith,Brian Wildsmith,Éducation,Couleurs,,29,2.9,https://covers.openlibrary.org/b/id/2123757-L.jpg,,,
1686,Âge de discontinuité,Peter F. Drucker,Éducation,Développement économique,,29,2.9,https://covers.openlibrary.org/b/id/13655581-L.jpg,,,
1687,C'est l'ours,Sarah Hayes,Éducation,Fiction,,28,2.8,https://covers.openlibrary.org/b/id/2581524-L.jpg,,,
1688,Études d'échelle,Sean Burdette,Éducation,Musique,,28,2.8,,,,
1689,Apprendre à enseigner au secondaire,Susan-Anne Capel,Éducation,Gestion de classe,,28,2.8,https://covers.openlibrary.org/b/id/12848084-L.jpg,,,
1690,Les bosquets de l'université,Marie McCarthy,Éducation,Professeurs du Collège,,28,2.8,https://covers.openlibrary.org/b/id/116191-L.jpg,,,
1691,Histoire générale des choses de Nueva España,Bernardino de Sahagun,Éducation,Antiquités,,28,2.8,https://covers.openlibrary.org/b/id/4241852-L.jpg,,,
1692,"L'accident de la jeune femme, ou, Une introduction courte et facile à la grammaire anglaise",Caleb Bingham,Éducation,Premiers travaux vers 1800,,28,2.8,,,,
1693,L'esprit américain dans l'éducation,Edwin Emery Slosson,Éducation,Éducation,,27,2.7,https://covers.openlibrary.org/b/id/5926823-L.jpg,,,
1694,Méditations intempestives,Frédéric Nietzsche,Éducation,Étude et enseignement,,27,2.7,https://covers.openlibrary.org/b/id/4224350-L.jpg,,,
1695,Comment faire,Edward Everett Hale,Éducation,Éducation,,27,2.7,https://covers.openlibrary.org/b/id/2895413-L.jpg,,,
1696,"The Goose Step, une étude de l'éducation américaine",Upton Sinclair,Éducation,Éducation,,27,2.7,https://covers.openlibrary.org/b/id/1790382-L.jpg,,,
1697,Mathématiques,Ontario. Ministère de l'Éducation.,Éducation,Mathématiques,,27,2.7,,,,
1698,L'Angleterre et les Anglais,"Edward Bulwer Lytton, baron Lytton",Éducation,Vie sociale et coutumes,,27,2.7,https://covers.openlibrary.org/b/id/5584772-L.jpg,,,
1699,"L'éducation coloniale et l'Inde, 1781-1945",Pramod K. Nayar,Éducation,Éducation,Inde,26,2.6,https://covers.openlibrary.org/b/id/12439650-L.jpg,,,
1700,Les aventures de Huckleberry Finn,Marc Twain,Voyage,aventure et aventuriers,,2552,255.2,https://covers.openlibrary.org/b/id/8157718-L.jpg,,,
1701,Frankenstein ou le Prométhée moderne,Marie Shelley,Voyage,Frankenstein (personnage fictif),,2184,218.4,https://covers.openlibrary.org/b/id/12356249-L.jpg,,,
1702,Les mines du roi Salomon,H. Rider hagard,Voyage,Fiction pour enfants,,970,97,https://covers.openlibrary.org/b/id/8665393-L.jpg,,,
1703,Un Yankee du Connecticut à la cour du roi Arthur,Marc Twain,Voyage,Voyage dans le temps,,788,78.8,https://covers.openlibrary.org/b/id/9168732-L.jpg,,,
1704,Trois hommes dans un bateau (sans parler du chien),Jérôme Klapka Jérôme,Voyage,Histoires humoristiques,,728,72.8,https://covers.openlibrary.org/b/id/8243006-L.jpg,,,
1705,Le prisonnier de Zenda,Antoine Espoir,Voyage,Fiction,,625,62.5,https://covers.openlibrary.org/b/id/105814-L.jpg,,,
1706,Voyage,Virginie Woolf,Voyage,Relations homme-femme,fiction,465,46.5,https://covers.openlibrary.org/b/id/12621766-L.jpg,,,
1707,Cœur des Ténèbres,Joseph Conrad,Voyage,Fiction,,464,46.4,https://covers.openlibrary.org/b/id/12307847-L.jpg,,,
1708,L'Alhambra,Washington Irving,Voyage,Alhambra,,459,45.9,https://covers.openlibrary.org/b/id/8237030-L.jpg,,,
1709,Le Tour du Monde en Quatre-Vingts Jours,Jules Verne,Voyage,Voyages vers le monde,,425,42.5,https://covers.openlibrary.org/b/id/6976035-L.jpg,,,
1710,À la dure,Marc Twain,Voyage,19ème siècle,,408,40.8,https://covers.openlibrary.org/b/id/9165528-L.jpg,,,
1711,Os Lusiadas,Luís de Camões,Voyage,Poésie,,367,36.7,https://covers.openlibrary.org/b/id/5943496-L.jpg,,,
1712,Méditations,Marc Aurèle,Voyage,Premiers travaux vers 1800,,365,36.5,https://covers.openlibrary.org/b/id/211529-L.jpg,,,
1713,"Le carnet de croquis de Geoffrey Crayon, Esq",Washington Irving,Voyage,Fiction,,351,35.1,https://covers.openlibrary.org/b/id/7162030-L.jpg,,,
1714,Seigneur Jim,Joseph Conrad,Voyage,Fiction,,345,34.5,https://covers.openlibrary.org/b/id/8236295-L.jpg,,,
1715,Deux ans avant le mât,Richard Henry Dana,Voyage,Alerte (Brig : 1843-1862),,334,33.4,https://covers.openlibrary.org/b/id/8245243-L.jpg,,,
1716,Tom Sawyer à l'étranger,Marc Twain,Voyage,Ascensions en ballon,,333,33.3,https://covers.openlibrary.org/b/id/9162125-L.jpg,,,
1717,Astoria,Washington Irving,Voyage,Voyage terrestre vers la côte Pacifique,,321,32.1,https://covers.openlibrary.org/b/id/448955-L.jpg,,,
1718,Naviguer seul autour du monde,Josué Slocum,Voyage,Pulvérisation (Sloop),,294,29.4,https://covers.openlibrary.org/b/id/8247067-L.jpg,,,
1719,Martin Chuzzlewit,Charles Dickens,Voyage,Vie sociale et coutumes,,290,29,https://covers.openlibrary.org/b/id/13112817-L.jpg,,,
1720,Marguerite Miller,Henri James,Voyage,Fiction,,244,24.4,https://covers.openlibrary.org/b/id/6482238-L.jpg,,,
1721,Picasso,Pablo Picasso,Voyage,20e siècle,,240,24,https://covers.openlibrary.org/b/id/2238306-L.jpg,,,
1722,Vie de Samuel Johnson,James Boswell,Voyage,Biographie,,238,23.8,https://covers.openlibrary.org/b/id/5785491-L.jpg,,,
1723,Notes américaines,Charles Dickens,Voyage,Description et voyage,,233,23.3,https://covers.openlibrary.org/b/id/8236357-L.jpg,,,
1724,Meurtre à l'Orient Express,Agathe Christie,Voyage,Agathe Christie,,221,22.1,https://covers.openlibrary.org/b/id/11100465-L.jpg,,,
1725,L’expérience muséale revisitée,John H. Falk,Voyage,Musées,,219,21.9,https://covers.openlibrary.org/b/id/13195762-L.jpg,,,
1726,Tout est bien qui finit bien,Guillaume Shakespeare,Voyage,Drame,,218,21.8,https://covers.openlibrary.org/b/id/7338455-L.jpg,,,
1727,Une semaine sur les rivières Concord et Merrimack,Henri David Thoreau,Voyage,Description et voyage,,217,21.7,https://covers.openlibrary.org/b/id/8244612-L.jpg,,,
1728,La Leyde des jeunes Werthers,Johann Wolfgang von Goethe,Voyage,Traductions en anglais,,211,21.1,https://covers.openlibrary.org/b/id/7187281-L.jpg,,,
1729,Le retour de l'indigène,Thomas Hardy,Voyage,Personnes ayant un handicap visuel,fiction,205,20.5,https://covers.openlibrary.org/b/id/8162989-L.jpg,,,
1730,"Martin Rattler, ou, Les aventures d'un garçon dans les forêts du Brésil",Robert Michael Ballantyne,Voyage,Histoires pour enfants,écossais,204,20.4,https://covers.openlibrary.org/b/id/1813742-L.jpg,,,
1731,Un clochard à l'étranger,Marc Twain,Voyage,Auteurs américains,,197,19.7,https://covers.openlibrary.org/b/id/9168741-L.jpg,,,
1732,Les Essais d'Elia,Charles Lamb,Voyage,essais en anglais,,187,18.7,https://covers.openlibrary.org/b/id/8876245-L.jpg,,,
1733,Une chambre avec vue,E. M. Forster,Voyage,britannique,,185,18.5,https://covers.openlibrary.org/b/id/1748132-L.jpg,,,
1734,Les innocents à l'étranger,Marc Twain,Voyage,Description et voyage,,177,17.7,https://covers.openlibrary.org/b/id/8221271-L.jpg,,,
1735,Mort sur le Nil,Agathe Christie,Voyage,Belges,,165,16.5,https://covers.openlibrary.org/b/id/14066646-L.jpg,,,
1736,Mademoiselle Fifi,Guy de Maupassant,Voyage,Traductions en anglais,,162,16.2,https://covers.openlibrary.org/b/id/6468088-L.jpg,,,
1737,La Compagnie de la Baie d'Hudson,Robert Michael Ballantyne,Voyage,Compagnie de la Baie d'Hudson,,161,16.1,https://covers.openlibrary.org/b/id/1802733-L.jpg,,,
1738,La vie sur le Mississippi,Marc Twain,Voyage,Auteurs américains,,157,15.7,https://covers.openlibrary.org/b/id/9164717-L.jpg,,,
1739,Paul Klee,Paul Klee,Voyage,Catalogues raisonnés,,150,15,https://covers.openlibrary.org/b/id/13174486-L.jpg,,,
1740,"Les aventures du capitaine Bonneville, U.S.A.",Washington Irving,Voyage,Description et voyage,,145,14.5,https://covers.openlibrary.org/b/id/8233401-L.jpg,,,
1741,Les chasseurs de gorilles,Robert Michael Ballantyne,Voyage,Gorille,,144,14.4,https://covers.openlibrary.org/b/id/2754310-L.jpg,,,
1742,Par le roi,Le roi Jacques VI et moi,Voyage,Administration de la justice,,141,14.1,,,,
1743,Une enquête sur Londres,John Stow,Voyage,Histoire,,132,13.2,https://covers.openlibrary.org/b/id/8230375-L.jpg,,,
1744,Horizon perdu,James Hilton,Voyage,Fiction,,130,13,https://covers.openlibrary.org/b/id/4656607-L.jpg,,,
1745,L'Américain,Henri James,Voyage,Manuscrits américains,,126,12.6,https://covers.openlibrary.org/b/id/8245158-L.jpg,,,
1746,Feuilles de palmier nain,Harriet Beecher-Stowe,Voyage,Description et voyage,,122,12.2,https://covers.openlibrary.org/b/id/5583343-L.jpg,,,
1747,Les rivaux,Richard Brinsley Sheridan,Voyage,Drame britannique et irlandais (œuvres dramatiques d'un auteur),,122,12.2,https://covers.openlibrary.org/b/id/905015-L.jpg,,,
1748,Leur parcours de mariage,William Dean Howells,Voyage,Littérature classique,,118,11.8,https://covers.openlibrary.org/b/id/14822344-L.jpg,,,
1749,Le fil du rasoir,William Somerset Maugham,Voyage,Guerre mondiale,1914-1918,118,11.8,https://covers.openlibrary.org/b/id/97505-L.jpg,,,
1750,"Les journaux d'André Gide, 1889-1949",André Gide,Voyage,Auteurs,,117,11.7,https://covers.openlibrary.org/b/id/6519760-L.jpg,,,
1751,Gascoyne,Robert Michael Ballantyne,Voyage,Fiction,histoires de mer,117,11.7,https://covers.openlibrary.org/b/id/5850043-L.jpg,,,
1752,Sud : l'histoire de l'expédition de Shackleton de 1914 à 1917,Sir Ernest Henry Shackleton,Voyage,britannique,,116,11.6,https://covers.openlibrary.org/b/id/6418091-L.jpg,,,
1753,Colomb,Washington Irving,Voyage,Expéditions d'exploration,,115,11.5,https://covers.openlibrary.org/b/id/5890614-L.jpg,,,
1754,Cap Cod,Henri David Thoreau,Voyage,Description et voyage,,115,11.5,https://covers.openlibrary.org/b/id/1468928-L.jpg,,,
1755,Les voyages de Marco Polo,Marco Polo,Voyage,Description et voyage,,114,11.4,https://covers.openlibrary.org/b/id/8237917-L.jpg,,,
1756,Ker-fleur !,artnoose,Voyage,Vélo,,112,11.2,,,,
1757,Les bois du Maine,Henri David Thoreau,Voyage,Description et voyage,,112,11.2,https://covers.openlibrary.org/b/id/10873097-L.jpg,,,
1758,Peer Gynt,Henrik Ibsen,Voyage,Drame,,111,11.1,https://covers.openlibrary.org/b/id/3324275-L.jpg,,,
1759,Aus mon Leben,Johann Wolfgang von Goethe,Voyage,Plantes,,111,11.1,https://covers.openlibrary.org/b/id/8237921-L.jpg,,,
1760,Les forêts du Canada,Catherine Parr Traill,Voyage,Description et voyage,,106,10.6,https://covers.openlibrary.org/b/id/2879771-L.jpg,,,
1761,Un mystère caribéen,Agathe Christie,Voyage,Agathe Christie,,105,10.5,https://covers.openlibrary.org/b/id/14578132-L.jpg,,,
1762,"L'histoire, civile et commerciale, des colonies britanniques aux Antilles... : en deux volumes",Bryan Edwards,Voyage,Botanique,,105,10.5,https://covers.openlibrary.org/b/id/2496690-L.jpg,,,
1763,Lieux queer,Élisa Rollé,Voyage,Minorités sexuelles,,105,10.5,https://covers.openlibrary.org/b/id/11356389-L.jpg,,,
1764,Les travaux de Goethe,Johann Wolfgang von Goethe,Voyage,Traductions en anglais,,105,10.5,https://covers.openlibrary.org/b/id/5760460-L.jpg,,,
1765,Un dictionnaire de la langue anglaise,Samuel Johnson,Voyage,langue anglaise,,104,10.4,https://covers.openlibrary.org/b/id/5952171-L.jpg,,,
1766,D'une mer à l'autre ; lettres de voyage,Rudyard Kipling,Voyage,Voyages et voyages,,103,10.3,https://covers.openlibrary.org/b/id/5556958-L.jpg,,,
1767,Sentier de la Californie et de l'Oregon,Francis Parkman,Voyage,Description et voyage,,103,10.3,https://covers.openlibrary.org/b/id/8235260-L.jpg,,,
1768,Hommage à la Catalogne,Georges Orwell,Voyage,Récits personnels en anglais,,101,10.1,https://covers.openlibrary.org/b/id/7282177-L.jpg,,,
1769,Photos d'Italie,Charles Dickens,Voyage,Vie sociale et coutumes,,99,9.9,https://covers.openlibrary.org/b/id/9280483-L.jpg,,,
1770,Voyages en Arabie Déserte,Charles Montagu Doughty,Voyage,Descriptions et voyages,,98,9.8,https://covers.openlibrary.org/b/id/5944547-L.jpg,,,
1771,Loin dans le désert,Robert Michael Ballantyne,Voyage,Fiction,général,95,9.5,https://covers.openlibrary.org/b/id/1799053-L.jpg,,,
1772,"Le monde des glaces, ou, Aventures dans les régions polaires",Robert Michael Ballantyne,Voyage,Pêche à la baleine,,94,9.4,https://covers.openlibrary.org/b/id/5635204-L.jpg,,,
1773,Omoo,Herman Melville,Voyage,Description et voyage,,93,9.3,https://covers.openlibrary.org/b/id/8243058-L.jpg,,,
1774,Ce que j'ai vu en Amérique,Gilbert Keith Chesterton,Voyage,Vie sociale et coutumes,,91,9.1,https://covers.openlibrary.org/b/id/5891187-L.jpg,,,
1775,Premiers pas en Afrique de l’Est,Richard Francis Burton,Voyage,Description et voyage,,89,8.9,https://covers.openlibrary.org/b/id/9317790-L.jpg,,,
1776,La vie vénitienne,William Dean Howells,Voyage,Vie sociale et coutumes,,84,8.4,https://covers.openlibrary.org/b/id/14822955-L.jpg,,,
1777,Tristes Tropiques,Claude Lévi-Strauss,Voyage,Brésil,description et voyage,84,8.4,https://covers.openlibrary.org/b/id/7105674-L.jpg,,,
1778,Andy Warhol,Andy Warhol,Voyage,Voyage,,84,8.4,https://covers.openlibrary.org/b/id/1027207-L.jpg,,,
1779,Journal de recherches sur la géologie et l'histoire naturelle des différents pays visités par le H.M.S. Beagle,Charles Darwin,Voyage,Beagle (navire),,84,8.4,https://covers.openlibrary.org/b/id/230307-L.jpg,,,
1780,Excursions,Henri David Thoreau,Voyage,Nouvelles américaines,,82,8.2,https://covers.openlibrary.org/b/id/1754566-L.jpg,,,
1781,Tarzan des singes Conte #1 l'Homme-Enfant,Edgar Rice Burroughs,Voyage,Enfants sauvages,,80,8,https://covers.openlibrary.org/b/id/2980280-L.jpg,,,
1782,Lettres philosophiques,Voltaire,Voyage,Voyages,,80,8,https://covers.openlibrary.org/b/id/5989031-L.jpg,,,
1783,Œuvres (Notes américaines / Images d'Italie),Charles Dickens,Voyage,Description et voyage,,80,8,https://covers.openlibrary.org/b/id/13007713-L.jpg,,,
1784,Histoire Alexandr Magni,Quintus Curtius Rufus,Voyage,Biographie,,79,7.9,https://covers.openlibrary.org/b/id/8247080-L.jpg,,,
1785,Zen et l'art de l'entretien des motos,Robert M. Pirsig,Voyage,Pirsig,Robert M.,78,7.8,https://covers.openlibrary.org/b/id/10673266-L.jpg,,,
1786,"Souvenirs d'un voyage dans la Tartarie et le Thibet, pendant les années 1844, 1845 et 1846",Evariste Régis Huc,Voyage,Description et voyage,,78,7.8,https://covers.openlibrary.org/b/id/11007299-L.jpg,,,
1787,Voyages italiens,Johann Wolfgang von Goethe,Voyage,Correspondance,,78,7.8,https://covers.openlibrary.org/b/id/8243335-L.jpg,,,
1788,Voyage avec Charley,John Steinbeck,Voyage,Description et voyage,,78,7.8,https://covers.openlibrary.org/b/id/8219483-L.jpg,,,
1789,Cinq petits poivrons à l'étranger,Marguerite Sidney,Voyage,Fiction pour enfants,,77,7.7,https://covers.openlibrary.org/b/id/1846091-L.jpg,,,
1790,"Vues à pied : ou, l'Europe vue avec un sac à dos et un bâton",Bayard Taylor,Voyage,Description et voyage,,76,7.6,https://covers.openlibrary.org/b/id/5742817-L.jpg,,,
1791,Notes américaines,Rudyard Kipling,Voyage,Description et voyage,,75,7.5,https://covers.openlibrary.org/b/id/1754618-L.jpg,,,
1792,"Facundo, ou civilisation et barbarie",Domingue Faustino Sarmiento,Voyage,Description et voyage,,74,7.4,https://covers.openlibrary.org/b/id/103467-L.jpg,,,
1793,Notre ancienne maison,Nathaniel Hawthorne,Voyage,Description et voyage,,73,7.3,https://covers.openlibrary.org/b/id/8245482-L.jpg,,,
1794,"Annales de la paroisse, ou",John Galt,Voyage,Vie sociale et coutumes,,72,7.2,https://covers.openlibrary.org/b/id/1987909-L.jpg,,,
1795,Le Corbusier,Le Corbusier,Voyage,Correspondance,,72,7.2,https://covers.openlibrary.org/b/id/2258962-L.jpg,,,
1796,voyages italiens,William Dean Howells,Voyage,Description et voyage,,71,7.1,https://covers.openlibrary.org/b/id/9608966-L.jpg,,,
1797,Garçon,Roald Dahl,Voyage,Vie sociale et coutumes,,70,7,https://covers.openlibrary.org/b/id/8232489-L.jpg,,,
1798,Un voyage dans les îles occidentales de l'Écosse,Samuel Johnson,Voyage,Description et voyage,,69,6.9,https://covers.openlibrary.org/b/id/6137661-L.jpg,,,
1799,Une confédération de cancres,John Kennedy Toole,Voyage,les mères,,69,6.9,https://covers.openlibrary.org/b/id/2195715-L.jpg,,,
1800,"Mémoires d'un portraitiste, 1755-1842",Louise-Élisabeth Vigée-Lebrun,Voyage,Biographie,,69,6.9,https://covers.openlibrary.org/b/id/8748438-L.jpg,,,
1801,Mémoires d'outre-tombe,François-René de Chateaubriand,Voyage,Biographie,,68,6.8,https://covers.openlibrary.org/b/id/2138503-L.jpg,,,
1802,La route,Cormac McCarthy,Voyage,Fiction,,68,6.8,https://covers.openlibrary.org/b/id/198120-L.jpg,,,
1803,Romans (Aventures de Huckleberry Finn / Aventures de Tom Sawyer),Marc Twain,Voyage,Œuvres pour la jeunesse,,68,6.8,https://covers.openlibrary.org/b/id/12374727-L.jpg,,,
1804,Guide de la ville en papier peint,Rédacteurs du magazine Wallpaper,Voyage,Guides,,68,6.8,https://covers.openlibrary.org/b/id/1353084-L.jpg,,,
1805,Epistolae Ho-Elianae,James Howell,Voyage,Bibliographie,,67,6.7,https://covers.openlibrary.org/b/id/5847086-L.jpg,,,
1806,Le pire voyage du monde,Apsley Cerise-Garrard,Voyage,Découverte et exploration britanniques,,67,6.7,https://covers.openlibrary.org/b/id/12819590-L.jpg,,,
1807,Contes de,Henri James,Voyage,Fiction,,67,6.7,https://covers.openlibrary.org/b/id/253085-L.jpg,,,
1808,Le tonneau magique,Bernard Malamud,Voyage,Américains,,66,6.6,https://covers.openlibrary.org/b/id/14421126-L.jpg,,,
1809,Cosmographie et géographie d'Afrique,Lion l'Africain,Voyage,Voyageurs,,66,6.6,https://covers.openlibrary.org/b/id/5815194-L.jpg,,,
1810,"Voyages à travers l'intérieur de l'Amérique du Nord, dans les années 1766, 1767 et 1768",Jonathan Carver,Voyage,Biologie,,65,6.5,https://covers.openlibrary.org/b/id/8235246-L.jpg,,,
1811,"Lettres et notes sur les mœurs, coutumes et condition des Indiens d'Amérique du Nord",Georges Catlin,Voyage,Indiens d'Amérique du Nord,,65,6.5,https://covers.openlibrary.org/b/id/8245309-L.jpg,,,
1812,"Manger, prier, aimer",Elisabeth Gilbert,Voyage,Voyages,,64,6.4,https://covers.openlibrary.org/b/id/111433-L.jpg,,,
1813,La vie en gare en Nouvelle-Zélande,Marie-Anne Barker,Voyage,La vie à la campagne,Nouvelle-Zélande,64,6.4,https://covers.openlibrary.org/b/id/1749066-L.jpg,,,
1814,Guide Vert Michelin (Guides Touristiques Verts),Publications de voyage Michelin,Voyage,Guides,,63,6.3,https://covers.openlibrary.org/b/id/4855133-L.jpg,,,
1815,Le miroir de la mer,Joseph Conrad,Voyage,Romanciers anglais,,61,6.1,https://covers.openlibrary.org/b/id/8239502-L.jpg,,,
1816,Cinq semaines en ballon,Jules Verne,Voyage,Fiction,,61,6.1,https://covers.openlibrary.org/b/id/6475675-L.jpg,,,
1817,L'histoire du New-Hampshire,Jérémy Belknap,Voyage,Histoire,,61,6.1,https://covers.openlibrary.org/b/id/6075017-L.jpg,,,
1818,Cristo si è fermato a Eboli,Carlo Lévi,Voyage,Vie sociale et coutumes,,61,6.1,https://covers.openlibrary.org/b/id/225264-L.jpg,,,
1819,La prophétie Célestine - Une aventure,James Redfield,Voyage,divinité,,60,6,https://covers.openlibrary.org/b/id/8749217-L.jpg,,,
1820,Les ailes de la colombe,Henri James,Voyage,Fiction,,60,6,https://covers.openlibrary.org/b/id/8241379-L.jpg,,,
1821,Voyages avec un âne dans les Cévennes,Robert Louis Stevenson,Voyage,Biographie,,60,6,https://covers.openlibrary.org/b/id/8245405-L.jpg,,,
1822,Relation du premier voyage à l'intérieur du monde,Antonio Pigafetta,Voyage,Histoire,,60,6,https://covers.openlibrary.org/b/id/6779591-L.jpg,,,
1823,Contes de sentiers solitaires,Zane Gris,Voyage,Description et voyage,,60,6,https://covers.openlibrary.org/b/id/2003099-L.jpg,,,
1824,Le premier de Miss Jean Brodie,Muriel Étincelle,Voyage,Relations enseignant-élève,,59,5.9,https://covers.openlibrary.org/b/id/40054-L.jpg,,,
1825,La route,Jack Londres,Voyage,Auteurs américains,,59,5.9,https://covers.openlibrary.org/b/id/9383262-L.jpg,,,
1826,Vie sous tente en Sibérie et aventures parmi les Koraks et d'autres tribus du Kamtchatka et de l'Asie du Nord,Georges Kennan,Voyage,Description et voyage,,59,5.9,https://covers.openlibrary.org/b/id/2010433-L.jpg,,,
1827,Un voyage intérieur,Robert Louis Stevenson,Voyage,Description et voyage,,59,5.9,https://covers.openlibrary.org/b/id/8245458-L.jpg,,,
1828,Le long terme,Jeff Kinney,Voyage,Voyages en automobile,,59,5.9,https://covers.openlibrary.org/b/id/7316502-L.jpg,,,
1829,Le bouc émissaire,Daphné du Maurier,Voyage,Aristocratie (classe sociale),,58,5.8,https://covers.openlibrary.org/b/id/602692-L.jpg,,,
1830,Le Mage,John Fowles,Voyage,britannique,,58,5.8,https://covers.openlibrary.org/b/id/5424278-L.jpg,,,
1831,Ministère de l'Énergie,États-Unis. Bureau de la Comptabilité Générale,Voyage,Crédits et dépenses,,57,5.7,,,,
1832,Relato d'un naufrago,Gabriel García Márquez,Voyage,Biographie,,57,5.7,https://covers.openlibrary.org/b/id/9486827-L.jpg,,,
1833,Trionfo de la morte,Gabriele D'Annunzio,Voyage,Fiction,,57,5.7,https://covers.openlibrary.org/b/id/13117952-L.jpg,,,
1834,Le pèlerinage de Childe Harold,Seigneur Byron,Voyage,Traductions en anglais,,57,5.7,https://covers.openlibrary.org/b/id/5783025-L.jpg,,,
1835,Amérique du Nord,Anthony Trolope,Voyage,Politique et gouvernement,,56,5.6,https://covers.openlibrary.org/b/id/8247726-L.jpg,,,
1836,Pays lointain,Nevil Shute,Voyage,Fiction,,56,5.6,https://covers.openlibrary.org/b/id/5063571-L.jpg,,,
1837,Ernst Ludwig Kirchner,Ernst Ludwig Kirchner,Voyage,Dans l'art,,56,5.6,https://covers.openlibrary.org/b/id/5366231-L.jpg,,,
1838,Sur les rives de Plum Creek,Laura Ingalls-Wilder,Voyage,Fiction,,56,5.6,https://covers.openlibrary.org/b/id/30787-L.jpg,,,
1839,Allons-y 2003,"Allons-y, Inc.",Voyage,Guides,,55,5.5,https://covers.openlibrary.org/b/id/1169380-L.jpg,,,
1840,"La terre et le livre, ou, Illustrations bibliques tirées des mœurs et coutumes, des scènes et paysages de la Terre Sainte",William M. Thomson,Voyage,Description et voyage,,55,5.5,https://covers.openlibrary.org/b/id/6042134-L.jpg,,,
1841,Un résumé des chroniques d'Angleterre,John Stow,Voyage,Histoire,,55,5.5,https://covers.openlibrary.org/b/id/5603524-L.jpg,,,
1842,Une brève histoire de presque tout,Bill Bryson,Voyage,Science,,55,5.5,https://covers.openlibrary.org/b/id/12725620-L.jpg,,,
1843,Cinq jours à Paris,Danielle Acier,Voyage,Fiction,,54,5.4,https://covers.openlibrary.org/b/id/280812-L.jpg,,,
1844,Séta,Alexandre Baricco,Voyage,Nouvelle italienne,,54,5.4,https://covers.openlibrary.org/b/id/8345075-L.jpg,,,
1845,"La Muqaddimah, une introduction à l'histoire",Ibn Khaldun,Voyage,Premiers travaux vers 1800,,54,5.4,https://covers.openlibrary.org/b/id/440215-L.jpg,,,
1846,Barry Lyndon,William Makepeace Thackeray,Voyage,irlandais,,54,5.4,https://covers.openlibrary.org/b/id/8246106-L.jpg,,,
1847,Les squatteurs du Silverado,Robert Louis Stevenson,Voyage,Description et voyage,,53,5.3,https://covers.openlibrary.org/b/id/594985-L.jpg,,,
1848,Chroniques,Jean Froissart,Voyage,Aljubarrota,Bataille de,53,5.3,https://covers.openlibrary.org/b/id/8242136-L.jpg,Aljubarrota,Portugal,1385
1849,Suivre l'équateur,Marc Twain,Voyage,Description et voyage,,53,5.3,https://covers.openlibrary.org/b/id/9345065-L.jpg,,,
1850,Lyonel Feininger,Lyonel Feininger,Voyage,Peinture à l'aquarelle américaine,,53,5.3,https://covers.openlibrary.org/b/id/4500574-L.jpg,,,
1851,Oskar Kokoschka,Oskar Kokoschka,Voyage,Art ancien,,52,5.2,https://covers.openlibrary.org/b/id/2240776-L.jpg,,,
1852,Le ciel protecteur,Paul Bowles,Voyage,Américains,,52,5.2,https://covers.openlibrary.org/b/id/10055084-L.jpg,,,
1853,Angliae notitia,Édouard Chamberlayne,Voyage,Cour et courtisans,,52,5.2,https://covers.openlibrary.org/b/id/12773143-L.jpg,,,
1854,Lettres Vailima,Robert Louis Stevenson,Voyage,Correspondance,,52,5.2,https://covers.openlibrary.org/b/id/8242376-L.jpg,,,
1855,Les travaux de Persiles et Sigismunda,Miguel de Cervantes Saavedra,Voyage,Fiction espagnole classique,,51,5.1,https://covers.openlibrary.org/b/id/6964313-L.jpg,,,
1856,Noa Noa,Paul Gauguin,Voyage,Peintres,,51,5.1,https://covers.openlibrary.org/b/id/8233615-L.jpg,,,
1857,Christo,Christo,Voyage,Art,,51,5.1,https://covers.openlibrary.org/b/id/4899103-L.jpg,,,
1858,Un hiver à Majorque,Georges Sand,Voyage,Description et voyage,,51,5.1,https://covers.openlibrary.org/b/id/2204917-L.jpg,,,
1859,La croisière du Snark,Jack Londres,Voyage,Auteurs américains,,50,5,https://covers.openlibrary.org/b/id/8247748-L.jpg,,,
1860,"L'histoire de la vie de Jonathan Wild, le Grand",Henri Fielding,Voyage,Fiction,,50,5,https://covers.openlibrary.org/b/id/6086195-L.jpg,,,
1861,Le célibataire voyageur,James Fenimore Cooper,Voyage,Vie sociale et coutumes,,49,4.9,https://covers.openlibrary.org/b/id/5765413-L.jpg,,,
1862,L'art du voyage,Sir Francis Galton,Voyage,Voyage,,49,4.9,https://covers.openlibrary.org/b/id/8055802-L.jpg,,,
1863,Merveilleuses aventures de Mme Seacole dans de nombreux pays,Marie Seacole,Voyage,Biographie,,49,4.9,https://covers.openlibrary.org/b/id/1124260-L.jpg,,,
1864,Les îles d'Aran,J.M. Synge,Voyage,Description et voyage,,49,4.9,https://covers.openlibrary.org/b/id/595527-L.jpg,,,
1865,Le test d'acide électrique Kool-Aid,Tom Wolfe,Voyage,Dépendance aux drogues,,48,4.8,https://covers.openlibrary.org/b/id/14839523-L.jpg,,,
1866,Amérique,Théodore de Bry,Voyage,Biographie,,48,4.8,https://covers.openlibrary.org/b/id/7113167-L.jpg,,,
1867,Citrons amers,Laurent Durrell,Voyage,Description et voyage,,48,4.8,https://covers.openlibrary.org/b/id/813370-L.jpg,,,
1868,Les versets sataniques,Salman Rushdie,Voyage,Fiction générale et littéraire,,48,4.8,https://covers.openlibrary.org/b/id/8312209-L.jpg,,,
1869,Le plein air,Richard Jefferies,Voyage,Histoire naturelle,,46,4.6,https://covers.openlibrary.org/b/id/10873103-L.jpg,,,
1870,La Poétique,Aristote,Musique,Métaphysique,,498,49.8,https://covers.openlibrary.org/b/id/129771-L.jpg,,,
1871,L'Antéchrist,Frédéric Nietzsche,Musique,Christianisme,,384,38.4,https://covers.openlibrary.org/b/id/1759313-L.jpg,,,
1872,Le Ritt des Walkuren,Richard Wagner,Musique,Livrets,,328,32.8,https://covers.openlibrary.org/b/id/8243672-L.jpg,,,
1873,Poétique,Aristote,Musique,Premiers travaux vers 1800,,251,25.1,https://covers.openlibrary.org/b/id/6528920-L.jpg,,,
1874,Essai sur la compréhension humaine,John Locke,Musique,Théorie de la connaissance,,188,18.8,https://covers.openlibrary.org/b/id/6086503-L.jpg,,,
1875,Opéra,Publius Vergilius Maro,Musique,Lecteurs,,182,18.2,https://covers.openlibrary.org/b/id/6981246-L.jpg,,,
1876,Médée,Euripide,Musique,Dionysos (divinité grecque),,156,15.6,https://covers.openlibrary.org/b/id/6537700-L.jpg,,,
1877,Kokuritsu Kokkai Toshokan shozō Meijiki kankō tosho maikuro-ban shūsei,Kokuritsu Kokkai Toshokan (Japon),Musique,Art,,156,15.6,,,,
1878,Le bréviaire romain,Église catholique,Musique,Bréviaires,,140,14,https://covers.openlibrary.org/b/id/6021553-L.jpg,,,
1879,Ouverture de Tannhauser,Richard Wagner,Musique,Ouvertures,,131,13.1,https://covers.openlibrary.org/b/id/8243271-L.jpg,,,
1880,Découvrir la musique classique,Ian Chrétiens,Musique,Musique,,125,12.5,https://covers.openlibrary.org/b/id/2693703-L.jpg,,,
1881,Don Giovanni,Wolfgang Amadeus Mozart,Musique,Extraits arrangés,,109,10.9,https://covers.openlibrary.org/b/id/453006-L.jpg,,,
1882,Les travaux de Goethe,Johann Wolfgang von Goethe,Musique,Traductions en anglais,,105,10.5,https://covers.openlibrary.org/b/id/5760460-L.jpg,,,
1883,Carmen,Georges Bizet,Musique,Opéras,,91,9.1,https://covers.openlibrary.org/b/id/8242855-L.jpg,,,
1884,Carnaval de Thurber,James Thurber,Musique,568 rue des chênes,,77,7.7,https://covers.openlibrary.org/b/id/39665-L.jpg,,,
1885,Neue Ausgabe sämtlicher Werke,Jean-Sébastien Bach,Musique,Critique et interprétation,,77,7.7,,,,
1886,Musique,Roger Kamien,Musique,Appréciation musicale,,75,7.5,https://covers.openlibrary.org/b/id/4341947-L.jpg,,,
1887,Correspondance,Wolfgang Amadeus Mozart,Musique,Mozart,Wolfgang Amadeus,74,7.4,https://covers.openlibrary.org/b/id/813013-L.jpg,1756-1791,,
1888,Lucrèce Borgia,Gaetano Donizetti,Musique,Ballets,,70,7,https://covers.openlibrary.org/b/id/8242181-L.jpg,,,
1889,Falstaff,Giuseppe Verdi,Musique,Opéras,,70,7,https://covers.openlibrary.org/b/id/8243123-L.jpg,,,
1890,Rigoletto,Giuseppe Verdi,Musique,Opéras,,70,7,https://covers.openlibrary.org/b/id/8241312-L.jpg,,,
1891,Biographie universelle des musiciens et bibliographie générale de la musique. Supplément et complément,François-Joseph Fétis,Musique,Musique,,66,6.6,https://covers.openlibrary.org/b/id/5903170-L.jpg,,,
1892,Chansons de cowboy et autres ballades frontalières,John Avery Lomax,Musique,Cowboys,,66,6.6,https://covers.openlibrary.org/b/id/5711536-L.jpg,,,
1893,Aïda,Giuseppe Verdi,Musique,Livrets,,64,6.4,https://covers.openlibrary.org/b/id/8242145-L.jpg,,,
1894,Le nom du vent,Patrick Rothfuss,Musique,orphelins,,64,6.4,https://covers.openlibrary.org/b/id/11480483-L.jpg,,,
1895,Faust,Charles Gounod,Musique,Extraits arrangés,,63,6.3,https://covers.openlibrary.org/b/id/8242209-L.jpg,,,
1896,Le Geburt de la tragédie,Frédéric Nietzsche,Musique,Esthétique,,61,6.1,https://covers.openlibrary.org/b/id/1010784-L.jpg,,,
1897,QuaverMusique,QuaverEd,Musique,Éducation,,60,6,,,,
1898,Vios ke Politia avec Alexi Zorba,Nikos Kazantzakis,Musique,Fiction,,60,6,https://covers.openlibrary.org/b/id/425959-L.jpg,,,
1899,"Macbeth, tissu, ça",Giuseppe Verdi,Musique,Opéras,,58,5.8,https://covers.openlibrary.org/b/id/2545482-L.jpg,,,
1900,La wagnérite parfaite,George Bernard Shaw,Musique,Histoire et critique,,56,5.6,https://covers.openlibrary.org/b/id/8242312-L.jpg,,,
1901,Œuvres de J.J. Rousseau,Jean-Jacques Rousseau,Musique,Dictionnaires et encyclopédies,,54,5.4,https://covers.openlibrary.org/b/id/6377660-L.jpg,,,
1902,Madame Papillon,Giacomo Puccini,Musique,Livrets,,53,5.3,https://covers.openlibrary.org/b/id/8234356-L.jpg,,,
1903,Enten-eller,Soren Kierkegaard,Musique,Éthique,,51,5.1,https://covers.openlibrary.org/b/id/104126-L.jpg,,,
1904,"Tu ne peux pas dormir, petit ours ?",Martin Waddell,Musique,Lits,,51,5.1,https://covers.openlibrary.org/b/id/799299-L.jpg,,,
1905,Série de méthodes pour débutants,Sean Burdette,Musique,Musique,,50,5,https://covers.openlibrary.org/b/id/13900514-L.jpg,,,
1906,Mélodies irlandaises,Thomas Moore,Musique,Poésie,,48,4.8,https://covers.openlibrary.org/b/id/5648822-L.jpg,,,
1907,Les musiciens de la ville de Bremer,Gebrüder Grimm [Frères Grimm],Musique,Contes de fées,,47,4.7,https://covers.openlibrary.org/b/id/3179609-L.jpg,,,
1908,Dictionnaire de la musique et des musiciens,Sir George Grove,Musique,Bio-bibliographie,,46,4.6,https://covers.openlibrary.org/b/id/8243178-L.jpg,,,
1909,Œuvres littéraires,Richard Wagner,Musique,Adresses,essais,46,4.6,https://covers.openlibrary.org/b/id/8243653-L.jpg,conférences,,
1910,"""Vous plaisantez sûrement, M. Feynman""",Richard Phillips Feynman,Musique,Anecdotes,,45,4.5,https://covers.openlibrary.org/b/id/9274698-L.jpg,,,
1911,Consuelo,Georges Sand,Musique,Fiction,,44,4.4,https://covers.openlibrary.org/b/id/8247706-L.jpg,,,
1912,Le plaisir de la musique,Joseph Machlis,Musique,Appréciation musicale,,44,4.4,https://covers.openlibrary.org/b/id/252542-L.jpg,,,
1913,Sämtliche Werke,Johann Wolfgang von Goethe,Musique,Traductions en anglais,,43,4.3,https://covers.openlibrary.org/b/id/2476300-L.jpg,,,
1914,Le monde de Charlie,Stephen Chbosky,Musique,Fiction pour jeunes adultes,,43,4.3,https://covers.openlibrary.org/b/id/14315052-L.jpg,,,
1915,Inspection après 16 ans,Ofsted.,Musique,Agriculture,,42,4.2,,,,
1916,L'histoire de la musique de l'auditeur,"Scholes, Percy Alfred",Musique,Analyse,appréciation,41,4.1,https://covers.openlibrary.org/b/id/10627268-L.jpg,,,
1917,Classification,Bibliothèque du Congrès. Division de catalogage par sujet.,Musique,Classification,,41,4.1,https://covers.openlibrary.org/b/id/6698388-L.jpg,,,
1918,Prose,Johann Wolfgang von Goethe,Musique,Science,,41,4.1,https://covers.openlibrary.org/b/id/8245283-L.jpg,,,
1919,Chant du dragon,Anne McCaffrey,Musique,Salle Harper,,39,3.9,https://covers.openlibrary.org/b/id/8769648-L.jpg,,,
1920,Histoire concise de la musique occidentale,Barbara Russano Hanning,Musique,Musique,histoire et critique,38,3.8,https://covers.openlibrary.org/b/id/9823471-L.jpg,,,
1921,Le compagnon d'Oxford de la musique,"Scholes, Percy Alfred",Musique,Musique,,38,3.8,https://covers.openlibrary.org/b/id/120234-L.jpg,,,
1922,Guillaume Tell,Gioacchino Rossini,Musique,Opéras,,37,3.7,https://covers.openlibrary.org/b/id/5083762-L.jpg,,,
1923,Linda de Chamounix,Gaetano Donizetti,Musique,Livrets,,37,3.7,https://covers.openlibrary.org/b/id/8244568-L.jpg,,,
1924,"Trente ans, un esclave, de la servitude à la liberté L'institution de l'esclavage vue sur la plantation et dans la maison du planteur",Louis Hugues,Musique,Personnes réduites en esclavage,États-Unis,37,3.7,https://covers.openlibrary.org/b/id/1804093-L.jpg,conditions sociales,,
1925,Oncle Rémus,Joël Chandler Harris,Musique,Hommes afro-américains,,37,3.7,https://covers.openlibrary.org/b/id/8242923-L.jpg,,,
1926,Henri de Toulouse-Lautrec,Henri de Toulouse-Lautrec,Musique,Impressions,,37,3.7,https://covers.openlibrary.org/b/id/4791413-L.jpg,,,
1927,Hymnes pour les esprits des nourrissons,Zulfikar Ghose,Musique,Poésie pour enfants,,36,3.6,https://covers.openlibrary.org/b/id/9950452-L.jpg,,,
1928,Enquête Shakespeare,Allardyce Nicoll,Musique,Civilisation,,36,3.6,https://covers.openlibrary.org/b/id/330605-L.jpg,,,
1929,Musicophilie,Olivier Sacs,Musique,psychologie,,36,3.6,https://covers.openlibrary.org/b/id/9261340-L.jpg,,,
1930,Chaos,James Gleick,Musique,Comportement chaotique dans les systèmes,,36,3.6,https://covers.openlibrary.org/b/id/94249-L.jpg,,,
1931,Musique pour le chant touristique,Robert W.Ottman,Musique,Musique,,36,3.6,https://covers.openlibrary.org/b/id/1109953-L.jpg,,,
1932,Route nationale,Mdr Briggs,Musique,Enseignement et étude - Voix,,35,3.5,https://covers.openlibrary.org/b/id/5036392-L.jpg,,,
1933,Un travers chante,Hector Berlioz,Musique,Critique et interprétation,,35,3.5,https://covers.openlibrary.org/b/id/5807639-L.jpg,,,
1934,Télény,Anonyme,Musique,Hommes gais,,35,3.5,https://covers.openlibrary.org/b/id/4790326-L.jpg,,,
1935,Études en musique moderne,William Henry Hadow,Musique,Musique,,34,3.4,https://covers.openlibrary.org/b/id/5813783-L.jpg,,,
1936,"La musique à Londres, 1890-1894",George Bernard Shaw,Musique,Histoire et critique,,33,3.3,https://covers.openlibrary.org/b/id/1756120-L.jpg,,,
1937,Adroddiad gan Arolygwyr et Mawrhydi,Grande-Bretagne. Bureau gallois. Département de l'Éducation. Inspection.,Musique,Université de Bangor au Pays de Galles,,33,3.3,,,,
1938,Grade,McGraw/Macmillan,Musique,Musique,,33,3.3,,,,
1939,Minima moralia ; reflets d'une vie endommagée,Theodor W. Adorno,Musique,Adorno,Théodore W.,33,3.3,https://covers.openlibrary.org/b/id/5264242-L.jpg,1903-1969,,
1940,Fille aux fraises,Loïs Lenski,Musique,Famille,,32,3.2,https://covers.openlibrary.org/b/id/5006765-L.jpg,,,
1941,Picasso,Gertrude Stein,Musique,Peintres,,32,3.2,https://covers.openlibrary.org/b/id/1023507-L.jpg,,,
1942,"Musique, histoire et idées",Hugo Leichtentritt,Musique,Histoire et critique,,31,3.1,https://covers.openlibrary.org/b/id/9317571-L.jpg,,,
1943,Vom Musikalisch-Schönen,Edouard Hanslick,Musique,Philosophie et esthétique,,31,3.1,https://covers.openlibrary.org/b/id/5819713-L.jpg,,,
1944,Né pour courir,Bruce Springsteen,Musique,Collections de photographies,,31,3.1,https://covers.openlibrary.org/b/id/962287-L.jpg,,,
1945,La maison de la sieste (La Casa Adormecida),Audrey Bois,Musique,Fiction,,31,3.1,https://covers.openlibrary.org/b/id/114437-L.jpg,,,
1946,La CITÉ DE L'OR ET DU PLOMB,Sam Youd,Musique,la science-fiction,,30,3,https://covers.openlibrary.org/b/id/11022742-L.jpg,,,
1947,"Gödel, Escher, Bach",Douglas R. Hofstadter,Musique,Logiques,,30,3,https://covers.openlibrary.org/b/id/14368453-L.jpg,,,
1948,iPod,J.D. Biersdorfer,Musique,iPod (lecteur de musique numérique),,29,2.9,https://covers.openlibrary.org/b/id/388770-L.jpg,,,
1949,Le bus scolaire magique,Joanna Cole,Musique,Ruches,,29,2.9,https://covers.openlibrary.org/b/id/383708-L.jpg,,,
1950,Histoire générale de la musique,François-Joseph Fétis,Musique,Histoire et critique,,29,2.9,https://covers.openlibrary.org/b/id/2477450-L.jpg,,,
1951,L'honneur des grandes neiges,James Oliver Curwood,Musique,Classique,,29,2.9,https://covers.openlibrary.org/b/id/5820824-L.jpg,,,
1952,Études d'échelle,Sean Burdette,Musique,Musique,,28,2.8,,,,
1953,Les gens du blues,Amiri Baraka,Musique,Afro-Américains,,28,2.8,https://covers.openlibrary.org/b/id/14342752-L.jpg,,,
1954,Ma vie musicale,Nikolaï Rimski-Korsakov,Musique,Musiciens,,28,2.8,https://covers.openlibrary.org/b/id/12927581-L.jpg,,,
1955,Une histoire de la musique occidentale,"Coulis, Donald Jay.",Musique,Histoire et critique,,28,2.8,https://covers.openlibrary.org/b/id/252615-L.jpg,,,
1956,Histoire de la musique ancienne,Iain Fenlon,Musique,Musique,histoire et critique,27,2.7,https://covers.openlibrary.org/b/id/357361-L.jpg,,,
1957,Musique du monde,Terry E. Miller,Musique,Ethnomusicologie,,27,2.7,https://covers.openlibrary.org/b/id/269827-L.jpg,,,
1958,Juste David,Eleanor Hodgman Porter,Musique,Littérature classique,,26,2.6,https://covers.openlibrary.org/b/id/1844423-L.jpg,,,
1959,Comprendre la musique,Jeremy Yudkin,Musique,Appréciation musicale,,26,2.6,https://covers.openlibrary.org/b/id/84302-L.jpg,,,
1960,Bases pour des performances supérieures,Richard Williams,Musique,Groupes (Musique),,26,2.6,https://covers.openlibrary.org/b/id/8787913-L.jpg,,,
1961,La tempête shakespearienne,G. Wilson Knight,Musique,Critique et interprétation,,26,2.6,https://covers.openlibrary.org/b/id/4624445-L.jpg,,,
1962,Zhongguo xi qu yin yue ji cheng,"""Zhongguo xi qu yin yue ji cheng"" bian ji wei yuan hui",Musique,Opéras chinois,,26,2.6,,,,
1963,Dictionnaire de musique,Jean-Jacques Rousseau,Musique,Musique,,25,2.5,https://covers.openlibrary.org/b/id/1276955-L.jpg,,,
1964,La Nuit du mannequin vivant II,Robert Lawrence Stine,Musique,Fiction juvénile,,25,2.5,https://covers.openlibrary.org/b/id/11298467-L.jpg,,,
1965,Samguk sagi,Pu-sik Kim,Musique,Histoire,,25,2.5,,,,
1966,Aus meinem Leben et Denken,Albert Schweitzer,Musique,Biographie,,25,2.5,https://covers.openlibrary.org/b/id/566728-L.jpg,,,
1967,Études de musique en Allemagne,Amy Fay,Musique,Correspondance,,25,2.5,https://covers.openlibrary.org/b/id/6063786-L.jpg,,,
1968,De Grieg à Brahms,Daniel Grégory Mason,Musique,Biographie,,24,2.4,https://covers.openlibrary.org/b/id/5887042-L.jpg,,,
1969,Correspondance,Hector Berlioz,Musique,Correspondance,,24,2.4,https://covers.openlibrary.org/b/id/9266747-L.jpg,,,
1970,La musique en théorie et en pratique,Bruce Benward,Musique,Théorie de la musique,,24,2.4,https://covers.openlibrary.org/b/id/11040910-L.jpg,,,
1971,Manuel du commerce de la musique et guide de carrière,David Baskerville,Musique,Orientation professionnelle,,24,2.4,https://covers.openlibrary.org/b/id/4325166-L.jpg,,,
1972,"Un poisson, deux poissons, poisson rouge, poisson bleu",Dr Seuss,Musique,Péces,,24,2.4,https://covers.openlibrary.org/b/id/12096-L.jpg,,,
1973,Nāṭyaśāstra,Bharata Muni.,Musique,Théâtre,,24,2.4,https://covers.openlibrary.org/b/id/3716814-L.jpg,,,
1974,Geschichte der Musik,Alfred Einstein,Musique,Histoire et critique,,23,2.3,https://covers.openlibrary.org/b/id/9445878-L.jpg,,,
1975,"Sonates,",Ludwig van Beethoven,Musique,Sonates (Piano),,23,2.3,https://covers.openlibrary.org/b/id/4714302-L.jpg,,,
1976,L'assistant du chanteur de psaumes,Daniel Bayley,Musique,Psalmodie,,23,2.3,,,,
1977,Disney Le livre de la jungle,Rudyard Kipling,Musique,Fiction juvénile,,23,2.3,https://covers.openlibrary.org/b/id/818910-L.jpg,,,
1978,Nocturnes,Kazuo Ishiguro,Musique,Fiction,,23,2.3,https://covers.openlibrary.org/b/id/8086079-L.jpg,,,
1979,Sciences et musique,Jean James Hopwood,Musique,Son,,23,2.3,https://covers.openlibrary.org/b/id/8717566-L.jpg,,,
1980,Écouter,Joseph Kerman,Musique,Analyse,appréciation,23,2.3,https://covers.openlibrary.org/b/id/181524-L.jpg,,,
1981,Une introduction à l'art de la musique,"Playford, John",Musique,Premiers travaux vers 1800,,23,2.3,https://covers.openlibrary.org/b/id/13780090-L.jpg,,,
1982,Musiciens d'aujourd'hui,Romain Rolland,Musique,Musique,,22,2.2,https://covers.openlibrary.org/b/id/4752551-L.jpg,,,
1983,Les garçons de la plage,Keith Badman,Musique,Garçons de plage,,22,2.2,https://covers.openlibrary.org/b/id/674874-L.jpg,,,
1984,L'opéra du mendiant,John Christophe Pepusch,Musique,Opéras de ballade,,22,2.2,https://covers.openlibrary.org/b/id/5583444-L.jpg,,,
1985,Que faut-il écouter en musique,Aaron Copland,Musique,ID de collection : EarlyArt,,21,2.1,https://covers.openlibrary.org/b/id/6015843-L.jpg,,,
1986,Amahl et les visiteurs de nuit,"Menotti, Gian Carlo",Musique,Noël,,21,2.1,https://covers.openlibrary.org/b/id/4195641-L.jpg,,,
1987,Manuel de musique de danse,Rick Snoman,Musique,Remixage,,21,2.1,https://covers.openlibrary.org/b/id/9171230-L.jpg,,,
1988,De nuptiis Philologiae et Mercurii,Martien Capella,Musique,Premiers travaux vers 1800,,21,2.1,https://covers.openlibrary.org/b/id/5521607-L.jpg,,,
1989,Lexique de musique,Hugo Riemann,Musique,Musique,,21,2.1,https://covers.openlibrary.org/b/id/6163455-L.jpg,,,
1990,Une visite de la Goon Squad,Jennifer Égan,Musique,Fiction,,21,2.1,https://covers.openlibrary.org/b/id/6452334-L.jpg,,,
1991,Le livre de Gilbert et Sullivan,Leslie Baily,Musique,Opérettes,,20,2,https://covers.openlibrary.org/b/id/9267883-L.jpg,,,
1992,La musique des nations les plus anciennes,"Engel, Carl",Musique,Musique,,20,2,https://covers.openlibrary.org/b/id/12447160-L.jpg,,,
1993,Le visiteur,Katherine Applegate,Musique,Science-fiction américaine,,20,2,https://covers.openlibrary.org/b/id/6965585-L.jpg,,,
1994,Matériel de base en théorie musicale,Paul O. Harder,Musique,Théorie de la musique,,20,2,https://covers.openlibrary.org/b/id/1145104-L.jpg,,,
1995,"Band Today, Partie 1 (Cours de musique contemporaine)",James Ployhar,Musique,Trombone,,20,2,https://covers.openlibrary.org/b/id/1455684-L.jpg,,,
1996,Art de la musique,C. Hubert H. Parry,Musique,Histoire et critique,,20,2,https://covers.openlibrary.org/b/id/6025055-L.jpg,,,
1997,"[Articles présentés à la 20e Conférence annuelle du Conseil ontarien de recherches en éducation, Toronto, Ontario, les 1er et 2 décembre 1978]",Conseil de la recherche en éducation de l'Ontario. Conférence,Musique,Tests d'aptitude,,20,2,,,,
1998,Carnets de couleurs en laiton,Couleur laiton,Musique,Musique,,20,2,https://covers.openlibrary.org/b/id/13272246-L.jpg,,,
1999,Éric Clapton,Marc Roberty,Musique,Musiciens de rock,,20,2,https://covers.openlibrary.org/b/id/897288-L.jpg,,,
2000,"Oncle Remus, ses chansons et ses paroles",Joël Chandler Harris,Musique,Recueils littéraires,,20,2,https://covers.openlibrary.org/b/id/5793467-L.jpg,,,
2001,Chroniques,Bob Dylan,Musique,Chanteurs,,20,2,https://covers.openlibrary.org/b/id/473399-L.jpg,,,
2002,Musique ho!,Constant Lambert,Musique,Musique,,20,2,,,,
2003,Schriften et Dichtungen simples,Richard Wagner,Musique,Musique,,19,1.9,https://covers.openlibrary.org/b/id/6095157-L.jpg,,,
2004,Examens de théorie musicale,Conseil associé des Royal Schools of Music.,Musique,Musique,,19,1.9,,,,
2005,Bannière dans le ciel,James Ramsey Ullman,Musique,Fiction,,19,1.9,https://covers.openlibrary.org/b/id/52049-L.jpg,,,
2006,Soulevez Ev'ry Voice et chantez,James Weldon Johnson,Musique,Chansons et musique,,19,1.9,https://covers.openlibrary.org/b/id/1228736-L.jpg,,,
2007,État actuel de la musique en France et en Italie,Charles Burney,Musique,Biographie,,19,1.9,https://covers.openlibrary.org/b/id/1736411-L.jpg,,,
2008,Comment écouter de la musique,Henry Edward Krehbiel,Musique,Appréciation musicale,,19,1.9,https://covers.openlibrary.org/b/id/1813101-L.jpg,,,
2009,Daniel Boone,Stewart Edward White,Musique,Littérature jeunesse,,19,1.9,https://covers.openlibrary.org/b/id/6618698-L.jpg,,,
2010,Musique du XXe siècle,Éric Salzman,Musique,Histoire et critique,,19,1.9,https://covers.openlibrary.org/b/id/92672-L.jpg,,,
2011,Khovanchchina,Modeste Petrovitch Moussorgski,Musique,Extraits arrangés,,19,1.9,https://covers.openlibrary.org/b/id/453063-L.jpg,,,
2012,Gesammelte Schriften über Musik et Musiker,Robert Schumann,Musique,Correspondance,,19,1.9,https://covers.openlibrary.org/b/id/5622385-L.jpg,,,
2013,Jean-Paul Jones,Samuel Eliot Morison,Musique,Biographie,,19,1.9,https://covers.openlibrary.org/b/id/6791438-L.jpg,,,
2014,"Encyclopédie internationale de la musique et des musiciens, L'",Oscar Thompson,Musique,Bibliographie,,18,1.8,https://covers.openlibrary.org/b/id/5698352-L.jpg,,,
2015,Musique électronique artisanale,Nicolas Collins,Musique,Manuels d'amateurs,,18,1.8,https://covers.openlibrary.org/b/id/269947-L.jpg,,,
2016,L'échauffement complet pour le groupe,Carole Brittin Chambers,Musique,Musique,,18,1.8,,,,
2017,L'histoire des Chanteurs du Jubilé,JBT Marsh,Musique,Musiciens afro-américains,,18,1.8,https://covers.openlibrary.org/b/id/6387587-L.jpg,,,
2018,Beethoven et ses prédécesseurs,Daniel Grégory Mason,Musique,Histoire et critique,,18,1.8,https://covers.openlibrary.org/b/id/5700630-L.jpg,,,
2019,Mules et hommes (P.S.),Zora Neale Hurston,Musique,Fiction,,18,1.8,https://covers.openlibrary.org/b/id/39856-L.jpg,,,
2020,Versuch einer Anweisung die Flöte traversiere zu spielen,Johann Joachim Quantz,Musique,Analyse,appréciation,18,1.8,https://covers.openlibrary.org/b/id/774663-L.jpg,,,
2021,"La damnation de Faust, H 111",Hector Berlioz,Musique,Opéras,,17,1.7,https://covers.openlibrary.org/b/id/2169275-L.jpg,,,
2022,Attila,Giuseppe Verdi,Musique,Ballets,,17,1.7,https://covers.openlibrary.org/b/id/5090244-L.jpg,,,
2023,Œuvres en prose,Robert Schumann,Musique,Musique,,17,1.7,https://covers.openlibrary.org/b/id/2805156-L.jpg,,,
2024,Libre d'être toi et moi,Marlo Thomas,Musique,Télévision,,17,1.7,https://covers.openlibrary.org/b/id/513451-L.jpg,,,
2025,Techniques d'enregistrement pratiques,Bruce Bartlett,Musique,Techniques numériques,,17,1.7,https://covers.openlibrary.org/b/id/146007-L.jpg,,,
2026,Innovation en musique,Russ Hepworth-Sawyer,Musique,Musique,,17,1.7,https://covers.openlibrary.org/b/id/13800054-L.jpg,,,
2027,Trouver une école de violon vert,Léopold Mozart,Musique,Premiers travaux vers 1800,,17,1.7,https://covers.openlibrary.org/b/id/120261-L.jpg,,,
2028,Fondamentaux de la musique,Sumy Takesue,Musique,Théorie de la musique,,17,1.7,https://covers.openlibrary.org/b/id/9006301-L.jpg,,,
2029,De l'organographie,Michel Prétorius,Musique,Musique d'église,,17,1.7,https://covers.openlibrary.org/b/id/7417987-L.jpg,,,
2030,Le Geist de l'Utopie,Ernst Bloch,Musique,Philosophie,,17,1.7,https://covers.openlibrary.org/b/id/3074737-L.jpg,,,
2031,Philosophie de la nouvelle musique,Theodor W. Adorno,Musique,Histoire et critique,,17,1.7,https://covers.openlibrary.org/b/id/2212443-L.jpg,,,
2032,Le dictionnaire concis de la musique d'Oxford,"Scholes, Percy Alfred",Musique,Musique,,16,1.6,https://covers.openlibrary.org/b/id/4601601-L.jpg,,,
2033,Zin ! Zin ! Zin ! un violon,Lloyd Moss,Musique,Le New York Times examiné,,16,1.6,https://covers.openlibrary.org/b/id/1320425-L.jpg,,,
2034,Vie artistique et théories de Richard Wagner,Richard Wagner,Musique,Musique,,16,1.6,https://covers.openlibrary.org/b/id/5702145-L.jpg,,,
2035,Grandir avec la musique,Michael Stocks,Musique,Théorie de la musique,,16,1.6,https://covers.openlibrary.org/b/id/13015070-L.jpg,,,
2036,Musique de Londres en 1888-89,George Bernard Shaw,Musique,Histoire et critique,,16,1.6,https://covers.openlibrary.org/b/id/9278888-L.jpg,,,
2037,Sur ce chemin,James Weldon Johnson,Musique,Biographie,,16,1.6,https://covers.openlibrary.org/b/id/4089268-L.jpg,,,
2038,Histoire de la musique anglaise,Henri Davey,Musique,Angleterre,,16,1.6,https://covers.openlibrary.org/b/id/1851368-L.jpg,,,
2039,Guitare pour les nuls,Marc Phillips,Musique,Guitare,,16,1.6,https://covers.openlibrary.org/b/id/10672042-L.jpg,,,
2040,1er rapport [session 1993-94],Rand McNally,Technologie,Recherche,,133,13.3,https://covers.openlibrary.org/b/id/11962006-L.jpg,,,
2041,4e rapport [session 1993-94],Rand McNally,Technologie,Académies et instituts,,92,9.2,https://covers.openlibrary.org/b/id/11849209-L.jpg,,,
2042,Léonard,Léonard de Vinci,Technologie,Expositions,,89,8.9,https://covers.openlibrary.org/b/id/919361-L.jpg,,,
2043,Proie,Michael Crichton,Technologie,programmeurs,,65,6.5,https://covers.openlibrary.org/b/id/10984324-L.jpg,,,
2044,5e rapport [session 1995-96],Rand McNally,Technologie,Stockage et récupération d'informations,,65,6.5,https://covers.openlibrary.org/b/id/11848636-L.jpg,,,
2045,Chronologie,Michael Crichton,Technologie,Fiction,,64,6.4,https://covers.openlibrary.org/b/id/12451613-L.jpg,,,
2046,"Ingénierie Mécanique, Statique et Dynamique",R.C. Hibbeler,Technologie,Mécanique appliquée,,55,5.5,https://covers.openlibrary.org/b/id/6601657-L.jpg,,,
2047,État de peur,Michael Crichton,Technologie,conflits d'intérêts,,51,5.1,https://covers.openlibrary.org/b/id/8393255-L.jpg,,,
2048,Homme unidimensionnel,Herbert Marcuse,Technologie,Civilisation moderne,,48,4.8,https://covers.openlibrary.org/b/id/5290889-L.jpg,,,
2049,Sitzungsberichte der Philosophisch-historischen Classe,"Kaiserlichen Akademie der Wissenschaften à Vienne, Mathematisch-Naturwissenschaftliche Klasse",Technologie,Périodiques,,47,4.7,https://covers.openlibrary.org/b/id/9629814-L.jpg,,,
2050,Comprendre les médias,Marshall McLuhan,Technologie,Communication,,47,4.7,https://covers.openlibrary.org/b/id/6572346-L.jpg,,,
2051,Mise à niveau et réparation de PC,Scott Mueller,Technologie,Micro-ordinateurs,,44,4.4,https://covers.openlibrary.org/b/id/554975-L.jpg,,,
2052,Zhongguo zao qi ke ji qi kan hui bian,Yasha Jiang,Technologie,Science,,44,4.4,,,,
2053,Conjectures et réfutations,Karl Popper,Technologie,Méthodologie,,44,4.4,https://covers.openlibrary.org/b/id/267020-L.jpg,,,
2054,Nanosciences du 21e siècle - un manuel,Klaus D. Sattler,Technologie,Relations publiques,,43,4.3,https://covers.openlibrary.org/b/id/12437576-L.jpg,,,
2055,La condition humaine,Hannah Arendt,Technologie,Sociologie,,42,4.2,https://covers.openlibrary.org/b/id/5746840-L.jpg,,,
2056,"Les armoiries de Krupp, 1587-1968",William Manchester,Technologie,Biographie,,41,4.1,https://covers.openlibrary.org/b/id/189204-L.jpg,,,
2057,Transactions sur les technologies d'ingénierie,Sio-Iong Ao,Technologie,Génie informatique,,40,4,https://covers.openlibrary.org/b/id/9334768-L.jpg,,,
2058,C++ comment programmer,Harvey M. Deitel,Technologie,C++ (langage de programme informatique),,38,3.8,https://covers.openlibrary.org/b/id/15111375-L.jpg,,,
2059,Le Cercle,Dave Eggers,Technologie,sclérose en plaques,,38,3.8,https://covers.openlibrary.org/b/id/8334682-L.jpg,,,
2060,Tempête rouge montante,Tom Clancy,Technologie,Troisième Guerre mondiale,,35,3.5,https://covers.openlibrary.org/b/id/12928732-L.jpg,,,
2061,ההיסטוריה של המחר,Yuval Noah Harari,Technologie,Civilisation,moderne,34,3.4,https://covers.openlibrary.org/b/id/7914168-L.jpg,21ème siècle,,
2062,Manuel des machines,Erik Oberg,Technologie,Manuels,manuels,33,3.3,https://covers.openlibrary.org/b/id/5444490-L.jpg,,,
2063,Téméraire,Cornelia Funke,Technologie,Best-seller du New York Times,,33,3.3,https://covers.openlibrary.org/b/id/6584083-L.jpg,,,
2064,Anticipations de la réaction du progrès mécanique et scientifique sur la vie et la pensée humaines,H.G. Wells,Technologie,Prévisions,,32,3.2,https://covers.openlibrary.org/b/id/2497339-L.jpg,,,
2065,Kentukis,Samanta Schweblin,Technologie,Fiction,dystopique,31,3.1,https://covers.openlibrary.org/b/id/13241018-L.jpg,,,
2066,Rapport de S.M. Inspecteurs,Grande-Bretagne. Bureau gallois. Département de l'Éducation. Inspection.,Technologie,Coleg Pencraig (Llangefni),Pays de Galles),29,2.9,,,,
2067,Le Capitale Financière,Rudolf Hilferding,Technologie,Capital,,29,2.9,https://covers.openlibrary.org/b/id/5264112-L.jpg,,,
2068,Dictionnaire mécanique américain de Knight,Edward Henry Chevalier,Technologie,Dictionnaires,,28,2.8,https://covers.openlibrary.org/b/id/10044976-L.jpg,,,
2069,Manuel d'ingénierie des ponts,Wai-Kai Chen,Technologie,Ponts,,28,2.8,https://covers.openlibrary.org/b/id/8624997-L.jpg,,,
2070,Alimentation,M.T. Anderson,Technologie,la science-fiction,,27,2.7,https://covers.openlibrary.org/b/id/6254568-L.jpg,,,
2071,Logistique contemporaine en Chine,Bing-lian Liu,Technologie,Entreprise,,26,2.6,https://covers.openlibrary.org/b/id/9385636-L.jpg,,,
2072,La façon dont les choses fonctionnent,David Macaulay,Technologie,Technologie,,26,2.6,https://covers.openlibrary.org/b/id/257822-L.jpg,,,
2073,L'utilisation humaine des êtres humains,Norbert Wiener,Technologie,Cybernétique,,26,2.6,https://covers.openlibrary.org/b/id/164463-L.jpg,,,
2074,ESD,Steven H. Voldman,Technologie,Décharges électriques,,26,2.6,https://covers.openlibrary.org/b/id/1240667-L.jpg,,,
2075,507 mouvements mécaniques,Henry T.Brown,Technologie,mécanique,,24,2.4,https://covers.openlibrary.org/b/id/314509-L.jpg,,,
2076,Électronique numérique,William Kleitz,Technologie,Electronique numérique,,24,2.4,https://covers.openlibrary.org/b/id/1107025-L.jpg,,,
2077,Les sciences dans l'histoire,J.D. Bernal,Technologie,Science et civilisation,,24,2.4,https://covers.openlibrary.org/b/id/6560428-L.jpg,,,
2078,La révolution de la Hoffnung,Erich Fromm,Technologie,Philosophie,,24,2.4,https://covers.openlibrary.org/b/id/14359613-L.jpg,,,
2079,La société industrielle et son avenir,Théodore Kaczynski,Technologie,Radicalisme,,23,2.3,https://covers.openlibrary.org/b/id/9329184-L.jpg,,,
2080,Techniques d'évaluation sensorielle,Morten Meilgaard,Technologie,Évaluation sensorielle,,23,2.3,https://covers.openlibrary.org/b/id/1594881-L.jpg,,,
2081,Le garçon qui domptait le vent,William Kamkwamba,Technologie,Biographie et autobiographie,,23,2.3,https://covers.openlibrary.org/b/id/6447181-L.jpg,,,
2082,Un dictionnaire de termes scientifiques,I.F. Henderson,Technologie,Biologie,,23,2.3,https://covers.openlibrary.org/b/id/5592683-L.jpg,,,
2083,Ssu-ch'uan sheng chih,Sichuan Sheng di fang zhi bian zuan wei yuan hui,Technologie,Histoire,,23,2.3,https://covers.openlibrary.org/b/id/5238973-L.jpg,,,
2084,"Traités, etc.",Union soviétique.,Technologie,Compagnies aériennes,,22,2.2,,,,
2085,La science dans un monde technique,Société chimique américaine,Technologie,Manuels de laboratoire,,22,2.2,https://covers.openlibrary.org/b/id/1354750-L.jpg,,,
2086,Science et civilisation en Chine,Joseph Needham,Technologie,Technologie et civilisation,,22,2.2,https://covers.openlibrary.org/b/id/330592-L.jpg,,,
2087,Science et valeurs humaines,Jacob Bronowski,Technologie,Science,,22,2.2,https://covers.openlibrary.org/b/id/4636612-L.jpg,,,
2088,Le Mensch et la Technique,Oswald Spengler,Technologie,Civilisation,,22,2.2,https://covers.openlibrary.org/b/id/4449509-L.jpg,,,
2089,La longue queue,Chris Anderson,Technologie,Commerce électronique,,22,2.2,https://covers.openlibrary.org/b/id/894367-L.jpg,,,
2090,Manuel de musique de danse,Rick Snoman,Technologie,Remixage,,21,2.1,https://covers.openlibrary.org/b/id/9171230-L.jpg,,,
2091,Quaternaire de l'Amérique du Sud et de la péninsule Antarctique,Jorge Rabassa,Technologie,Géologie,stratigraphique,21,2.1,https://covers.openlibrary.org/b/id/13501991-L.jpg,quaternaire,,
2092,Systèmes de contrôle modernes,Richard C. Dorf,Technologie,Systèmes de contrôle de rétroaction,,21,2.1,https://covers.openlibrary.org/b/id/87423-L.jpg,,,
2093,Navette spatiale,États-Unis. Bureau de la Comptabilité Générale,Technologie,Accidents,,20,2,,,,
2094,Introduction à la santé et à la sécurité au travail,"Hughes, Phil, MSc, FIOSH, RSP.",Technologie,Manuels,manuels,20,2,https://covers.openlibrary.org/b/id/1401087-L.jpg,,,
2095,Science et technologie dans la société,John S. Holman,Technologie,Science,,20,2,https://covers.openlibrary.org/b/id/11069390-L.jpg,,,
2096,Merveilles de la science moderne,Paul Sévering,Technologie,Invention,,20,2,https://covers.openlibrary.org/b/id/4813339-L.jpg,,,
2097,Ingénierie des chaussées,Rajib Basu Mallick,Technologie,Trottoirs,,20,2,https://covers.openlibrary.org/b/id/14751138-L.jpg,,,
2098,Collecte de données sur l'équilibre vapeur-liquide,Jürgen Gmehling,Technologie,Distillation,,20,2,https://covers.openlibrary.org/b/id/4877386-L.jpg,,,
2099,Câblage électrique industriel,"Smith, Robert L.",Technologie,Installation,,20,2,https://covers.openlibrary.org/b/id/1574147-L.jpg,,,
2100,Prêt Joueur Deux,Ernest Cline,Technologie,nyt:combiné-imprimé-et-e-book-fiction=2020-12-13,,20,2,https://covers.openlibrary.org/b/id/10250001-L.jpg,,,
2101,Travaux d'installation électrique avancés,Trevor Linsley,Technologie,Câblage électrique intérieur,,20,2,https://covers.openlibrary.org/b/id/8614011-L.jpg,,,
2102,La terrible intimité de Maxwell Sim,Jonathan Coé,Technologie,Fiction,,20,2,https://covers.openlibrary.org/b/id/7246617-L.jpg,,,
2103,Méthodes numériques pour les ingénieurs,Steven C. Chapra,Technologie,Informatique,,20,2,https://covers.openlibrary.org/b/id/63301-L.jpg,,,
2104,Profils du futur,Arthur C.Clarke,Technologie,Technologie,,20,2,https://covers.openlibrary.org/b/id/380579-L.jpg,,,
2105,Anti-Œdipe,Gilles Deleuze,Technologie,Capitalisme,,19,1.9,https://covers.openlibrary.org/b/id/615006-L.jpg,,,
2106,Sections transversales incroyables,Richard Platt,Technologie,Littérature jeunesse,,19,1.9,https://covers.openlibrary.org/b/id/422192-L.jpg,,,
2107,Mauvais sang,Jean Carreyrou,Technologie,entreprise,,19,1.9,https://covers.openlibrary.org/b/id/12735651-L.jpg,,,
2108,Nunquam,Laurent Durrell,Technologie,Eunuques,,19,1.9,https://covers.openlibrary.org/b/id/2209959-L.jpg,,,
2109,"L'ère de l'information, Vol. 1",Manuel Castells,Technologie,Aspects économiques,,19,1.9,https://covers.openlibrary.org/b/id/2269622-L.jpg,,,
2110,La science de l'alimentation,P.M. Gaman,Technologie,Nourriture,,18,1.8,https://covers.openlibrary.org/b/id/493324-L.jpg,,,
2111,La Reine des Neiges,Joan D.Vinge,Technologie,Fiction en anglais,,18,1.8,https://covers.openlibrary.org/b/id/288125-L.jpg,,,
2112,"Technologie, gestion et société",Peter F. Drucker,Technologie,Gestion,,18,1.8,https://covers.openlibrary.org/b/id/7989339-L.jpg,,,
2113,Gestion de l'information stratégique,Robert D. Galliers,Technologie,Technologie,,18,1.8,,,,
2114,Contrôleur logique programmable basé sur un microcontrôleur PIC16F1847,Murat Ouzam,Technologie,Microcontrôleurs PIC,,18,1.8,,,,
2115,Apprendre à enseigner le design et la technologie au secondaire,Gwyneth Owen-Jackson,Technologie,Technologie,étude et enseignement,18,1.8,,,,
2116,Le technicien d'aujourd'hui,Marc Schnubel,Technologie,Automobiles,climatisation,18,1.8,https://covers.openlibrary.org/b/id/1730105-L.jpg,,,
2117,L'impact fatal,Alan Moorehead,Technologie,Découverte et exploration,,18,1.8,https://covers.openlibrary.org/b/id/108955-L.jpg,,,
2118,Manuel de l'ASM,ASM International. Comité du manuel,Technologie,Métaux,,18,1.8,https://covers.openlibrary.org/b/id/4793116-L.jpg,,,
2119,Enseigner et apprendre avec la technologie,Judy Lever-Duffy,Technologie,Matériel audiovisuel,,18,1.8,https://covers.openlibrary.org/b/id/1146168-L.jpg,,,
2120,La science et l'ingénierie des matériaux,Donald R. Askeland,Technologie,Science des matériaux,,18,1.8,https://covers.openlibrary.org/b/id/364422-L.jpg,,,
2121,Sélections,Jawaharlal Nehru,Technologie,Relations extérieures,,18,1.8,https://covers.openlibrary.org/b/id/5037246-L.jpg,,,
2122,Introduction de Barry à la construction de bâtiments,Stephen Emmitt,Technologie,Bâtiment,,18,1.8,https://covers.openlibrary.org/b/id/1751789-L.jpg,,,
2123,Recueil des spécifications des additifs alimentaires,Comité mixte FAO/OMS d'experts des additifs alimentaires.,Technologie,Analyse,,18,1.8,https://covers.openlibrary.org/b/id/9443497-L.jpg,,,
2124,O naznachenīī cheloveka,Nikolaĭ Berdi͡aev,Technologie,Éthique,,17,1.7,https://covers.openlibrary.org/b/id/10983695-L.jpg,,,
2125,Un choix de dieux,Clifford D. Simak,Technologie,Science-fiction américaine,,17,1.7,https://covers.openlibrary.org/b/id/10053863-L.jpg,,,
2126,Innovation en musique,Russ Hepworth-Sawyer,Technologie,Musique,,17,1.7,https://covers.openlibrary.org/b/id/13800054-L.jpg,,,
2127,Ingénierie de fiabilité et analyse des risques,M.Modarres,Technologie,Fiabilité (ingénierie),,17,1.7,https://covers.openlibrary.org/b/id/626624-L.jpg,,,
2128,Arpentage élémentaire,Paul R. Wolf,Technologie,Géomatique,,17,1.7,https://covers.openlibrary.org/b/id/4065400-L.jpg,,,
2129,Manuel de médecine nucléaire et d'imagerie moléculaire pour les physiciens,Michael Ljungberg,Technologie,Médecine nucléaire,,16,1.6,https://covers.openlibrary.org/b/id/14761695-L.jpg,,,
2130,Circuits électriques,James William Nilsson,Technologie,Informatique,,16,1.6,https://covers.openlibrary.org/b/id/87470-L.jpg,,,
2131,Principes de filage,Ashok R. Khare,Technologie,Filage,,16,1.6,https://covers.openlibrary.org/b/id/12410901-L.jpg,,,
2132,Technologie de l'eau et des eaux usées,Mark J. Hammer,Technologie,Ingénierie de l'approvisionnement en eau,,16,1.6,https://covers.openlibrary.org/b/id/4480215-L.jpg,,,
2133,"Inspection, tests et certification électriques",Michael Drury,Technologie,Câblage électrique,,16,1.6,https://covers.openlibrary.org/b/id/13077250-L.jpg,,,
2134,L'ascension et la chute de D.O.D.O.,Neal Stephenson,Technologie,Technologie,,16,1.6,https://covers.openlibrary.org/b/id/8441707-L.jpg,,,
2135,Méthodes statistiques en agriculture et biologie expérimentale,R. Mead,Technologie,Agriculture,,16,1.6,https://covers.openlibrary.org/b/id/8429415-L.jpg,,,
2136,Comment fonctionnent les ordinateurs,Ron Blanc,Technologie,Micro-ordinateurs,,16,1.6,https://covers.openlibrary.org/b/id/554456-L.jpg,,,
2137,L'instinct du travail,Thorstein Veblen,Technologie,Histoire,,16,1.6,https://covers.openlibrary.org/b/id/5988525-L.jpg,,,
2138,Instinct de fabrication et état des arts industriels,Thorstein Veblen,Technologie,Histoire,,16,1.6,https://covers.openlibrary.org/b/id/4994109-L.jpg,,,
2139,Dictionnaire technique et chimique russe-anglais,Ludmilla Ignatiev Callaham,Technologie,Dictionnaires chimiques,,16,1.6,https://covers.openlibrary.org/b/id/8264932-L.jpg,,,
2140,Manuel d'utilisation du vaisseau spatial Terre,R. Buckminster Fuller,Technologie,Philosophie,,16,1.6,https://covers.openlibrary.org/b/id/689663-L.jpg,,,
2141,H2LiftNavires,Bob Freeman,Technologie,Fiction,la science-fiction,16,1.6,,général,,
2142,Enjeux éthiques et sociaux à l’ère de l’information,Joseph Migga Kizza,Technologie,Ordinateurs,,16,1.6,https://covers.openlibrary.org/b/id/246069-L.jpg,,,
2143,Encyclopédie biographique d'Asimov sur la science et la technologie,Isaac Asimov,Technologie,Science,,15,1.5,https://covers.openlibrary.org/b/id/14615999-L.jpg,,,
2144,Beyträge zur Geschichte der Erfindungen,Johann Beckmann,Technologie,Découvertes scientifiques,,15,1.5,https://covers.openlibrary.org/b/id/6126615-L.jpg,,,
2145,Mécanique des sols,RF Craig,Technologie,Ingénierie,,15,1.5,https://covers.openlibrary.org/b/id/5049511-L.jpg,,,
2146,Polymères conjugués,Terje A. Skotheim,Technologie,Polymères conducteurs,,15,1.5,,,,
2147,Etudes en technologie ancienne,R.J. Forbes,Technologie,Technologie,,15,1.5,https://covers.openlibrary.org/b/id/4887581-L.jpg,,,
2148,Sécurité et santé des ingénieurs,Roger L. Brauer,Technologie,Sécurité industrielle,,15,1.5,https://covers.openlibrary.org/b/id/302992-L.jpg,,,
2149,Gestion de construction moderne,"Harris, Frank",Technologie,Industrie du bâtiment,,15,1.5,https://covers.openlibrary.org/b/id/1328313-L.jpg,,,
2150,Évaluation de l'exactitude des données de télédétection,Russell G.Congalton,Technologie,Évaluation,,15,1.5,https://covers.openlibrary.org/b/id/8619883-L.jpg,,,
2151,Électronique,Charles A. Schuler,Technologie,Électronique,,15,1.5,https://covers.openlibrary.org/b/id/1062148-L.jpg,,,
2152,Introduction au C++ plus,Stephen Prata,Technologie,Technologie informatique,,15,1.5,https://covers.openlibrary.org/b/id/3879532-L.jpg,,,
2153,Manuel de spectroscopie,J.W. Robinson,Technologie,Analyse du spectre,,15,1.5,,,,
2154,"Une histoire de la science, de la technologie et de la philosophie aux XVIe et XVIIe siècles",A. Loup,Technologie,Histoire,,15,1.5,https://covers.openlibrary.org/b/id/4871291-L.jpg,,,
2155,Un dictionnaire d'acronymes et d'abréviations,Éric Pugh,Technologie,Abréviations,,15,1.5,https://covers.openlibrary.org/b/id/4383019-L.jpg,,,
2156,James Watt,Andrew Carnegie,Technologie,Biographie et autobiographie,,15,1.5,https://covers.openlibrary.org/b/id/10854916-L.jpg,,,
2157,Indicateurs clés de performance,David Parmentier,Technologie,Entreprise,,14,1.4,https://covers.openlibrary.org/b/id/1239385-L.jpg,,,
2158,Réfrigération et climatisation modernes,Andrew Daniel Althouse,Technologie,Machines de réfrigération et de réfrigération,,14,1.4,https://covers.openlibrary.org/b/id/861608-L.jpg,,,
2159,Une introduction à la recherche pour la communication technique,Michael A. Hughes,Technologie,Industrie et études industrielles,,14,1.4,https://covers.openlibrary.org/b/id/4970025-L.jpg,,,
2160,Une histoire de technologie,Charles Joseph Singer,Technologie,Histoire,,14,1.4,https://covers.openlibrary.org/b/id/5483948-L.jpg,,,
2161,Travaux d'installation électrique,Brian Scaddan,Technologie,Génie électrique,,14,1.4,,,,
2162,Ingénierie des systèmes de contrôle,Norman S.Nise,Technologie,Ingénierie des systèmes,,14,1.4,https://covers.openlibrary.org/b/id/304864-L.jpg,,,
2163,Échangeurs de chaleur,S. Kakaç,Technologie,Échangeurs de chaleur,,14,1.4,https://covers.openlibrary.org/b/id/1595580-L.jpg,,,
2164,Analyse de base des circuits d'ingénierie,J. David Irwin,Technologie,Génie électrique,,14,1.4,https://covers.openlibrary.org/b/id/14330804-L.jpg,,,
2165,Traitement d'images numériques,Rafael C. González,Technologie,Techniques numériques,,14,1.4,https://covers.openlibrary.org/b/id/1109260-L.jpg,,,
2166,Conceptions d'installations électriques,Bill Atkinson,Technologie,Génie électrique,,14,1.4,https://covers.openlibrary.org/b/id/1751663-L.jpg,,,
2167,"Introduction à la distribution d'eau urbaine, deuxième édition",Nemanja Trifunovic,Technologie,Ingénierie environnementale,,14,1.4,https://covers.openlibrary.org/b/id/13205922-L.jpg,,,
2168,Les merveilles naturelles de l'Amérique du Nord,Gary Prost,Technologie,Histoire naturelle,Amérique du Nord,14,1.4,https://covers.openlibrary.org/b/id/13236549-L.jpg,,,
2169,Nanosciences du 21e siècle,Klaus D. Sattler,Technologie,Technologie,,14,1.4,,,,
2170,Circuits électriques,James W.Nilsson,Technologie,Circuits électriques,,14,1.4,https://covers.openlibrary.org/b/id/1107772-L.jpg,,,
2171,Introduction au calcul du génie chimique,Bruce A. Finlayson,Technologie,Génie chimique,,14,1.4,https://covers.openlibrary.org/b/id/1250453-L.jpg,,,
2172,Mécanique des fluides,Pijush K. Kundu,Technologie,Mécanique des fluides,,14,1.4,https://covers.openlibrary.org/b/id/79577-L.jpg,,,
2173,ASVAB pour les nuls,Jennifer Lawler,Technologie,Guides d'étude,,14,1.4,https://covers.openlibrary.org/b/id/521945-L.jpg,,,
2174,Enchanteresse des étoiles,Sylvia Engdahl,Technologie,la science-fiction,,14,1.4,https://covers.openlibrary.org/b/id/3368662-L.jpg,,,
2175,Bibliothèque internationale de technologie,Société internationale de manuels scolaires,Technologie,Technologie,,14,1.4,https://covers.openlibrary.org/b/id/6131354-L.jpg,,,
2176,L'art de l'électronique,Paul Horowitz,Technologie,Conception de circuits électroniques,,14,1.4,https://covers.openlibrary.org/b/id/335376-L.jpg,,,
2177,La localisation de l'activité économique,Edgar Malone Hoover,Technologie,Bedrijfsterreinen,,14,1.4,https://covers.openlibrary.org/b/id/6863211-L.jpg,,,
2178,Que sera,Michael L. Dertouzos,Technologie,Industrie des services d'information,,14,1.4,https://covers.openlibrary.org/b/id/48736-L.jpg,,,
2179,Planification et gestion côtière,Robert Kay,Technologie,Gestion des zones côtières,,14,1.4,https://covers.openlibrary.org/b/id/1215835-L.jpg,,,
2180,Curiosités de l'industrie,Georges Dodd,Technologie,Fabrique,,14,1.4,,,,
2181,Le traitement de surface et la finition de l'aluminium et de ses alliages,S. Wernick,Technologie,Aluminium,,13,1.3,https://covers.openlibrary.org/b/id/5532511-L.jpg,,,
2182,Fondamentaux de la thermodynamique,Richard E. Sonntag,Technologie,Thermodynamique d'ingénierie,,13,1.3,https://covers.openlibrary.org/b/id/10433853-L.jpg,,,
2183,Histoires d'inventeurs,Russell Doubleday,Technologie,Biographie et autobiographie,,13,1.3,https://covers.openlibrary.org/b/id/2785316-L.jpg,,,
2184,Assurance qualité des aliments,Inteaz Alli,Technologie,Ingénierie,,13,1.3,https://covers.openlibrary.org/b/id/1905646-L.jpg,,,
2185,Maintenir les systèmes critiques à la mission dans un environnement 24h/24 et 7j/7,Peter M. Curtis,Technologie,Ingénierie,,13,1.3,https://covers.openlibrary.org/b/id/6413532-L.jpg,,,
2186,Manuel des huiles essentielles,Gerhard Buchbauer,Technologie,Essences et huiles essentielles,,13,1.3,https://covers.openlibrary.org/b/id/6286152-L.jpg,,,
2187,Résidus de certains médicaments vétérinaires dans les animaux et les aliments,Comité mixte FAO/OMS d'experts des additifs alimentaires.,Technologie,Analyse,,13,1.3,https://covers.openlibrary.org/b/id/12742139-L.jpg,,,
2188,Génie électrique,Allan R. Hambley,Technologie,Génie électrique,,13,1.3,https://covers.openlibrary.org/b/id/1061139-L.jpg,,,
2189,Circuits pour la microélectronique,Adel S. Sedra,Technologie,Circuits électroniques,,13,1.3,https://covers.openlibrary.org/b/id/4028593-L.jpg,,,
2190,Témoin oculaire,Lionel Bender,Technologie,Invention,,13,1.3,https://covers.openlibrary.org/b/id/552811-L.jpg,,,
2191,Apollon en perspective,Jonathan Allday,Technologie,Projet Apollo (États-Unis),,13,1.3,https://covers.openlibrary.org/b/id/493195-L.jpg,,,
2192,Optique sans imagerie,Roland Winston,Technologie,Optique,,13,1.3,,,,
2193,Mesure audio,Eddy Brixen,Technologie,Audiométrie,,13,1.3,https://covers.openlibrary.org/b/id/13631062-L.jpg,,,
2194,Mines et environnement,Spitz Karlheinz,Technologie,Mines et ressources minérales,,13,1.3,,,,
2195,Géotechnique des Routes,Bernardo Caicedo,Technologie,Mécanique des roches,,13,1.3,,,,
2196,"Tableaux critiques internationaux de données numériques, physiques, chimiques et technologiques",Conseil national de recherches (États-Unis),Technologie,Science,,13,1.3,https://covers.openlibrary.org/b/id/9246374-L.jpg,,,
2197,Comment ne rien faire,Jenny Odell,Technologie,Informatique,,13,1.3,https://covers.openlibrary.org/b/id/8750439-L.jpg,,,
2198,Dynamique du système,Doyen Karnopp,Technologie,Graphiques de liaison,,13,1.3,https://covers.openlibrary.org/b/id/4470745-L.jpg,,,
2199,Matériaux composites,Daniel Gay,Technologie,Ingénierie : général,,13,1.3,https://covers.openlibrary.org/b/id/1806265-L.jpg,,,
2200,Bibliothèque chimico-mathématique,Henry Sotheran Ltée.,Technologie,Catalogues,,13,1.3,https://covers.openlibrary.org/b/id/5579185-L.jpg,,,
2201,Recherche opérationnelle,Michael W Carter,Technologie,Recherche opérationnelle,,13,1.3,https://covers.openlibrary.org/b/id/1595976-L.jpg,,,
2202,Enseignement professionnel,Département de l'Éducation et des Sciences,Technologie,Agriculture,,13,1.3,,,,
2203,Circuits intégrés analogiques CMOS,Tertulien Ndjountché,Technologie,Semi-conducteurs à oxyde métallique complémentaires,,13,1.3,https://covers.openlibrary.org/b/id/7237538-L.jpg,,,
2204,Entraînements électriques,I. Boldéa,Technologie,Conduite électrique,,13,1.3,https://covers.openlibrary.org/b/id/1597070-L.jpg,,,
2205,La nature et les propriétés des sols,Nyle C. Brady,Technologie,Sols,,13,1.3,https://covers.openlibrary.org/b/id/81319-L.jpg,,,
2206,Échocardiographie d'urgence,Frank A. Flachskampf,Technologie,Échocardiographie,,13,1.3,https://covers.openlibrary.org/b/id/2019422-L.jpg,,,
2207,"Câblage électrique, commercial",Ray C. Mullin,Technologie,Bâtiments commerciaux,,13,1.3,https://covers.openlibrary.org/b/id/4379094-L.jpg,,,
2208,Kuei-chou sheng chih,Guizhou sheng di fang zhi bian zuan wei yuan hui,Technologie,Description et voyage,,13,1.3,,,,
2209,La machine médiévale,Jean Gimpel,Technologie,Histoire économique,,13,1.3,https://covers.openlibrary.org/b/id/4484293-L.jpg,,,
2210,Le Songe d'une nuit d'été,Guillaume Shakespeare,Poésie,Drame,,1485,148.5,https://covers.openlibrary.org/b/id/7205924-L.jpg,,,
2211,Divina Commedia,Dante Alighieri,Poésie,Poésie (œuvres poétiques d'un auteur),,1334,133.4,https://covers.openlibrary.org/b/id/11621024-L.jpg,,,
2212,Ἰλιάς,Όμηρος,Poésie,Ulysse (mythologie grecque),,1084,108.4,https://covers.openlibrary.org/b/id/7083790-L.jpg,,,
2213,Ὀδύσσεια,Όμηρος,Poésie,great_books_of_the_western_world,,1061,106.1,https://covers.openlibrary.org/b/id/9045853-L.jpg,,,
2214,Feuilles d'herbe,Walt Whitman,Poésie,Manuscrits,,755,75.5,https://covers.openlibrary.org/b/id/9000447-L.jpg,,,
2215,Les Contes de Cantorbéry,Geoffrey Chaucer,Poésie,La mort,,722,72.2,https://covers.openlibrary.org/b/id/5767180-L.jpg,,,
2216,Faust,Johann Wolfgang von Goethe,Poésie,Le bien et le mal,,633,63.3,https://covers.openlibrary.org/b/id/6499459-L.jpg,,,
2217,Sonnets,Guillaume Shakespeare,Poésie,Sonnets anglais,,579,57.9,https://covers.openlibrary.org/b/id/8222090-L.jpg,,,
2218,Robinson Crusoé,Daniel Defoe,Poésie,Robinson Cusoé,,548,54.8,https://covers.openlibrary.org/b/id/8783768-L.jpg,,,
2219,De rerum nature,Titus Lucrèce Carus,Poésie,Poésie didactique latine,,537,53.7,https://covers.openlibrary.org/b/id/566208-L.jpg,,,
2220,La Poétique,Aristote,Poésie,Métaphysique,,498,49.8,https://covers.openlibrary.org/b/id/129771-L.jpg,,,
2221,Métamorphoses,Ovide,Poésie,Poésie,,491,49.1,https://covers.openlibrary.org/b/id/7212118-L.jpg,,,
2222,Énée,Publius Vergilius Maro,Poésie,Poésie,,456,45.6,https://covers.openlibrary.org/b/id/6968564-L.jpg,,,
2223,Fables de fleurs,Louisa May Alcott,Poésie,Contes de fées,,448,44.8,https://covers.openlibrary.org/b/id/755980-L.jpg,,,
2224,Enfer,Dante Alighieri,Poésie,Poésie,,445,44.5,https://covers.openlibrary.org/b/id/6387077-L.jpg,,,
2225,Paradis perdu,John Milton,Poésie,Bible,,393,39.3,https://covers.openlibrary.org/b/id/5992814-L.jpg,,,
2226,La veille de Noël,Clément Clarke Moore,Poésie,Père Noël dans une prison pour mineurs,,389,38.9,https://covers.openlibrary.org/b/id/8236410-L.jpg,,,
2227,Les pionniers,James Fenimore Cooper,Poésie,Vie de frontière et de pionnier,,378,37.8,https://covers.openlibrary.org/b/id/9000512-L.jpg,,,
2228,Poèmes,William Wordsworth,Poésie,Livres cadeaux,,372,37.2,https://covers.openlibrary.org/b/id/102874-L.jpg,,,
2229,Os Lusiadas,Luís de Camões,Poésie,Poésie,,367,36.7,https://covers.openlibrary.org/b/id/5943496-L.jpg,,,
2230,Boutons d'appel d'offres,Gertrude Stein,Poésie,Fiction,,365,36.5,https://covers.openlibrary.org/b/id/756373-L.jpg,,,
2231,Le Prophète,Khalil Gibran,Poésie,Poèmes en prose américaine,,362,36.2,https://covers.openlibrary.org/b/id/418324-L.jpg,,,
2232,Les fleurs du mal,Charles Baudelaire,Poésie,Traductions en espagnol,,362,36.2,https://covers.openlibrary.org/b/id/8236412-L.jpg,,,
2233,Fables,Jean de La Fontaine,Poésie,Fables françaises,,345,34.5,https://covers.openlibrary.org/b/id/976209-L.jpg,,,
2234,Godefroy de Bulloigne,Torquato Tasse,Poésie,Poésie,,326,32.6,https://covers.openlibrary.org/b/id/5954727-L.jpg,,,
2235,Un essai sur l'homme,Alexandre Pape,Poésie,Poésie,,315,31.5,https://covers.openlibrary.org/b/id/14538511-L.jpg,,,
2236,Les œuvres poétiques complètes,Robert Brûlures,Poésie,Biographie,,293,29.3,https://covers.openlibrary.org/b/id/9048263-L.jpg,,,
2237,Les poèmes de Milton,John Milton,Poésie,Bible,,292,29.2,https://covers.openlibrary.org/b/id/8235508-L.jpg,,,
2238,Le Paradis,Dante Alighieri,Poésie,Poésie,,291,29.1,https://covers.openlibrary.org/b/id/6549496-L.jpg,,,
2239,Hudibras,Samuel Butler,Poésie,Satire anglaise,,283,28.3,https://covers.openlibrary.org/b/id/9938523-L.jpg,,,
2240,Histoire,Hérodote,Poésie,Histoire ancienne,,282,28.2,https://covers.openlibrary.org/b/id/9829028-L.jpg,,,
2241,Poèmes,Alfred Lord Tennyson,Poésie,Critique et interprétation,,281,28.1,https://covers.openlibrary.org/b/id/8236274-L.jpg,,,
2242,Poème de mon Cid,Anonyme,Poésie,Romances,,269,26.9,https://covers.openlibrary.org/b/id/4910995-L.jpg,,,
2243,La chasse au snark,Lewis Carroll,Poésie,Bibliographie,,255,25.5,https://covers.openlibrary.org/b/id/8243028-L.jpg,,,
2244,Poétique,Aristote,Poésie,Premiers travaux vers 1800,,251,25.1,https://covers.openlibrary.org/b/id/6528920-L.jpg,,,
2245,Les saisons,James Thompson,Poésie,poésie allemande,,240,24,https://covers.openlibrary.org/b/id/5807889-L.jpg,,,
2246,Poèmes,Percy Bysshe Shelley,Poésie,Poésie pour enfants,Anglais,233,23.3,https://covers.openlibrary.org/b/id/8231548-L.jpg,,,
2247,Vie nouvelle,Dante Alighieri,Poésie,littérature italienne,,231,23.1,https://covers.openlibrary.org/b/id/8236950-L.jpg,,,
2248,Rime,Francesco Petrarca,Poésie,Autographes,,229,22.9,https://covers.openlibrary.org/b/id/7130072-L.jpg,,,
2249,Πολιτικά (Politique),Aristote,Poésie,Politique et gouvernement,,224,22.4,https://covers.openlibrary.org/b/id/1277085-L.jpg,,,
2250,"L'histoire de Rasselas, prince d'Abyssinie",Samuel Johnson,Poésie,Ethiopie,fiction,224,22.4,https://covers.openlibrary.org/b/id/2035834-L.jpg,,,
2251,Gitanjali (offrandes de chansons),Rabindranath Tagore,Poésie,poésie bengali,,217,21.7,https://covers.openlibrary.org/b/id/8246100-L.jpg,,,
2252,Le purgatoire,Dante Alighieri,Poésie,Purgatoire en littérature,,216,21.6,https://covers.openlibrary.org/b/id/120731-L.jpg,,,
2253,"Œuvres [37 pièces de théâtre, 6 poèmes, sonnets]",Guillaume Shakespeare,Poésie,Drame anglais moderne et élisabéthain,,213,21.3,https://covers.openlibrary.org/b/id/8779054-L.jpg,,,
2254,Moralité,Plutarque,Poésie,Éthique ancienne,,211,21.1,https://covers.openlibrary.org/b/id/5788251-L.jpg,,,
2255,La ballade du cheval blanc,Gilbert Keith Chesterton,Poésie,Poésie,,206,20.6,https://covers.openlibrary.org/b/id/698488-L.jpg,,,
2256,Poèmes de John Keats,John Keats,Poésie,poésie anglaise,,200,20,https://covers.openlibrary.org/b/id/5635209-L.jpg,,,
2257,Géorgie,Publius Vergilius Maro,Poésie,Traductions en anglais,,188,18.8,https://covers.openlibrary.org/b/id/6505754-L.jpg,,,
2258,Les oeuvres complètes de Robert Browning Tome XVI,Robert Browning,Poésie,Critique et interprétation,,185,18.5,https://covers.openlibrary.org/b/id/8236406-L.jpg,,,
2259,La chanson de Hiawatha et autres poèmes,Henry Wadsworth Longfellow,Poésie,Poésie,,185,18.5,https://covers.openlibrary.org/b/id/9043037-L.jpg,,,
2260,Carmine,Horace,Poésie,Poésie élogieuse latine,,183,18.3,https://covers.openlibrary.org/b/id/5602118-L.jpg,,,
2261,Pharsale,Lucan,Poésie,Campagnes,,182,18.2,https://covers.openlibrary.org/b/id/10857892-L.jpg,,,
2262,Opéra,Publius Vergilius Maro,Poésie,Lecteurs,,182,18.2,https://covers.openlibrary.org/b/id/6981246-L.jpg,,,
2263,Évangéline,Henry Wadsworth Longfellow,Poésie,Acadiens,,177,17.7,https://covers.openlibrary.org/b/id/6153860-L.jpg,,,
2264,Lays de la Rome antique,Thomas Babington Macaulay,Poésie,Poésie,,176,17.6,https://covers.openlibrary.org/b/id/14840050-L.jpg,,,
2265,Instants de vision,Thomas Hardy,Poésie,Critique et interprétation,,174,17.4,https://covers.openlibrary.org/b/id/5806149-L.jpg,,,
2266,Anthologie de Spoon River,Edgar Lee Maîtres,Poésie,Poésie (œuvres poétiques d'un auteur),,169,16.9,https://covers.openlibrary.org/b/id/13100876-L.jpg,,,
2267,La dame du lac,Monsieur Walter Scott,Poésie,Monsieur Walter Scott,,159,15.9,https://covers.openlibrary.org/b/id/7305347-L.jpg,,,
2268,Rime de l'ancien marin,Samuel Taylor Coleridge,Poésie,Poésie,,156,15.6,https://covers.openlibrary.org/b/id/8225489-L.jpg,,,
2269,Épigrammes,Marcus Valerius Martialis,Poésie,Épigrammes latines,,155,15.5,https://covers.openlibrary.org/b/id/6495991-L.jpg,,,
2270,La chanson de Hiawatha,Henry Wadsworth Longfellow,Poésie,poésie américaine,,154,15.4,https://covers.openlibrary.org/b/id/8237825-L.jpg,,,
2271,Élégies,Sextus Properce,Poésie,Concordances,,152,15.2,https://covers.openlibrary.org/b/id/5946488-L.jpg,,,
2272,Les poèmes d'Emily Dickinson Volume II,Émilie Dickinson,Poésie,poésie américaine,,151,15.1,https://covers.openlibrary.org/b/id/8236924-L.jpg,,,
2273,La cloche,Sylvia Plath,Poésie,étudiantes,,149,14.9,https://covers.openlibrary.org/b/id/8477115-L.jpg,,,
2274,Poèmes,William Blake,Poésie,Expositions,,141,14.1,https://covers.openlibrary.org/b/id/8236962-L.jpg,,,
2275,Le joueur de flûte de Hamelin,Robert Browning,Poésie,Légendes,,140,14,https://covers.openlibrary.org/b/id/10310012-L.jpg,,,
2276,Reine des fées,Edmond Spenser,Poésie,Poésie épique,,139,13.9,https://covers.openlibrary.org/b/id/5804540-L.jpg,,,
2277,Gedichte,Johann Wolfgang von Goethe,Poésie,Traductions en anglais,,136,13.6,https://covers.openlibrary.org/b/id/997805-L.jpg,,,
2278,Des poèmes d'amour et une chanson désespérée,Pablo Neruda,Poésie,Poésie d'amour chilienne,,135,13.5,https://covers.openlibrary.org/b/id/747596-L.jpg,,,
2279,Poèmes,William Butler Yeats,Poésie,Poésie,,135,13.5,https://covers.openlibrary.org/b/id/6968826-L.jpg,,,
2280,Les œuvres poétiques de Sir Walter Scott,Monsieur Walter Scott,Poésie,Textes,,134,13.4,https://covers.openlibrary.org/b/id/8242238-L.jpg,,,
2281,Bucolique,Publius Vergilius Maro,Poésie,Poésie,,134,13.4,https://covers.openlibrary.org/b/id/8236988-L.jpg,,,
2282,"Aminta, favola boschereccia",Torquato Tasse,Poésie,Drame italien,,134,13.4,https://covers.openlibrary.org/b/id/12909777-L.jpg,,,
2283,Les ballades de caserne de Rudyard Kipling,Rudyard Kipling,Poésie,Militaires,,133,13.3,https://covers.openlibrary.org/b/id/5149469-L.jpg,,,
2284,Le village déserté,Olivier Goldsmith,Poésie,Poésie (œuvres poétiques d'un auteur),,129,12.9,https://covers.openlibrary.org/b/id/7371683-L.jpg,,,
2285,Odes,Horace,Poésie,Traductions en anglais,,127,12.7,https://covers.openlibrary.org/b/id/8243308-L.jpg,,,
2286,Le viol de la serrure,Alexandre Pape,Poésie,Poésie (œuvres poétiques d'un auteur),,125,12.5,https://covers.openlibrary.org/b/id/8234360-L.jpg,,,
2287,Hélène de Troie : sa vie et sa traduction en rimes à partir des livres grecs,Andrew Lang,Poésie,Hélène de Troie (mythologie grecque),,118,11.8,https://covers.openlibrary.org/b/id/5556502-L.jpg,,,
2288,Fasti,Ovide,Poésie,Calendrier,,118,11.8,https://covers.openlibrary.org/b/id/7897916-L.jpg,,,
2289,Idylles du roi,Alfred Lord Tennyson,Poésie,Poésie,,118,11.8,https://covers.openlibrary.org/b/id/102890-L.jpg,,,
2290,De consolation philosophiae,Boèce,Poésie,Incunables,,118,11.8,https://covers.openlibrary.org/b/id/8237802-L.jpg,,,
2291,L'Odyssée,Όμηρος,Poésie,Poésie épique grecque,,118,11.8,https://covers.openlibrary.org/b/id/12474938-L.jpg,,,
2292,Le professeur,Khalil Gibran,Poésie,Traduction en italien,,116,11.6,https://covers.openlibrary.org/b/id/12137057-L.jpg,,,
2293,Les oeuvres d'Horace,Horace,Poésie,Traductions en anglais,,116,11.6,https://covers.openlibrary.org/b/id/5755567-L.jpg,,,
2294,Un jardin de vers d'enfant,Robert Louis Stevenson,Poésie,Poésie pour enfants,écossais,115,11.5,https://covers.openlibrary.org/b/id/8777530-L.jpg,,,
2295,Satires,Horace,Poésie,Satire en vers latins,,115,11.5,https://covers.openlibrary.org/b/id/8237873-L.jpg,,,
2296,Sein et Zeit,Martin Heidegger,Poésie,Espace et temps,,113,11.3,https://covers.openlibrary.org/b/id/2208564-L.jpg,,,
2297,Lalla Rookh,Thomas Moore,Poésie,Auteurs irlandais,,111,11.1,https://covers.openlibrary.org/b/id/8242280-L.jpg,,,
2298,Comus,John Milton,Poésie,Fiction,,111,11.1,https://covers.openlibrary.org/b/id/5622287-L.jpg,,,
2299,Poèmes,William Cowper,Poésie,Poésie religieuse anglaise,,110,11,https://covers.openlibrary.org/b/id/5788272-L.jpg,,,
2300,"Ramayana, une Sainte Bible de l'Inde",Valmiki,Poésie,Rāma (divinité hindoue),,110,11,https://covers.openlibrary.org/b/id/8238736-L.jpg,,,
2301,Martín Fierro,José Hernández,Poésie,gaucho,,109,10.9,https://covers.openlibrary.org/b/id/3362684-L.jpg,,,
2302,Poèmes,Matthieu Arnold,Poésie,Philosophie,,107,10.7,https://covers.openlibrary.org/b/id/8244561-L.jpg,,,
2303,Tambours,Walt Whitman,Poésie,Poésie,,106,10.6,https://covers.openlibrary.org/b/id/2760839-L.jpg,,,
2304,Poésie de John Donne,John Donné,Poésie,Critique et interprétation,,105,10.5,https://covers.openlibrary.org/b/id/8238738-L.jpg,,,
2305,Les œuvres de Robert Burns,Robert Brûlures,Poésie,Biographie,,104,10.4,https://covers.openlibrary.org/b/id/5792560-L.jpg,,,
2306,Fantasmagorie et autres poèmes,Lewis Carroll,Poésie,Spectres,,103,10.3,https://covers.openlibrary.org/b/id/10527036-L.jpg,,,
2307,Evgueniĭ Onéguine,Alexandre Sergueïevitch Pouchkine,Poésie,Vie sociale et coutumes,,102,10.2,https://covers.openlibrary.org/b/id/8231991-L.jpg,,,
2308,Biographie littéraire,Samuel Taylor Coleridge,Poésie,Critique,,100,10,https://covers.openlibrary.org/b/id/1813198-L.jpg,,,
2309,Livre de bon amour,Juan Ruiz,Poésie,Manuscrits médiévaux,,99,9.9,https://covers.openlibrary.org/b/id/8247749-L.jpg,,,
2310,Ars Amátoria,Ovide,Poésie,Poésie d'amour,latin,98,9.8,https://covers.openlibrary.org/b/id/12733518-L.jpg,,,
2311,"""C'était la veille de Noël",Clément Clarke Moore,Poésie,Poésie pour enfants,,97,9.7,https://covers.openlibrary.org/b/id/8919179-L.jpg,,,
2312,Troilus et Criseyde,Geoffrey Chaucer,Poésie,Cressida (personnage fictif),,97,9.7,https://covers.openlibrary.org/b/id/7225126-L.jpg,,,
2313,Apollonius Rhodius,Apollonius Rhodius,Poésie,Argonautes (mythologie grecque),,97,9.7,https://covers.openlibrary.org/b/id/6885523-L.jpg,,,
2314,Le corbeau,Edgar Allan Poe,Poésie,bustes,,96,9.6,https://covers.openlibrary.org/b/id/8246077-L.jpg,,,
2315,Poèmes,Elizabeth Barrett Browning,Poésie,Correspondance,,95,9.5,https://covers.openlibrary.org/b/id/8240334-L.jpg,,,
2316,Méditations et contemplations,James Hervé,Poésie,Littérature dévotionnelle,,94,9.4,https://covers.openlibrary.org/b/id/9042942-L.jpg,,,
2317,Ballades de caserne et autres couplets,Rudyard Kipling,Poésie,Militaires,,94,9.4,https://covers.openlibrary.org/b/id/8259480-L.jpg,,,
2318,Kobzar,Taras Chevchenko,Poésie,Livres miniatures,,94,9.4,https://covers.openlibrary.org/b/id/6826629-L.jpg,,,
2319,Roman de la Rose,Guillaume de Lorris,Poésie,Alchimie,,93,9.3,https://covers.openlibrary.org/b/id/8243295-L.jpg,,,
2320,Le paradis retrouvé,John Milton,Poésie,Bible,,89,8.9,https://covers.openlibrary.org/b/id/8245154-L.jpg,,,
2321,Essais,Matthieu Arnold,Poésie,Critique,,88,8.8,https://covers.openlibrary.org/b/id/8231997-L.jpg,,,
2322,Poèmes,Geoffrey Chaucer,Poésie,Télécopieurs,,86,8.6,https://covers.openlibrary.org/b/id/8244458-L.jpg,,,
2323,Héroïde,Ovide,Poésie,Matériel en langue latine,,86,8.6,https://covers.openlibrary.org/b/id/341046-L.jpg,,,
2324,Le chat au chapeau,Dr Seuss,Poésie,Versets absurdes,,85,8.5,https://covers.openlibrary.org/b/id/11342-L.jpg,,,
2325,Livre de Desassossego,Fernando Pessoa,Poésie,Poètes portugais,,85,8.5,https://covers.openlibrary.org/b/id/900685-L.jpg,,,
2326,La tombe,Robert Blair,Poésie,La mort,,83,8.3,https://covers.openlibrary.org/b/id/5888425-L.jpg,,,
2327,Lucile,Robert Bulwer Lytton,Poésie,poésie anglaise,,83,8.3,https://covers.openlibrary.org/b/id/8242305-L.jpg,,,
2328,Poèmes d'Ossian.,Ossian,Poésie,Faux et mystifications littéraires,,81,8.1,https://covers.openlibrary.org/b/id/12942615-L.jpg,,,
2329,"Le Naufrage, un poème",William Fauconnier,Poésie,Naufrages,,78,7.8,https://covers.openlibrary.org/b/id/7217209-L.jpg,,,
2330,Dunciade,Alexandre Pape,Poésie,Paternité,,77,7.7,https://covers.openlibrary.org/b/id/14445077-L.jpg,,,
2331,Sagesse,Édouard Wilkinson,Poésie,Poésie,,76,7.6,,,,
2332,Les saisons,James Thompson,Poésie,Saisons,,76,7.6,,,,
2333,Essai sur la critique,Alexandre Pape,Poésie,poésie anglaise,,76,7.6,https://covers.openlibrary.org/b/id/14538209-L.jpg,,,
2334,Vep'xistqaosani,Shota Rustaveli,Poésie,Traductions en anglais,,75,7.5,https://covers.openlibrary.org/b/id/1889599-L.jpg,,,
2335,Marmion,Monsieur Walter Scott,Poésie,Flodé,Bataille de,75,7.5,https://covers.openlibrary.org/b/id/8250493-L.jpg,Angleterre,1513,
2336,Les cinq nations,Rudyard Kipling,Poésie,Poésie,,74,7.4,https://covers.openlibrary.org/b/id/5777911-L.jpg,,,
2337,Poèmes,John Greenleaf Whittier,Poésie,Poésie,,74,7.4,https://covers.openlibrary.org/b/id/8244546-L.jpg,,,
2338,De profondis,Oscar Wilde,Poésie,Correspondance,,74,7.4,https://covers.openlibrary.org/b/id/8243932-L.jpg,,,
2339,Un garçon du Shropshire,A.E. Housman,Poésie,Poésie,,74,7.4,https://covers.openlibrary.org/b/id/8231549-L.jpg,,,
2340,La vie et la mort de Jason,William Morris,Poésie,Poésie,,74,7.4,https://covers.openlibrary.org/b/id/5673946-L.jpg,,,
2341,Vénus et Adonis,Guillaume Shakespeare,Poésie,Poésie,,74,7.4,https://covers.openlibrary.org/b/id/8982674-L.jpg,,,
2342,Pensées nocturnes,Édouard Jeune,Poésie,Poésie didactique anglaise,,73,7.3,https://covers.openlibrary.org/b/id/6368588-L.jpg,,,
2343,Amours,Ovide,Poésie,Poésie d'amour latine,,73,7.3,https://covers.openlibrary.org/b/id/8783173-L.jpg,,,
2344,Poèmes de Thomas Hood,Thomas Hood,Poésie,Esprit et humour anglais,,73,7.3,https://covers.openlibrary.org/b/id/7006350-L.jpg,,,
2345,Ballades lyriques,William Wordsworth,Poésie,Poésie anglaise,,73,7.3,https://covers.openlibrary.org/b/id/8246253-L.jpg,,,
2346,Poèmes,Seigneur Byron,Poésie,Poètes anglais,,72,7.2,https://covers.openlibrary.org/b/id/5788266-L.jpg,,,
2347,Les chansons de Bilitis,Pierre Louÿs,Poésie,poésie,,71,7.1,https://covers.openlibrary.org/b/id/310414-L.jpg,,,
2348,Le prélude,William Wordsworth,Poésie,Poésie,,69,6.9,https://covers.openlibrary.org/b/id/7153082-L.jpg,,,
2349,don Juan,Seigneur Byron,Poésie,Don Juan (personnage légendaire),,69,6.9,https://covers.openlibrary.org/b/id/5587060-L.jpg,,,
2350,Orlando furieux,Lodovico Ariosto,Poésie,Roland (personnage légendaire),,68,6.8,https://covers.openlibrary.org/b/id/6972283-L.jpg,,,
2351,La cour de Miles Standish,Henry Wadsworth Longfellow,Poésie,Poètes américains,,68,6.8,https://covers.openlibrary.org/b/id/8242864-L.jpg,,,
2352,Jeton pour les enfants,James Janeway,Poésie,Enfants,,67,6.7,https://covers.openlibrary.org/b/id/5574088-L.jpg,,,
2353,Chansons de cowboy et autres ballades frontalières,John Avery Lomax,Poésie,Cowboys,,66,6.6,https://covers.openlibrary.org/b/id/5711536-L.jpg,,,
2354,Effi Briest,Théodore Fontane,Poésie,Fiction,,65,6.5,https://covers.openlibrary.org/b/id/756212-L.jpg,,,
2355,Enéidos,Publius Vergilius Maro,Poésie,Poésie,,64,6.4,https://covers.openlibrary.org/b/id/5945112-L.jpg,,,
2356,Poèmes,Federico García Lorca,Poésie,Poésie d'amour espagnole,,64,6.4,https://covers.openlibrary.org/b/id/3837453-L.jpg,,,
2357,Le livre du vieux Possum sur les chats pratiques,T.S. Eliot,Poésie,Chats,,64,6.4,https://covers.openlibrary.org/b/id/1015632-L.jpg,,,
2358,Ma vie secrète,Walter,Poésie,Littérature classique,,64,6.4,https://covers.openlibrary.org/b/id/6685979-L.jpg,,,
2359,Les aventures comiques de la vieille mère Hubbard et de son chien,Sarah Catherine Martin,Poésie,Poésie pour enfants,,64,6.4,https://covers.openlibrary.org/b/id/5080744-L.jpg,,,
2360,Poèmes de la vie rurale,William Barnes,Poésie,La vie à la campagne,,63,6.3,https://covers.openlibrary.org/b/id/5744212-L.jpg,,,
2361,Quand nous étions très jeunes,A.A. Milne,Poésie,Poésie pour enfants,,63,6.3,https://covers.openlibrary.org/b/id/101956-L.jpg,,,
2362,Tristia,Ovide,Poésie,Poésie,,63,6.3,https://covers.openlibrary.org/b/id/1131278-L.jpg,,,
2363,Opéra P. Virgilii Maronis,Publius Vergilius Maro,Poésie,Poésie,,62,6.2,https://covers.openlibrary.org/b/id/9582984-L.jpg,,,
2364,"Tarte au paon, un livre de comptines",Walter De la Mare,Poésie,Poésie pour enfants,,61,6.1,https://covers.openlibrary.org/b/id/5715195-L.jpg,,,
2365,Le livre des bêtes du mauvais enfant,Hilaire Belloc,Poésie,Animaux,,61,6.1,https://covers.openlibrary.org/b/id/8244596-L.jpg,,,
2366,Arcadie,Sir Philippe Sidney,Poésie,Littérature classique,,61,6.1,https://covers.openlibrary.org/b/id/8231453-L.jpg,,,
2367,Héroïde,Ovide,Poésie,Poésie,,61,6.1,https://covers.openlibrary.org/b/id/8236969-L.jpg,,,
2368,Poèmes d'apparition,Adam Fielded,Poésie,poésie,,61,6.1,https://covers.openlibrary.org/b/id/7289642-L.jpg,,,
2369,Vers la démocratie,Édouard Charpentier,Poésie,Démocratie,,61,6.1,https://covers.openlibrary.org/b/id/5893796-L.jpg,,,
2370,Les contemplations,Victor Hugo,Poésie,Poésie Francesa,,60,6,https://covers.openlibrary.org/b/id/8247081-L.jpg,,,
2371,Poèmes,D.H. Lawrence,Poésie,Poésie pour enfants,Anglais,60,6,https://covers.openlibrary.org/b/id/3992494-L.jpg,,,
2372,Critique pratique,I.A. Richards,Poésie,Histoire et critique,,60,6,https://covers.openlibrary.org/b/id/525971-L.jpg,,,
2373,Personnages de Théophraste,Théophraste,Poésie,Éthique ancienne,,60,6,https://covers.openlibrary.org/b/id/5696896-L.jpg,,,
2374,Cúirt an Mheadhon Oidhche,Brian Merriman,Poésie,Poésie,,60,6,https://covers.openlibrary.org/b/id/907283-L.jpg,,,
2375,Samson Agonistes,John Milton,Poésie,Poésie,,60,6,https://covers.openlibrary.org/b/id/7019936-L.jpg,,,
2376,La pucelle d'Orléans,Voltaire,Poésie,Manuscrits français,,59,5.9,https://covers.openlibrary.org/b/id/12996821-L.jpg,,,
2377,Chant à Mi Mismo,Walt Whitman,Poésie,Critique textuelle,,59,5.9,https://covers.openlibrary.org/b/id/8124404-L.jpg,,,
2378,Ars poétique,Horace,Poésie,Premiers travaux vers 1800,,59,5.9,https://covers.openlibrary.org/b/id/997355-L.jpg,,,
2379,Des rimes révoltantes,Roald Dahl,Poésie,Contes de fées,,58,5.8,https://covers.openlibrary.org/b/id/9176010-L.jpg,,,
2380,Le progrès du pèlerin,John Bunyan,Santé,Bibliographie,,683,68.3,https://covers.openlibrary.org/b/id/8229224-L.jpg,,,
2381,Médecine domestique,"William Buchan, M.D.",Santé,Enfants,,201,20.1,https://covers.openlibrary.org/b/id/6129497-L.jpg,,,
2382,La science du bien-être,Wallace D. Wattles,Santé,Non-fiction,,65,6.5,https://covers.openlibrary.org/b/id/2009980-L.jpg,,,
2383,En forme et bien,Thomas D.Fahey,Santé,Santé,,60,6,https://covers.openlibrary.org/b/id/10663802-L.jpg,,,
2384,Merveille,R. J. Palacio,Santé,santé,,55,5.5,https://covers.openlibrary.org/b/id/8223160-L.jpg,,,
2385,Nutrition,Lori A.Smolin,Santé,Nutrition,,45,4.5,https://covers.openlibrary.org/b/id/10679904-L.jpg,,,
2386,Les plaisirs de l'imagination,Mark Akenside,Santé,Imagination,,44,4.4,https://covers.openlibrary.org/b/id/2052511-L.jpg,,,
2387,La nutrition & vous : concepts fondamentaux pour une bonne santé,Joan Salge Blake,Santé,Nutrition,,43,4.3,https://covers.openlibrary.org/b/id/9504993-L.jpg,,,
2388,Nation de la restauration rapide,Éric Schlosser,Santé,politique,,39,3.9,https://covers.openlibrary.org/b/id/8392930-L.jpg,,,
2389,Sciences et santé,Mary Baker Eddy,Santé,Science Chrétienne,,39,3.9,https://covers.openlibrary.org/b/id/675369-L.jpg,,,
2390,Vie sexuelle saine et vie sexuelle saine,Harland William Long,Santé,Hygiène,Sexuel,37,3.7,https://covers.openlibrary.org/b/id/2892822-L.jpg,,,
2391,Quand le souffle devient air,Paul Kalanithi,Santé,philosophie,,35,3.5,https://covers.openlibrary.org/b/id/11463139-L.jpg,,,
2392,En forme pour la vie,Marilyn Diamant,Santé,Réduire les régimes,,32,3.2,https://covers.openlibrary.org/b/id/6688167-L.jpg,,,
2393,Un million de petits morceaux,James Frey,Santé,Les toxicomanes,,30,3,https://covers.openlibrary.org/b/id/242446-L.jpg,,,
2394,Joni,Joni EarecksonTada,Santé,Biographie,,30,3,https://covers.openlibrary.org/b/id/170240-L.jpg,,,
2395,Les tout-petits conscients,Whitney Stewart,Santé,Santé publique,,29,2.9,https://covers.openlibrary.org/b/id/14766362-L.jpg,,,
2396,Ohole Shem (Otsar pisḳe nedarim),Mikha'el ben Yossef Perets,Santé,Bénédiction,,28,2.8,,,,
2397,La vie immortelle d'Henrietta Lacks,Rebecca Skloot,Santé,Cancer,,25,2.5,https://covers.openlibrary.org/b/id/8364866-L.jpg,,,
2398,Forme physique et bien-être tout au long de la vie,Werner W.K. Hoeger,Santé,Promotion de la santé,,25,2.5,https://covers.openlibrary.org/b/id/6614912-L.jpg,,,
2399,Prescription pour la guérison nutritionnelle,James F. Balch,Santé,Nutrition,,25,2.5,https://covers.openlibrary.org/b/id/4021092-L.jpg,,,
2400,L'art de préserver la santé,John Armstrong,Santé,Premiers travaux vers 1800,,25,2.5,https://covers.openlibrary.org/b/id/4436284-L.jpg,,,
2401,Premier livre de physiologie et d'hygiène,John Harvey Kellogg,Santé,Littérature jeunesse,,24,2.4,https://covers.openlibrary.org/b/id/1921764-L.jpg,,,
2402,Nutrition,Mary B. Grosvenor,Santé,Nutrition,,24,2.4,https://covers.openlibrary.org/b/id/11505794-L.jpg,,,
2403,"Soyez en forme, restez en bonne santé !",Janet L. Hopson,Santé,Santé,,23,2.3,https://covers.openlibrary.org/b/id/9899118-L.jpg,,,
2404,Science et santé avec la clé des Écritures,Mary Baker Eddy,Santé,aspects religieux de la santé,,23,2.3,https://covers.openlibrary.org/b/id/7242787-L.jpg,,,
2405,Manuel santé,Donald W. Kemper,Santé,Prestation des soins de santé,,22,2.2,https://covers.openlibrary.org/b/id/6511211-L.jpg,,,
2406,C'est parfaitement normal,Robie H. Harris,Santé,Éducation sexuelle pour adolescents,,22,2.2,https://covers.openlibrary.org/b/id/7099246-L.jpg,,,
2407,Bible des vitamines,Comte Mindell,Santé,Santé,,22,2.2,https://covers.openlibrary.org/b/id/9712339-L.jpg,,,
2408,"Défense, système intégré multi-capteurs",Israël.,Santé,Assistance militaire américaine,,21,2.1,,,,
2409,L'art de vivre longtemps,Luigi Cornaro,Santé,Longévité,,20,2,https://covers.openlibrary.org/b/id/10939799-L.jpg,,,
2410,Résurrection du corps,F. Matthias Alexandre,Santé,Technique Alexandre,,20,2,https://covers.openlibrary.org/b/id/9308148-L.jpg,,,
2411,Santé,Rebecca J.Donatelle,Santé,Hygiène,,20,2,,,,
2412,Principes et laboratoires pour la condition physique et le bien-être,Werner W.K. Hoeger,Santé,Manuels,,20,2,https://covers.openlibrary.org/b/id/6696013-L.jpg,,,
2413,Le gène,Siddhartha Mukherjee,Santé,génétique,,20,2,https://covers.openlibrary.org/b/id/11320163-L.jpg,,,
2414,La mort ne sois pas fière,John Gunther,Santé,Patients,,20,2,https://covers.openlibrary.org/b/id/36624-L.jpg,,,
2415,L'art du massage sensuel,Gordon Inkeles,Santé,Sensualité,,20,2,https://covers.openlibrary.org/b/id/740707-L.jpg,,,
2416,Gaspillé,Marya Hornbacher,Santé,Biographie,,19,1.9,https://covers.openlibrary.org/b/id/22660-L.jpg,,,
2417,Nutrition et forme physique,Lotta Jean Bogert,Santé,Nutrition,,19,1.9,https://covers.openlibrary.org/b/id/7155807-L.jpg,,,
2418,La peau et le toucher,Ashley Montague,Santé,Touche,,19,1.9,https://covers.openlibrary.org/b/id/3069243-L.jpg,,,
2419,Bien-être,David J.Anspaugh,Santé,Santé,,18,1.8,https://covers.openlibrary.org/b/id/5339248-L.jpg,,,
2420,Remise en forme et bien-être total,Scott K. Pouvoirs,Santé,Exercice,,18,1.8,https://covers.openlibrary.org/b/id/1177081-L.jpg,,,
2421,Une jambe sur laquelle se tenir,Olivier Sacs,Santé,Biographie,,18,1.8,https://covers.openlibrary.org/b/id/7156203-L.jpg,,,
2422,"Le traité de paix égypto-israélien, 26 mars 1979",Egypte.,Santé,Administration de la justice pénale,,18,1.8,,,,
2423,Peut-être que tu devrais parler à quelqu'un,Lori Gottlieb,Santé,Psychothérapeutes,,18,1.8,https://covers.openlibrary.org/b/id/8596019-L.jpg,,,
2424,Plans d'exercices de conditionnement physique de l'Aviation royale canadienne,Force aérienne royale canadienne,Santé,Gymnastique suédoise,,17,1.7,https://covers.openlibrary.org/b/id/10234894-L.jpg,,,
2425,Journal de recherche des contacts - une nécessité logique,JA Talkington,Santé,Santé,,17,1.7,,,,
2426,Bord de la médecine,Presse de la clinique Mayo,Santé,Science,,17,1.7,https://covers.openlibrary.org/b/id/14649036-L.jpg,,,
2427,Guide de guérison de l’épuisement professionnel,Richard C. Scepura,Santé,Santé,,16,1.6,https://covers.openlibrary.org/b/id/12419864-L.jpg,,,
2428,L'héritage suprême de l'homme,F. Matthias Alexandre,Santé,Guérison mentale,,16,1.6,https://covers.openlibrary.org/b/id/2871968-L.jpg,,,
2429,Rapport départemental,Grande-Bretagne. Ministère de la Santé,Santé,Dépenses publiques,,16,1.6,https://covers.openlibrary.org/b/id/12841435-L.jpg,,,
2430,Science du bien-être,Wallace Wattles,Santé,Santé,,16,1.6,,,,
2431,Vérité et beauté,Ann Patchett,Santé,Sarcome,d'Ewing,16,1.6,https://covers.openlibrary.org/b/id/1472334-L.jpg,,,
2432,Cerveau en feu,Susannah Cahalan,Santé,Santé mentale,,16,1.6,https://covers.openlibrary.org/b/id/10334788-L.jpg,,,
2433,Les Françaises ne grossissent pas,Mireille Guiliano,Santé,Santé et hygiène,,15,1.5,https://covers.openlibrary.org/b/id/227480-L.jpg,,,
2434,Prends soin de toi,Donald M. Vickery,Santé,Éducation du consommateur,,15,1.5,https://covers.openlibrary.org/b/id/135560-L.jpg,,,
2435,Hermippus redivivus,Johann Heinrich Cohausen,Santé,Occultisme,,15,1.5,https://covers.openlibrary.org/b/id/4436340-L.jpg,,,
2436,Journal de grossesse diabétique,Amanda Davis,Santé,Parentalité,,15,1.5,https://covers.openlibrary.org/b/id/14662935-L.jpg,,,
2437,Les femmes qui dirigent,Tamira-Luc,Santé,Techniques d'auto-assistance,,15,1.5,https://covers.openlibrary.org/b/id/13849962-L.jpg,,,
2438,Pratique de la santé publique en Australie,Viviane Lin,Santé,Services sociaux et protection sociale,,15,1.5,https://covers.openlibrary.org/b/id/13092329-L.jpg,,,
2439,Focus sur la santé,Dale B. Hahn,Santé,Santé,,15,1.5,https://covers.openlibrary.org/b/id/4248301-L.jpg,,,
2440,La raison d'une fleur,Ruth Heller,Santé,Littérature jeunesse,,15,1.5,https://covers.openlibrary.org/b/id/288984-L.jpg,,,
2441,Parfois je me sens en colère,Jaclyn Jaycox,Santé,Psychologie,,15,1.5,,,,
2442,Parfois je me sens heureux,Jaclyn Jaycox,Santé,Psychologie,,15,1.5,,,,
2443,Parfois je me sens inquiet,Jaclyn Jaycox,Santé,Santé,littérature jeunesse,15,1.5,,,,
2444,Parfois je me sens triste,Jaclyn Jaycox,Santé,Émotions,littérature jeunesse,15,1.5,,,,
2445,La bonne gouvernante,Sarah Josepha Hale,Santé,Cuisine,,15,1.5,https://covers.openlibrary.org/b/id/6018262-L.jpg,,,
2446,A l'ami qui ne m'a pas sauvé la vie,Hervé Guibert,Santé,SIDA (Maladie),,15,1.5,https://covers.openlibrary.org/b/id/900393-L.jpg,,,
2447,L'art de vivre en Australie,Philip E. Muskett,Santé,Cuisine australienne,,14,1.4,https://covers.openlibrary.org/b/id/5625750-L.jpg,,,
2448,Répertoire d’informations médicales et de santé,Karen Backus,Santé,USHealth (Programme),,14,1.4,https://covers.openlibrary.org/b/id/6640367-L.jpg,,,
2449,Être en désordre,Joy Berry,Santé,Littérature jeunesse,,14,1.4,https://covers.openlibrary.org/b/id/6978528-L.jpg,,,
2450,Psychologie positive,Alan Carr,Santé,Psychologie,,14,1.4,https://covers.openlibrary.org/b/id/14762499-L.jpg,,,
2451,Votre vie,John Foster,Santé,Étude et enseignement (secondaire),,14,1.4,https://covers.openlibrary.org/b/id/10934482-L.jpg,,,
2452,Le livre de la vie,Upton Sinclair,Santé,Vie,,14,1.4,https://covers.openlibrary.org/b/id/5718386-L.jpg,,,
2453,Pratique du travail social en santé mentale,Robert Bland,Santé,Services sociaux et protection sociale,,14,1.4,https://covers.openlibrary.org/b/id/14161373-L.jpg,,,
2454,Accès à la santé,Rebecca J.Donatelle,Santé,Santé,,14,1.4,https://covers.openlibrary.org/b/id/10368005-L.jpg,,,
2455,Une invitation à la santé,Dianne R. Hales,Santé,Soins auto-administrés,Santé,14,1.4,https://covers.openlibrary.org/b/id/5291314-L.jpg,,,
2456,Manuel de contraception et de santé sexuelle,Suzanne Everett,Santé,Konssjukdomar,,14,1.4,https://covers.openlibrary.org/b/id/7991963-L.jpg,,,
2457,Comprendre votre santé,Wayne A. Payne,Santé,Étudiants du Collège,,14,1.4,https://covers.openlibrary.org/b/id/4264075-L.jpg,,,
2458,"Oh, mon dos me fait mal",Racine de Léon,Santé,Mal au dos,,14,1.4,https://covers.openlibrary.org/b/id/13238632-L.jpg,,,
2459,Santé personnelle et communautaire,"Turner, C.E.",Santé,Santé publique,,14,1.4,https://covers.openlibrary.org/b/id/8471379-L.jpg,,,
2460,Sur l'état de la santé publique,Ministère de la Santé et de la Sécurité sociale de Grande-Bretagne,Santé,Santé,,13,1.3,https://covers.openlibrary.org/b/id/10594475-L.jpg,,,
2461,Une semaine dans la zone,Barry Sears,Santé,Vieillissement,,13,1.3,https://covers.openlibrary.org/b/id/43592-L.jpg,,,
2462,Le livre du corps des adolescents,Kathy McCoy,Santé,Adolescence,,13,1.3,https://covers.openlibrary.org/b/id/6568419-L.jpg,,,
2463,Santé parfaite,Deepak Chopra,Santé,Médecine psychosomatique,,13,1.3,https://covers.openlibrary.org/b/id/390929-L.jpg,,,
2464,Principes et travaux pratiques pour la condition physique,Werner W.K. Hoeger,Santé,Santé,,13,1.3,https://covers.openlibrary.org/b/id/10663769-L.jpg,,,
2465,Toujours à la recherche,Michael J. Fox,Santé,Acteurs,,13,1.3,https://covers.openlibrary.org/b/id/6306047-L.jpg,,,
2466,"La femme tremblante, ou, une histoire de mes nerfs",Siri Hustvedt,Santé,Patients,,13,1.3,https://covers.openlibrary.org/b/id/6297314-L.jpg,,,
2467,Le bruit d'un escargot sauvage en train de manger,Elisabeth Tova Bailey,Santé,Anecdotes,,13,1.3,https://covers.openlibrary.org/b/id/6596388-L.jpg,,,
2468,Choisir la santé,Avril Lynch,Santé,Santé,,13,1.3,https://covers.openlibrary.org/b/id/10117323-L.jpg,,,
2469,Une théorie générale du changement institutionnel,Expédition Tang,Santé,Changement organisationnel,,13,1.3,https://covers.openlibrary.org/b/id/8653210-L.jpg,,,
2470,Méthodes quantitatives pour la recherche en santé,Nigel Bruce,Santé,Recherche,,13,1.3,https://covers.openlibrary.org/b/id/9233288-L.jpg,,,
2471,Manuel de planification des soins de vie et de gestion de cas,Roger O. Weed,Santé,Planification des soins de vie,,13,1.3,https://covers.openlibrary.org/b/id/1925572-L.jpg,,,
2472,Conférences sur l'alimentation et le régime,A.F.M. Willich,Santé,Régime,,13,1.3,https://covers.openlibrary.org/b/id/6042691-L.jpg,,,
2473,Temps emprunté,Paul Monette,Santé,Santé,,12,1.2,https://covers.openlibrary.org/b/id/112476-L.jpg,,,
2474,"Propriété intellectuelle, médecine et santé",Johanna Gibson,Santé,Propriété intellectuelle (Droit international),,12,1.2,https://covers.openlibrary.org/b/id/10233739-L.jpg,,,
2475,Miracles pratiques pour Mars et Vénus,John Gray,Santé,Nouvel Âge,,12,1.2,https://covers.openlibrary.org/b/id/41465-L.jpg,,,
2476,CIM-10-PCS,Lynn Kuehn,Santé,Santé,,12,1.2,,,,
2477,Un guide de santé,Mohandas Karamchand Gandhi,Santé,Santé,,12,1.2,https://covers.openlibrary.org/b/id/11235110-L.jpg,,,
2478,Vivre en pleine catastrophe,Jon Kabat Zinn,Santé,Santé mentale,,12,1.2,https://covers.openlibrary.org/b/id/10829194-L.jpg,,,
2479,Invitation à la santé,Dianne Hales,Santé,Soins auto-administrés,santé,12,1.2,,,,
2480,QuaverWellness - Partie 1 - Santé,QuaverEd,Santé,Éducation,,12,1.2,,,,
2481,Énergie illimitée,Deepak Chopra,Santé,Traitement alternatif,,12,1.2,https://covers.openlibrary.org/b/id/323206-L.jpg,,,
2482,Un essai de santé et de longue vie,Georges Cheyne,Santé,Premiers travaux vers 1800,,12,1.2,https://covers.openlibrary.org/b/id/4436312-L.jpg,,,
2483,Anatomie d'une maladie telle que perçue par le patient,Cousins ​​normands,Santé,ARCP,,12,1.2,https://covers.openlibrary.org/b/id/5290961-L.jpg,,,
2484,Le moment de ma vie,Patrick Swayze,Santé,Biographie,,12,1.2,https://covers.openlibrary.org/b/id/6450373-L.jpg,,,
2485,La vie à la chambre des malades,Harriet Martineau,Santé,Conduite de vie,,12,1.2,https://covers.openlibrary.org/b/id/770323-L.jpg,,,
2486,Cancer du cancer,Fran Drescher,Santé,Patients,,12,1.2,https://covers.openlibrary.org/b/id/6805300-L.jpg,,,
2487,Qualité de vie,Peter M. Fayers,Santé,Évaluation des résultats (soins de santé),,12,1.2,https://covers.openlibrary.org/b/id/1252395-L.jpg,,,
2488,Le monde jaune,Albert Espinosa,Santé,Patients,,12,1.2,https://covers.openlibrary.org/b/id/8235110-L.jpg,,,
2489,Super cerveau,Deepak Chopra,Santé,Cerveau,,12,1.2,https://covers.openlibrary.org/b/id/8780870-L.jpg,,,
2490,Guérison spontanée,André Weil,Santé,Rapports de cas,,12,1.2,https://covers.openlibrary.org/b/id/418164-L.jpg,,,
2491,Évaluation avancée de la condition physique et prescription d’exercices,Vivian H.Heyward,Santé,Essai,,12,1.2,https://covers.openlibrary.org/b/id/1364001-L.jpg,,,
2492,Les moyens les plus efficaces pour vivre plus longtemps,Jonny Bowden,Santé,Santé et remise en forme,,11,1.1,https://covers.openlibrary.org/b/id/10356948-L.jpg,,,
2493,Vieillesse différée,Arnold Lorand,Santé,Vieillissement,,11,1.1,https://covers.openlibrary.org/b/id/5644870-L.jpg,,,
2494,Santé Glencoe,Mary Bronson Merki,Santé,Éducation à la santé (secondaire),,11,1.1,https://covers.openlibrary.org/b/id/4998950-L.jpg,,,
2495,VOUS : Le manuel du propriétaire,Michael F. Roizen,Santé,Nutrition,,11,1.1,https://covers.openlibrary.org/b/id/7929362-L.jpg,,,
2496,La santé à la maison,Catherine M. Buckton,Santé,Littérature jeunesse,,11,1.1,https://covers.openlibrary.org/b/id/5762606-L.jpg,,,
2497,La loi et la santé publique,Kenneth R. Wing,Santé,Droit et législation,,11,1.1,https://covers.openlibrary.org/b/id/1909061-L.jpg,,,
2498,Physiopathologie,Jeanne Normand,Santé,Santé,,11,1.1,,,,
2499,Journaux de chiens de thérapie,Presse de la clinique Mayo,Santé,Famille,,11,1.1,https://covers.openlibrary.org/b/id/14644163-L.jpg,,,
